employee_id,first_name,last_name,corporate_email,gender,manager_id,hire_date,termination_date,termination_type,termination_reason,department,job_family,job_level,flsa_status,base_salary_usd,variable_pay_pct,work_state,eeo_ethnicity_category
EMP-0001,Mark,Johnson,mark.johnson@techcorp.com,Male,EMP-1322,2024-07-29,,,,Marketing,Demand Generation,IC4,Exempt,142000,0.0273,NY,Black or African American
EMP-0002,Denise,Walker,denise.walker@techcorp.com,Female,EMP-1745,2020-06-02,,,,Product,Product Operations,IC1,Exempt,77000,0.1153,CA,Asian
EMP-0003,Noah,Rhodes,noah.rhodes@techcorp.com,Male,EMP-1000,2022-01-15,,,,HR,Learning & Development,IC2,Exempt,110000,0.0517,IL,Hispanic or Latino
EMP-0004,Steven,Miller,steven.miller@techcorp.com,Male,EMP-1903,2023-07-31,,,,Finance,Tax,IC3,Exempt,113000,0.0255,IL,White
EMP-0005,Jennifer,Johnson,jennifer.johnson@techcorp.com,Female,EMP-2384,2019-01-01,,,,Engineering,Software Engineering,IC5,Exempt,166000,0.1158,CA,White
EMP-0006,Colleen,Wagner,colleen.wagner@techcorp.com,Female,EMP-2753,2025-04-17,,,,Finance,Accounting,IC4,Exempt,158000,0.1458,NY,White
EMP-0007,Alyssa,Gonzalez,alyssa.gonzalez@techcorp.com,Female,EMP-2971,2024-12-13,,,,Engineering,Data Engineering,M2,Exempt,180000,0.0769,TX,White
EMP-0008,Marie,Gardner,marie.gardner@techcorp.com,Female,EMP-2871,2023-01-18,,,,Sales,Enterprise Sales,IC1,Non-Exempt,78000,0.2978,CA,Two or More Races
EMP-0009,Daniel,Lawrence,daniel.lawrence@techcorp.com,Male,EMP-2620,2025-11-06,2026-06-05,Involuntary,Reorganization,HR,Talent Acquisition,IC3,Exempt,122000,0.0419,NY,White
EMP-0010,Robert,Smith,robert.smith@techcorp.com,Male,EMP-1714,2022-11-10,,,,Engineering,Data Engineering,IC1,Exempt,68000,0.0097,NY,Hispanic or Latino
EMP-0011,Renee,Wolfe,renee.wolfe@techcorp.com,Female,EMP-2240,2019-04-14,,,,Engineering,QA Engineering,IC2,Exempt,91000,0.0818,WA,White
EMP-0012,Gina,Moore,gina.moore@techcorp.com,Female,EMP-2384,2024-09-28,,,,Sales,Revenue Operations,IC3,Exempt,107000,0.2521,NJ,Two or More Races
EMP-0013,Tina,Rogers,tina.rogers@techcorp.com,Female,EMP-1345,2018-04-04,,,,HR,People Operations,IC1,Non-Exempt,70000,0.0763,CA,White
EMP-0014,Anna,Davis,anna.davis@techcorp.com,Female,EMP-0555,2025-07-05,,,,Marketing,Content Marketing,IC2,Exempt,89000,0.1738,IL,White
EMP-0015,Sarah,Munoz,sarah.munoz@techcorp.com,Female,EMP-2895,2025-10-09,,,,Marketing,Marketing Operations,IC4,Exempt,145000,0.0018,NJ,White
EMP-0016,Robert,Blair,robert.blair@techcorp.com,Male,EMP-2900,2024-11-30,,,,Engineering,Data Engineering,IC4,Exempt,157000,0.148,IL,Hispanic or Latino
EMP-0017,Kimberly,Dudley,kimberly.dudley@techcorp.com,Female,EMP-0336,2023-08-08,,,,Product,UX / Design,IC2,Exempt,83000,0.1455,NY,White
EMP-0018,Jamie,Arnold,jamie.arnold@techcorp.com,Female,EMP-0301,2019-05-30,,,,Sales,Customer Success,IC3,Exempt,130000,0.2888,CA,White
EMP-0019,Ronald,Montgomery,ronald.montgomery@techcorp.com,Male,EMP-2715,2022-01-30,,,,HR,Total Rewards,M1,Exempt,141000,0.0994,NJ,White
EMP-0020,Shannon,Ray,shannon.ray@techcorp.com,Female,EMP-1052,2021-10-07,,,,Engineering,Software Engineering,IC1,Exempt,79000,0.0688,NY,White
EMP-0021,Michele,Williams,michele.williams@techcorp.com,Female,EMP-2725,2021-03-13,2025-12-21,Voluntary,Compensation,Legal,Privacy & Data,M1,Exempt,152000,0.0702,IL,Asian
EMP-0022,Darren,Roberts,darren.roberts@techcorp.com,Male,EMP-2451,2018-03-09,,,,Marketing,Demand Generation,IC4,Exempt,158000,0.1202,FL,Hispanic or Latino
EMP-0023,Angela,Hall,angela.hall@techcorp.com,Female,EMP-2970,2020-05-17,,,,Marketing,Content Marketing,IC2,Exempt,121000,0.0993,CA,Black or African American
EMP-0024,Brian,Ramirez,brian.ramirez@techcorp.com,Male,EMP-2665,2020-07-06,2025-05-12,Voluntary,Personal Reasons,Engineering,Infrastructure / DevOps,IC1,Exempt,68000,0.1319,CA,Black or African American
EMP-0025,Madison,Diaz,madison.diaz@techcorp.com,Female,EMP-2887,2023-10-27,,,,Engineering,Infrastructure / DevOps,M3,Exempt,232000,0.15,TX,White
EMP-0026,Jacob,Clark,jacob.clark@techcorp.com,Male,EMP-2459,2024-06-24,,,,Legal,Privacy & Data,IC3,Exempt,112000,0.0843,WA,White
EMP-0027,Debra,Zuniga,debra.zuniga@techcorp.com,Female,EMP-0338,2020-12-01,,,,Engineering,Infrastructure / DevOps,IC1,Exempt,63000,0.0484,CA,White
EMP-0028,Matthew,Lynch,matthew.lynch@techcorp.com,Male,EMP-2429,2019-09-19,,,,HR,Talent Acquisition,IC1,Non-Exempt,72000,0.0652,WA,White
EMP-0029,Christopher,Daniel,christopher.daniel@techcorp.com,Male,EMP-1474,2023-02-02,2026-05-28,Voluntary,Career Move,HR,Total Rewards,M1,Exempt,162000,0.0783,CA,White
EMP-0030,Christopher,Gray,christopher.gray@techcorp.com,Male,EMP-1249,2021-03-02,,,,HR,Total Rewards,IC5,Exempt,210000,0.0111,NY,White
EMP-0031,William,Bowman,william.bowman@techcorp.com,Male,EMP-2370,2022-09-16,,,,Engineering,Security Engineering,M1,Exempt,161000,0.095,NY,White
EMP-0032,Kristin,Cohen,kristin.cohen@techcorp.com,Female,EMP-0878,2025-05-25,,,,Engineering,Infrastructure / DevOps,IC5,Exempt,182000,0.1282,CA,White
EMP-0033,Sarah,Parsons,sarah.parsons@techcorp.com,Female,EMP-2361,2024-09-23,2026-06-16,Voluntary,Career Move,Engineering,Infrastructure / DevOps,IC4,Exempt,148000,0.0783,CA,White
EMP-0034,Crystal,Johnson,crystal.johnson@techcorp.com,Female,EMP-1348,2018-05-01,,,,Engineering,QA Engineering,Director,Exempt,228000,0.15,FL,White
EMP-0035,Emily,Adams,emily.adams@techcorp.com,Female,EMP-0404,2019-01-12,,,,Product,UX / Design,IC2,Exempt,103000,0.0978,NY,Black or African American
EMP-0036,Christine,Hahn,christine.hahn@techcorp.com,Female,EMP-0742,2026-01-17,,,,Finance,Tax,IC3,Exempt,134000,0.0154,NJ,White
EMP-0037,Sherri,Edwards,sherri.edwards@techcorp.com,Female,EMP-1537,2026-02-05,2026-04-25,Voluntary,Compensation,Engineering,Security Engineering,M1,Exempt,145000,0.0669,TX,White
EMP-0038,Mary,Foster,mary.foster@techcorp.com,Female,EMP-0039,2021-12-16,,,,Sales,Enterprise Sales,IC5,Exempt,166000,0.2548,NY,Black or African American
EMP-0039,Thomas,Ellis,thomas.ellis@techcorp.com,Male,EMP-1230,2020-02-01,2020-04-15,Involuntary,Performance,Sales,Enterprise Sales,M1,Exempt,139000,0.1038,NY,White
EMP-0040,Derek,Wright,derek.wright@techcorp.com,Male,EMP-0844,2023-03-22,,,,Engineering,Infrastructure / DevOps,IC4,Exempt,149000,0.1348,TX,White
EMP-0041,Justin,Baker,justin.baker@techcorp.com,Male,EMP-2453,2025-07-12,2026-06-05,Voluntary,Compensation,Product,Product Management,IC5,Exempt,198000,0.0969,FL,White
EMP-0042,Lauren,Hurst,lauren.hurst@techcorp.com,Female,EMP-0794,2022-04-18,,,,Product,Product Management,IC3,Exempt,121000,0.0428,TX,Black or African American
EMP-0043,Jennifer,Robinson,jennifer.robinson@techcorp.com,Female,EMP-1714,2021-10-13,,,,Engineering,Software Engineering,IC2,Exempt,82000,0.0143,NJ,Hispanic or Latino
EMP-0044,Zachary,Hicks,zachary.hicks@techcorp.com,Male,EMP-2493,2022-06-28,,,,Legal,Corporate Legal,IC2,Exempt,94000,0.0843,TX,White
EMP-0045,Brandon,Williams,brandon.williams@techcorp.com,Male,EMP-1537,2019-02-25,,,,Engineering,Software Engineering,IC2,Exempt,87000,0.1238,CA,Two or More Races
EMP-0046,Brian,Burton,brian.burton@techcorp.com,Male,EMP-0300,2018-08-04,,,,Engineering,QA Engineering,IC2,Exempt,102000,0.0065,CA,White
EMP-0047,Rebecca,Henderson,rebecca.henderson@techcorp.com,Female,EMP-2497,2022-04-04,2025-08-12,Involuntary,Reorganization,Engineering,QA Engineering,IC1,Exempt,74000,0.1387,TX,White
EMP-0048,Amy,James,amy.james@techcorp.com,Female,EMP-1714,2025-02-21,,,,Legal,Privacy & Data,IC2,Exempt,97000,0.0226,CA,White
EMP-0049,Whitney,Rice,whitney.rice@techcorp.com,Female,EMP-0133,2021-04-28,,,,Sales,Account Management,IC5,Exempt,212000,0.2589,CA,Hispanic or Latino
EMP-0050,Tricia,Valencia,tricia.valencia@techcorp.com,Female,EMP-1474,2020-02-09,,,,Sales,Revenue Operations,IC3,Exempt,133000,0.1022,TX,White
EMP-0051,Adam,Le,adam.le@techcorp.com,Male,EMP-1362,2023-01-28,,,,Sales,Customer Success,IC2,Non-Exempt,93000,0.245,CA,White
EMP-0052,Melanie,Herrera,melanie.herrera@techcorp.com,Female,EMP-2429,2024-06-22,,,,Product,Product Operations,IC2,Exempt,83000,0.0691,CA,White
EMP-0053,Derek,Davidson,derek.davidson@techcorp.com,Male,EMP-2392,2020-12-28,,,,Product,UX / Design,IC2,Exempt,92000,0.0753,NY,White
EMP-0054,Ashley,Graham,ashley.graham@techcorp.com,Female,EMP-0856,2018-08-06,,,,Sales,Revenue Operations,M3,Exempt,221000,0.1647,TX,Hispanic or Latino
EMP-0055,Jesse,Mckay,jesse.mckay@techcorp.com,Male,EMP-1535,2023-07-15,2023-10-26,Voluntary,Career Move,Engineering,Infrastructure / DevOps,IC4,Exempt,146000,0.1022,TX,Asian
EMP-0056,Sherri,Baker,sherri.baker@techcorp.com,Female,EMP-0924,2018-09-27,,,,Marketing,Marketing Operations,IC5,Exempt,189000,0.0408,TX,Hispanic or Latino
EMP-0057,Jonathan,White,jonathan.white@techcorp.com,Male,EMP-2907,2023-07-22,2024-09-03,Voluntary,Compensation,Sales,Sales Development,IC1,Non-Exempt,63000,0.1009,TX,Hispanic or Latino
EMP-0058,Thomas,Harrell,thomas.harrell@techcorp.com,Male,EMP-2753,2024-12-23,,,,Sales,Revenue Operations,IC5,Exempt,207000,0.2631,FL,White
EMP-0059,Edwin,Fowler,edwin.fowler@techcorp.com,Male,EMP-0165,2025-06-21,,,,Engineering,Security Engineering,IC1,Exempt,69000,0.0031,WA,Black or African American
EMP-0060,Lee,Hernandez,lee.hernandez@techcorp.com,Male,EMP-1813,2018-02-09,,,,Sales,Customer Success,IC2,Non-Exempt,96000,0.1685,CA,Black or African American
EMP-0061,Phillip,Ryan,phillip.ryan@techcorp.com,Male,,2023-11-22,,,,HR,Learning & Development,VP,Exempt,297000,0.1423,CA,White
EMP-0062,Paula,Moreno,paula.moreno@techcorp.com,Female,EMP-1249,2022-02-01,2026-03-02,Involuntary,Performance,HR,Learning & Development,IC4,Exempt,135000,0.0874,FL,Black or African American
EMP-0063,April,Nguyen,april.nguyen@techcorp.com,Female,EMP-2384,2022-01-03,2024-03-16,Voluntary,Personal Reasons,Engineering,Security Engineering,IC3,Exempt,106000,0.0866,FL,White
EMP-0064,Alec,Hickman,alec.hickman@techcorp.com,Male,EMP-1648,2025-01-11,,,,Finance,Internal Audit,IC4,Exempt,157000,0.0674,WA,White
EMP-0065,Sherry,Decker,sherry.decker@techcorp.com,Female,EMP-1745,2021-09-18,,,,Marketing,Demand Generation,M1,Exempt,151000,0.078,CA,White
EMP-0066,Elizabeth,Brown,elizabeth.brown@techcorp.com,Female,EMP-1355,2021-11-22,,,,Engineering,QA Engineering,IC5,Exempt,178000,0.0013,IL,White
EMP-0067,Shawn,Arroyo,shawn.arroyo@techcorp.com,Male,EMP-1382,2021-03-26,,,,Engineering,Security Engineering,IC2,Exempt,100000,0.0528,CA,White
EMP-0068,Bradley,Tucker,bradley.tucker@techcorp.com,Male,EMP-0885,2018-07-24,,,,Sales,Enterprise Sales,IC3,Exempt,127000,0.2697,NJ,White
EMP-0069,Andrea,Hodges,andrea.hodges@techcorp.com,Female,EMP-1950,2018-11-27,,,,Engineering,QA Engineering,IC2,Exempt,85000,0.138,NY,Black or African American
EMP-0070,Pamela,Anderson,pamela.anderson@techcorp.com,Female,EMP-1990,2019-12-11,,,,Product,Product Operations,IC3,Exempt,122000,0.1314,NJ,White
EMP-0071,John,Pierce,john.pierce@techcorp.com,Male,EMP-1592,2018-12-17,,,,Legal,Compliance,IC3,Exempt,121000,0.0468,TX,White
EMP-0072,Derek,Brennan,derek.brennan@techcorp.com,Male,EMP-1108,2022-09-19,2024-06-29,Involuntary,Reorganization,Finance,Treasury,M3,Exempt,218000,0.15,CA,Hispanic or Latino
EMP-0073,Jay,Lewis,jay.lewis@techcorp.com,Male,EMP-0864,2019-06-06,,,,Finance,Internal Audit,M1,Exempt,160000,0.0848,NY,Hispanic or Latino
EMP-0074,Joshua,Blair,joshua.blair@techcorp.com,Male,EMP-0645,2018-12-13,,,,HR,Talent Acquisition,IC2,Exempt,95000,0.0146,CA,White
EMP-0075,Christina,Collins,christina.collins@techcorp.com,Female,EMP-2008,2023-10-16,,,,HR,Talent Acquisition,IC4,Exempt,149000,0.0967,CA,Black or African American
EMP-0076,Whitney,Santos,whitney.santos@techcorp.com,Female,EMP-2824,2020-04-02,2020-08-10,Involuntary,Reorganization,Marketing,Demand Generation,IC2,Exempt,82000,0.0275,IL,White
EMP-0077,Jessica,Holmes,jessica.holmes@techcorp.com,Female,EMP-0542,2022-05-20,,,,Sales,Account Management,M2,Exempt,197000,0.125,NY,White
EMP-0078,Barbara,Walker,barbara.walker@techcorp.com,Female,EMP-0973,2020-12-02,,,,Marketing,Marketing Operations,IC4,Exempt,154000,0.1547,TX,White
EMP-0079,George,Chapman,george.chapman@techcorp.com,Male,EMP-0271,2023-09-27,,,,Sales,Customer Success,IC2,Non-Exempt,91000,0.1701,NY,White
EMP-0080,Crystal,Robinson,crystal.robinson@techcorp.com,Female,EMP-0476,2022-10-07,,,,Engineering,Data Engineering,IC2,Exempt,81000,0.0686,TX,White
EMP-0081,Benjamin,Welch,benjamin.welch@techcorp.com,Male,EMP-1978,2025-05-15,,,,Finance,Accounting,IC4,Exempt,160000,0.0523,NY,White
EMP-0082,Darryl,Whitehead,darryl.whitehead@techcorp.com,Male,EMP-0175,2022-05-19,,,,HR,Learning & Development,IC2,Exempt,82000,0.0787,NY,Hispanic or Latino
EMP-0083,Scott,Jones,scott.jones@techcorp.com,Male,EMP-0419,2019-07-28,2026-04-09,Voluntary,Compensation,Finance,Internal Audit,IC3,Exempt,139000,0.0988,IL,White
EMP-0084,Cynthia,Caldwell,cynthia.caldwell@techcorp.com,Female,EMP-1691,2021-11-26,2022-07-31,Voluntary,Compensation,Marketing,Marketing Operations,M2,Exempt,187000,0.0727,CA,Black or African American
EMP-0085,Cindy,Anderson,cindy.anderson@techcorp.com,Female,EMP-0370,2023-05-06,,,,Finance,Tax,IC2,Exempt,99000,0.1472,NJ,Hispanic or Latino
EMP-0086,Taylor,Duncan,taylor.duncan@techcorp.com,Female,EMP-1546,2019-12-14,,,,HR,People Operations,IC2,Exempt,99000,0.0504,CA,Hispanic or Latino
EMP-0087,John,Mueller,john.mueller@techcorp.com,Male,,2018-10-26,,,,Product,UX / Design,VP,Exempt,356000,0.15,IL,Asian
EMP-0088,Robert,Lee,robert.lee@techcorp.com,Male,EMP-1355,2022-03-27,,,,Engineering,Data Engineering,IC4,Exempt,154000,0.0861,CA,White
EMP-0089,Anne,Jordan,anne.jordan@techcorp.com,Female,EMP-1363,2023-12-05,2024-01-09,Voluntary,Personal Reasons,Finance,Accounting,IC1,Non-Exempt,62000,0.0036,WA,White
EMP-0090,Jessica,Owens,jessica.owens@techcorp.com,Female,EMP-0194,2024-05-16,,,,Product,Product Operations,IC1,Exempt,77000,0.1241,FL,Asian
EMP-0091,Nicholas,Nunez,nicholas.nunez@techcorp.com,Male,EMP-0943,2021-12-31,,,,Legal,Employment Law,IC1,Non-Exempt,80000,0.0439,TX,Black or African American
EMP-0092,Victoria,Garcia,victoria.garcia@techcorp.com,Female,EMP-0391,2018-07-30,,,,Legal,Compliance,IC5,Exempt,191000,0.0821,NY,Black or African American
EMP-0093,James,Morgan,james.morgan@techcorp.com,Male,EMP-0037,2018-11-03,,,,Engineering,Infrastructure / DevOps,IC5,Exempt,180000,0.0706,IL,White
EMP-0094,Shannon,Wright,shannon.wright@techcorp.com,Female,EMP-0130,2020-12-13,,,,Engineering,Software Engineering,IC3,Exempt,106000,0.0632,CA,Black or African American
EMP-0095,Connor,West,connor.west@techcorp.com,Male,EMP-2186,2026-03-25,,,,Sales,Enterprise Sales,IC1,Non-Exempt,78000,0.2158,IL,White
EMP-0096,Javier,Ramirez,javier.ramirez@techcorp.com,Male,EMP-1199,2024-11-03,,,,Sales,Enterprise Sales,IC2,Non-Exempt,89000,0.2308,NY,Hispanic or Latino
EMP-0097,David,Leblanc,david.leblanc@techcorp.com,Male,,2023-07-28,2026-06-04,Voluntary,Career Move,Sales,Customer Success,VP,Exempt,344000,0.2025,NY,Black or African American
EMP-0098,Jeremy,Callahan,jeremy.callahan@techcorp.com,Male,EMP-0943,2022-10-27,2025-10-11,Involuntary,Performance,Legal,Privacy & Data,IC5,Exempt,163000,0.0116,CA,Hispanic or Latino
EMP-0099,Krista,Williams,krista.williams@techcorp.com,Female,EMP-0097,2018-03-03,,,,Product,Product Operations,Director,Exempt,235000,0.15,CA,White
EMP-0100,Yvonne,Huff,yvonne.huff@techcorp.com,Female,EMP-2171,2024-10-03,,,,Finance,Accounting,M1,Exempt,178000,0.0195,NY,Hispanic or Latino
EMP-0101,Sara,Allison,sara.allison@techcorp.com,Non-Binary / Third Gender,EMP-1354,2022-01-02,,,,HR,Total Rewards,IC2,Exempt,89000,0.0837,NY,White
EMP-0102,Christopher,Tucker,christopher.tucker@techcorp.com,Male,EMP-2283,2024-12-22,,,,Marketing,Product Marketing,IC5,Exempt,170000,0.0366,CA,Two or More Races
EMP-0103,Daniel,Morales,daniel.morales@techcorp.com,Male,EMP-1861,2020-05-13,,,,Marketing,Demand Generation,IC4,Exempt,149000,0.1469,CA,Two or More Races
EMP-0104,Amy,Gray,amy.gray@techcorp.com,Female,EMP-0133,2024-08-06,,,,Engineering,Security Engineering,IC3,Exempt,121000,0.1448,CA,Black or African American
EMP-0105,Victoria,Baker,victoria.baker@techcorp.com,Female,EMP-1592,2022-04-03,,,,Sales,Sales Development,IC2,Non-Exempt,105000,0.1831,FL,White
EMP-0106,Richard,Gibson,richard.gibson@techcorp.com,Male,EMP-1819,2020-12-11,,,,Sales,Customer Success,IC4,Exempt,171000,0.0568,FL,Hispanic or Latino
EMP-0107,Jenny,Bernard,jenny.bernard@techcorp.com,Female,EMP-2086,2023-12-31,,,,Sales,Revenue Operations,IC2,Non-Exempt,97000,0.2298,NJ,White
EMP-0108,Zachary,Peters,zachary.peters@techcorp.com,Male,EMP-2399,2020-10-20,,,,Engineering,Infrastructure / DevOps,IC3,Exempt,114000,0.0857,CA,White
EMP-0109,Michelle,Moore,michelle.moore@techcorp.com,Female,EMP-0316,2025-04-28,,,,Marketing,Content Marketing,IC3,Exempt,105000,0.0735,FL,Black or African American
EMP-0110,Edward,Novak,edward.novak@techcorp.com,Male,EMP-1840,2018-11-22,,,,Marketing,Brand,M3,Exempt,236000,0.1665,WA,White
EMP-0111,Kerry,Daniels,kerry.daniels@techcorp.com,Male,EMP-1313,2020-11-29,2021-03-17,Voluntary,Compensation,Finance,Treasury,M1,Exempt,134000,0.0946,CA,Hispanic or Latino
EMP-0112,Paul,Brown,paul.brown@techcorp.com,Male,EMP-2495,2022-12-09,2026-04-29,Voluntary,Compensation,Engineering,Infrastructure / DevOps,IC3,Exempt,130000,0.0352,CA,Asian
EMP-0113,Kevin,Shaw,kevin.shaw@techcorp.com,Male,EMP-1287,2018-11-14,,,,Sales,Sales Development,IC3,Exempt,111000,0.1926,NJ,Hispanic or Latino
EMP-0114,Samuel,Moore,samuel.moore@techcorp.com,Male,EMP-0203,2021-03-05,,,,HR,Learning & Development,IC2,Exempt,103000,0.0037,NY,Two or More Races
EMP-0115,Tyler,Miller,tyler.miller@techcorp.com,Male,EMP-0274,2018-04-15,,,,Sales,Account Management,M2,Exempt,207000,0.252,TX,Black or African American
EMP-0116,Brooke,Leonard,brooke.leonard@techcorp.com,Non-Binary / Third Gender,EMP-0404,2018-05-14,,,,Engineering,Data Engineering,M1,Exempt,177000,0.1497,CA,White
EMP-0117,David,Wilson,david.wilson@techcorp.com,Male,EMP-1322,2025-05-24,,,,Product,Product Operations,IC4,Exempt,143000,0.0475,CA,White
EMP-0118,Steve,Sanchez,steve.sanchez@techcorp.com,Male,EMP-0963,2025-10-09,,,,Finance,Accounting,IC4,Exempt,159000,0.1436,NY,White
EMP-0119,Kristopher,Harvey,kristopher.harvey@techcorp.com,Male,EMP-1217,2022-09-12,,,,Marketing,Content Marketing,IC4,Exempt,162000,0.1488,CA,White
EMP-0120,Jennifer,Silva,jennifer.silva@techcorp.com,Female,EMP-1106,2021-10-31,,,,Marketing,Brand,IC2,Exempt,84000,0.0735,TX,White
EMP-0121,Kelly,Donovan,kelly.donovan@techcorp.com,Female,EMP-0516,2019-11-15,,,,Product,Product Management,IC5,Exempt,175000,0.1148,FL,White
EMP-0122,Christina,Moran,christina.moran@techcorp.com,Female,EMP-1836,2022-11-03,,,,Finance,Internal Audit,IC4,Exempt,157000,0.0362,CA,Black or African American
EMP-0123,David,Foster,david.foster@techcorp.com,Male,EMP-0821,2024-08-19,,,,Engineering,Infrastructure / DevOps,IC5,Exempt,198000,0.1491,CA,Hispanic or Latino
EMP-0124,Michael,Evans,michael.evans@techcorp.com,Male,EMP-1670,2023-05-09,,,,Sales,Sales Development,IC3,Exempt,138000,0.2309,TX,Black or African American
EMP-0125,Eugene,Walton,eugene.walton@techcorp.com,Male,EMP-0073,2023-02-01,,,,Sales,Revenue Operations,IC2,Non-Exempt,89000,0.0942,FL,White
EMP-0126,Benjamin,Ellis,benjamin.ellis@techcorp.com,Male,EMP-1491,2023-11-22,,,,Sales,Customer Success,IC3,Exempt,133000,0.282,NY,White
EMP-0127,Yvette,Ferrell,yvette.ferrell@techcorp.com,Female,EMP-0747,2026-03-14,2026-05-19,Voluntary,Personal Reasons,Sales,Sales Development,IC1,Non-Exempt,69000,0.1196,IL,White
EMP-0128,Benjamin,Lewis,benjamin.lewis@techcorp.com,Male,EMP-2729,2020-07-05,2026-04-16,Involuntary,Reorganization,Sales,Sales Development,M2,Exempt,190000,0.2794,WA,Hispanic or Latino
EMP-0129,Sarah,Ibarra,sarah.ibarra@techcorp.com,Non-Binary / Third Gender,EMP-1496,2020-04-12,,,,Product,UX / Design,M1,Exempt,191000,0.0857,FL,White
EMP-0130,Shawn,Wood,shawn.wood@techcorp.com,Male,EMP-2917,2021-02-14,2023-01-31,Voluntary,Compensation,Engineering,Software Engineering,M1,Exempt,164000,0.1205,FL,White
EMP-0131,Brooke,Bass,brooke.bass@techcorp.com,Female,EMP-1927,2026-04-01,2026-05-07,Involuntary,Reorganization,Engineering,Infrastructure / DevOps,IC2,Exempt,97000,0.0111,FL,Black or African American
EMP-0132,Michael,Carr,michael.carr@techcorp.com,Male,EMP-0286,2020-02-19,2024-06-07,Involuntary,Performance,Engineering,Infrastructure / DevOps,IC1,Exempt,73000,0.1316,CA,Hispanic or Latino
EMP-0133,Victoria,Valdez,victoria.valdez@techcorp.com,Female,EMP-1824,2025-07-21,,,,Product,Product Management,M1,Exempt,139000,0.0227,NJ,Hispanic or Latino
EMP-0134,Adam,Montoya,adam.montoya@techcorp.com,Male,EMP-2971,2018-12-30,,,,HR,Learning & Development,M3,Exempt,242000,0.1275,CA,White
EMP-0135,Edwin,Alvarado,edwin.alvarado@techcorp.com,Male,EMP-2686,2025-01-28,,,,Legal,Privacy & Data,IC2,Exempt,87000,0.0598,TX,Asian
EMP-0136,Teresa,Taylor,teresa.taylor@techcorp.com,Female,EMP-0846,2021-04-25,,,,Legal,Privacy & Data,IC3,Exempt,112000,0.0116,IL,Hispanic or Latino
EMP-0137,Brian,Rodriguez,brian.rodriguez@techcorp.com,Male,EMP-2806,2021-07-30,,,,Sales,Account Management,IC2,Non-Exempt,85000,0.1495,CA,Black or African American
EMP-0138,Kristen,Nelson,kristen.nelson@techcorp.com,Female,EMP-2500,2022-08-03,,,,Engineering,QA Engineering,IC5,Exempt,180000,0.0671,FL,White
EMP-0139,Larry,Robbins,larry.robbins@techcorp.com,Male,EMP-0300,2019-11-14,,,,HR,Learning & Development,IC5,Exempt,167000,0.075,WA,Hispanic or Latino
EMP-0140,Cynthia,Baker,cynthia.baker@techcorp.com,Non-Binary / Third Gender,EMP-2487,2018-03-23,,,,Marketing,Demand Generation,IC2,Exempt,81000,0.0162,FL,Asian
EMP-0141,Katherine,Whitehead,katherine.whitehead@techcorp.com,Female,EMP-0555,2024-01-03,2025-02-18,Voluntary,Career Move,Marketing,Content Marketing,IC3,Exempt,135000,0.1509,NY,Hispanic or Latino
EMP-0142,Ryan,Davis,ryan.davis@techcorp.com,Male,EMP-1978,2024-03-14,,,,Engineering,Data Engineering,IC3,Exempt,133000,0.0054,CA,Asian
EMP-0143,Jeff,Hill,jeff.hill@techcorp.com,Male,EMP-1009,2023-06-10,,,,Finance,Financial Planning & Analysis,IC2,Exempt,84000,0.0452,CA,Hispanic or Latino
EMP-0144,April,Wise,april.wise@techcorp.com,Female,EMP-2980,2019-05-22,2024-02-16,Voluntary,Compensation,Sales,Revenue Operations,M1,Exempt,153000,0.0828,FL,White
EMP-0145,Mark,Green,mark.green@techcorp.com,Male,EMP-2727,2024-01-28,,,,Engineering,Infrastructure / DevOps,IC4,Exempt,140000,0.0143,TX,White
EMP-0146,Patrick,Arnold,patrick.arnold@techcorp.com,Male,EMP-2935,2025-05-11,,,,Sales,Customer Success,IC3,Exempt,126000,0.1228,CA,Asian
EMP-0147,Jeffrey,Smith,jeffrey.smith@techcorp.com,Male,EMP-0968,2022-04-16,,,,HR,Talent Acquisition,IC4,Exempt,159000,0.0873,WA,Hispanic or Latino
EMP-0148,Angela,Ware,angela.ware@techcorp.com,Female,EMP-1128,2020-08-08,,,,Engineering,Security Engineering,IC5,Exempt,189000,0.0845,TX,White
EMP-0149,Stuart,Gardner,stuart.gardner@techcorp.com,Male,EMP-1331,2024-05-09,,,,Finance,Internal Audit,IC3,Exempt,111000,0.061,NY,Hispanic or Latino
EMP-0150,Sandra,Aguilar,sandra.aguilar@techcorp.com,Female,EMP-1249,2023-06-25,,,,Engineering,Infrastructure / DevOps,IC2,Exempt,98000,0.1439,CA,White
EMP-0151,David,Parker,david.parker@techcorp.com,Non-Binary / Third Gender,,2018-02-25,,,,Legal,Employment Law,VP,Exempt,332000,0.1439,CA,Black or African American
EMP-0152,Steven,Flynn,steven.flynn@techcorp.com,Male,EMP-1329,2023-07-22,,,,Sales,Sales Development,IC5,Exempt,175000,0.1811,CA,Black or African American
EMP-0153,Rachel,Clark,rachel.clark@techcorp.com,Non-Binary / Third Gender,EMP-1930,2025-08-03,,,,Finance,Tax,IC3,Exempt,121000,0.0923,NY,Hispanic or Latino
EMP-0154,David,Garcia,david.garcia@techcorp.com,Male,EMP-2656,2020-04-17,,,,Engineering,Infrastructure / DevOps,IC3,Exempt,134000,0.0557,TX,White
EMP-0155,Penny,Henson,penny.henson@techcorp.com,Female,EMP-1546,2026-05-17,,,,Sales,Sales Development,IC1,Non-Exempt,63000,0.2288,NY,White
EMP-0156,Christine,Moore,christine.moore@techcorp.com,Non-Binary / Third Gender,EMP-1784,2023-04-12,,,,Product,Product Management,IC2,Exempt,105000,0.0008,FL,White
EMP-0157,Timothy,Hancock,timothy.hancock@techcorp.com,Male,EMP-0894,2019-01-23,,,,Engineering,Software Engineering,IC2,Exempt,119000,0.0892,CA,Hispanic or Latino
EMP-0158,Vanessa,Cochran,vanessa.cochran@techcorp.com,Female,EMP-0116,2022-07-10,,,,Engineering,QA Engineering,IC3,Exempt,122000,0.0962,CA,White
EMP-0159,Sierra,Johnson,sierra.johnson@techcorp.com,Female,EMP-0555,2020-01-01,,,,Finance,Tax,IC2,Exempt,103000,0.019,TX,Hispanic or Latino
EMP-0160,Norman,Cook,norman.cook@techcorp.com,Male,EMP-0766,2018-01-11,,,,HR,HR Business Partnering,IC2,Exempt,105000,0.011,NJ,White
EMP-0161,Tara,Pham,tara.pham@techcorp.com,Female,EMP-1476,2021-08-17,,,,Engineering,Data Engineering,IC1,Exempt,78000,0.084,TX,White
EMP-0162,Sharon,Cochran,sharon.cochran@techcorp.com,Female,EMP-1382,2022-04-29,,,,Marketing,Product Marketing,IC4,Exempt,161000,0.151,NY,White
EMP-0163,Derek,Cobb,derek.cobb@techcorp.com,Male,EMP-1861,2022-11-26,,,,Finance,Internal Audit,IC3,Exempt,139000,0.1043,CA,White
EMP-0164,Ashley,Brennan,ashley.brennan@techcorp.com,Female,EMP-1108,2024-04-11,2026-03-04,Involuntary,Performance,Sales,Sales Development,M2,Exempt,193000,0.0948,FL,White
EMP-0165,Shannon,Walker,shannon.walker@techcorp.com,Female,EMP-2580,2024-10-21,,,,Engineering,QA Engineering,M1,Exempt,136000,0.0412,NY,White
EMP-0166,Robert,Stevens,robert.stevens@techcorp.com,Male,EMP-2196,2023-04-13,,,,Sales,Customer Success,IC2,Non-Exempt,81000,0.1726,NY,Black or African American
EMP-0167,Eric,Pope,eric.pope@techcorp.com,Male,EMP-0449,2019-09-20,,,,Sales,Sales Development,IC2,Non-Exempt,102000,0.0829,NY,Black or African American
EMP-0168,Crystal,Johnson,crystal.johnson1@techcorp.com,Female,EMP-2470,2018-09-13,2025-08-18,Involuntary,Reorganization,Legal,Compliance,IC4,Exempt,137000,0.0898,WA,White
EMP-0169,Corey,Murphy,corey.murphy@techcorp.com,Male,EMP-2896,2023-10-16,,,,Marketing,Demand Generation,IC2,Exempt,104000,0.0726,NJ,Hispanic or Latino
EMP-0170,Sharon,Rasmussen,sharon.rasmussen@techcorp.com,Female,EMP-2170,2023-08-17,,,,Marketing,Content Marketing,IC1,Non-Exempt,75000,0.0151,NY,White
EMP-0171,Douglas,May,douglas.may@techcorp.com,Male,EMP-2028,2019-12-10,,,,Engineering,Software Engineering,M3,Exempt,249000,0.15,CA,White
EMP-0172,Jennifer,Zavala,jennifer.zavala@techcorp.com,Female,EMP-0974,2025-01-10,,,,Engineering,Software Engineering,IC3,Exempt,128000,0.1183,CA,White
EMP-0173,Joshua,Crosby,joshua.crosby@techcorp.com,Male,EMP-2884,2020-10-07,2024-03-09,Voluntary,Career Move,HR,Total Rewards,IC3,Exempt,130000,0.0214,IL,White
EMP-0174,Brian,Waller,brian.waller@techcorp.com,Male,EMP-2130,2021-01-22,,,,Legal,Privacy & Data,IC5,Exempt,166000,0.083,FL,White
EMP-0175,Cassandra,Estes,cassandra.estes@techcorp.com,Female,EMP-0308,2019-11-30,2026-06-14,Voluntary,Personal Reasons,Legal,Compliance,M1,Exempt,179000,0.0207,CA,White
EMP-0176,Deborah,Rodriguez,deborah.rodriguez@techcorp.com,Female,EMP-2970,2020-12-04,,,,Finance,Internal Audit,IC1,Non-Exempt,78000,0.1352,TX,White
EMP-0177,Jeffrey,Chandler,jeffrey.chandler@techcorp.com,Male,EMP-2470,2019-03-05,2022-07-19,Involuntary,Reorganization,Marketing,Brand,IC2,Exempt,89000,0.0014,NY,White
EMP-0178,Erik,Obrien,erik.obrien@techcorp.com,Male,EMP-1560,2024-11-30,,,,HR,People Operations,IC3,Exempt,123000,0.0833,FL,White
EMP-0179,Jorge,Cruz,jorge.cruz@techcorp.com,Male,EMP-0335,2024-09-27,,,,Engineering,QA Engineering,IC3,Exempt,119000,0.0602,CA,Asian
EMP-0180,Kenneth,Scott,kenneth.scott@techcorp.com,Male,EMP-0073,2023-09-08,,,,Finance,Financial Planning & Analysis,IC3,Exempt,118000,0.1161,WA,White
EMP-0181,Michelle,Smith,michelle.smith@techcorp.com,Female,EMP-1201,2021-05-16,,,,Sales,Customer Success,IC5,Exempt,214000,0.2857,CA,Two or More Races
EMP-0182,Amanda,Ball,amanda.ball@techcorp.com,Non-Binary / Third Gender,EMP-0419,2021-06-20,,,,Product,Product Management,IC4,Exempt,155000,0.0688,CA,White
EMP-0183,Patrick,Lambert,patrick.lambert@techcorp.com,Male,,2021-05-19,,,,Engineering,QA Engineering,VP,Exempt,288000,0.15,CA,White
EMP-0184,Helen,Jones,helen.jones@techcorp.com,Female,EMP-0404,2022-03-13,,,,Engineering,Software Engineering,IC1,Exempt,77000,0.0517,NY,Hispanic or Latino
EMP-0185,Matthew,Rivera,matthew.rivera@techcorp.com,Male,EMP-1746,2019-01-28,,,,Sales,Revenue Operations,IC2,Non-Exempt,99000,0.2408,CA,Hispanic or Latino
EMP-0186,Emily,Charles,emily.charles@techcorp.com,Female,EMP-0331,2024-10-28,,,,Product,Product Management,IC2,Exempt,108000,0.0554,NY,Black or African American
EMP-0187,Nathan,Evans,nathan.evans@techcorp.com,Male,EMP-1454,2018-07-01,,,,Engineering,Data Engineering,M1,Exempt,141000,0.0139,NY,White
EMP-0188,Eric,Ortiz,eric.ortiz@techcorp.com,Male,EMP-1978,2025-07-28,2026-06-27,Voluntary,Career Move,Engineering,QA Engineering,IC2,Exempt,81000,0.1029,NY,White
EMP-0189,Jennifer,Phillips,jennifer.phillips@techcorp.com,Female,EMP-2907,2019-10-21,,,,Engineering,QA Engineering,IC1,Exempt,63000,0.0637,FL,White
EMP-0190,Bethany,Fisher,bethany.fisher@techcorp.com,Female,EMP-1345,2019-04-20,,,,Sales,Customer Success,IC3,Exempt,134000,0.2771,TX,Black or African American
EMP-0191,Teresa,Byrd,teresa.byrd@techcorp.com,Female,EMP-2170,2023-12-18,,,,Engineering,Security Engineering,IC4,Exempt,155000,0.012,CA,Asian
EMP-0192,Steven,Gilbert,steven.gilbert@techcorp.com,Male,EMP-1052,2023-02-07,,,,Marketing,Product Marketing,IC3,Exempt,115000,0.0507,CA,White
EMP-0193,Elizabeth,Kelley,elizabeth.kelley@techcorp.com,Female,EMP-1827,2018-04-07,2019-08-07,Voluntary,Career Move,HR,Learning & Development,IC2,Exempt,87000,0.0352,NY,White
EMP-0194,April,Mitchell,april.mitchell@techcorp.com,Female,EMP-0770,2023-12-17,,,,HR,People Operations,M2,Exempt,185000,0.0101,CA,Hispanic or Latino
EMP-0195,Jeffrey,Carpenter,jeffrey.carpenter@techcorp.com,Male,EMP-2146,2020-09-26,,,,Legal,Corporate Legal,IC3,Exempt,122000,0.0338,NY,White
EMP-0196,Matthew,Marshall,matthew.marshall@techcorp.com,Male,EMP-2964,2021-05-21,,,,Sales,Revenue Operations,M1,Exempt,154000,0.096,FL,Hispanic or Latino
EMP-0197,Jessica,Lewis,jessica.lewis@techcorp.com,Female,EMP-0831,2024-05-27,,,,Finance,Accounting,IC3,Exempt,135000,0.1141,TX,Black or African American
EMP-0198,Kara,Santana,kara.santana@techcorp.com,Female,EMP-1198,2026-05-18,,,,Product,Product Operations,IC1,Exempt,76000,0.0415,FL,Hispanic or Latino
EMP-0199,Rebecca,Jackson,rebecca.jackson@techcorp.com,Female,,2025-08-09,,,,Legal,Compliance,VP,Exempt,307000,0.1296,CA,White
EMP-0200,Bradley,Robertson,bradley.robertson@techcorp.com,Male,EMP-1591,2024-09-19,,,,Marketing,Brand,M1,Exempt,145000,0.0405,FL,White
EMP-0201,Mark,Rogers,mark.rogers@techcorp.com,Male,EMP-2467,2023-05-03,,,,Product,Product Operations,Director,Exempt,242000,0.15,NY,White
EMP-0202,Sabrina,Potter,sabrina.potter@techcorp.com,Female,EMP-0347,2018-05-13,,,,HR,Learning & Development,M2,Exempt,199000,0.0758,TX,White
EMP-0203,Michael,Walker,michael.walker@techcorp.com,Male,EMP-1872,2022-02-21,,,,Engineering,QA Engineering,M1,Exempt,151000,0.0473,FL,White
EMP-0204,Curtis,Johnson,curtis.johnson@techcorp.com,Male,EMP-2128,2018-04-06,,,,Sales,Enterprise Sales,IC1,Non-Exempt,71000,0.1727,CA,Asian
EMP-0205,David,Alvarez,david.alvarez@techcorp.com,Male,EMP-1560,2019-05-21,,,,Engineering,Software Engineering,IC3,Exempt,131000,0.0317,CA,White
EMP-0206,Samuel,Jones,samuel.jones@techcorp.com,Male,EMP-2571,2025-06-13,,,,Finance,Tax,IC2,Exempt,100000,0.0799,CA,White
EMP-0207,Jason,Soto,jason.soto@techcorp.com,Male,EMP-0331,2018-01-14,,,,Finance,Internal Audit,IC2,Exempt,101000,0.1144,TX,Hispanic or Latino
EMP-0208,Cheyenne,Horton,cheyenne.horton@techcorp.com,Female,EMP-0793,2022-09-09,,,,Engineering,Security Engineering,IC1,Exempt,75000,0.0955,TX,White
EMP-0209,Kathleen,Sanchez,kathleen.sanchez@techcorp.com,Female,EMP-2060,2020-10-20,,,,Marketing,Content Marketing,IC2,Exempt,104000,0.0849,CA,White
EMP-0210,Matthew,Smith,matthew.smith@techcorp.com,Male,,2026-02-09,,,,Product,Product Management,VP,Exempt,298000,0.15,IL,White
EMP-0211,Nicole,Carrillo,nicole.carrillo@techcorp.com,Female,EMP-0330,2020-04-27,,,,Engineering,Infrastructure / DevOps,IC2,Exempt,92000,0.1257,TX,Two or More Races
EMP-0212,Ashley,Coleman,ashley.coleman@techcorp.com,Female,EMP-1234,2019-10-15,,,,Engineering,Data Engineering,IC5,Exempt,195000,0.1444,CA,White
EMP-0213,Christopher,Rubio,christopher.rubio@techcorp.com,Male,EMP-0585,2020-12-01,,,,Engineering,Infrastructure / DevOps,IC3,Exempt,109000,0.1165,TX,White
EMP-0214,Kelly,Williams,kelly.williams@techcorp.com,Female,EMP-1547,2026-02-21,,,,Finance,Financial Planning & Analysis,IC3,Exempt,124000,0.0598,NJ,Hispanic or Latino
EMP-0215,Danielle,Charles,danielle.charles@techcorp.com,Female,EMP-1684,2019-05-24,2024-02-08,Involuntary,Performance,Sales,Account Management,M3,Exempt,206000,0.1894,NJ,Hispanic or Latino
EMP-0216,Jesus,Solis,jesus.solis@techcorp.com,Male,,2020-09-22,,,,Legal,Privacy & Data,VP,Exempt,351000,0.1451,TX,White
EMP-0217,Mary,Travis,mary.travis@techcorp.com,Female,EMP-2754,2024-05-16,,,,Product,UX / Design,IC3,Exempt,123000,0.1142,CA,White
EMP-0218,Linda,Dodson,linda.dodson@techcorp.com,Female,EMP-2186,2022-01-25,,,,Sales,Enterprise Sales,IC5,Exempt,186000,0.229,TX,White
EMP-0219,Stephanie,Salazar,stephanie.salazar@techcorp.com,Female,EMP-1000,2019-08-24,,,,Sales,Customer Success,IC1,Non-Exempt,66000,0.1461,TX,White
EMP-0220,Michelle,Wagner,michelle.wagner@techcorp.com,Female,EMP-2656,2024-07-21,,,,Sales,Account Management,IC2,Non-Exempt,96000,0.2303,FL,Two or More Races
EMP-0221,Ronald,Kelley,ronald.kelley@techcorp.com,Male,EMP-1530,2023-08-15,,,,Engineering,QA Engineering,Director,Exempt,296000,0.15,IL,Hispanic or Latino
EMP-0222,Stephanie,Manning,stephanie.manning@techcorp.com,Female,EMP-1710,2019-09-07,,,,Sales,Enterprise Sales,IC3,Exempt,137000,0.2322,CA,White
EMP-0223,Karen,Green,karen.green@techcorp.com,Female,EMP-2186,2022-01-29,,,,HR,Talent Acquisition,IC3,Exempt,126000,0.0119,NY,White
EMP-0224,David,Walsh,david.walsh@techcorp.com,Male,EMP-0303,2018-08-18,,,,Finance,Treasury,IC5,Exempt,189000,0.0372,CA,Hispanic or Latino
EMP-0225,Pamela,Boyd,pamela.boyd@techcorp.com,Female,EMP-0411,2024-10-31,,,,Sales,Enterprise Sales,IC1,Non-Exempt,71000,0.0728,CA,Black or African American
EMP-0226,Joshua,Jones,joshua.jones@techcorp.com,Non-Binary / Third Gender,EMP-1367,2023-11-11,,,,Engineering,QA Engineering,IC3,Exempt,111000,0.0341,TX,White
EMP-0227,Donna,Nelson,donna.nelson@techcorp.com,Female,EMP-0261,2019-04-22,,,,Sales,Revenue Operations,IC4,Exempt,146000,0.0993,TX,White
EMP-0228,Francisco,Fernandez,francisco.fernandez@techcorp.com,Male,EMP-1313,2026-01-28,,,,Product,UX / Design,M1,Exempt,167000,0.0292,NJ,Hispanic or Latino
EMP-0229,Jesse,Benson,jesse.benson@techcorp.com,Non-Binary / Third Gender,EMP-1000,2019-12-25,2026-04-12,Voluntary,Career Move,Legal,Compliance,IC1,Non-Exempt,78000,0.0626,WA,White
EMP-0230,Michael,Brown,michael.brown@techcorp.com,Male,EMP-2887,2018-09-26,,,,Sales,Revenue Operations,Director,Exempt,270000,0.1642,IL,White
EMP-0231,Jason,Daniels,jason.daniels@techcorp.com,Male,EMP-1367,2023-08-18,,,,Product,UX / Design,IC1,Exempt,70000,0.0796,CA,White
EMP-0232,Jason,Clark,jason.clark@techcorp.com,Male,EMP-0672,2019-12-05,,,,Product,Product Management,IC1,Exempt,76000,0.0236,WA,Two or More Races
EMP-0233,Jennifer,Stein,jennifer.stein@techcorp.com,Female,EMP-1670,2021-05-28,,,,Engineering,QA Engineering,IC3,Exempt,120000,0.0501,NY,Hispanic or Latino
EMP-0234,Kevin,Dominguez,kevin.dominguez@techcorp.com,Male,EMP-2241,2022-07-14,,,,Engineering,Software Engineering,IC4,Exempt,167000,0.053,NJ,Two or More Races
EMP-0235,Shannon,Cannon,shannon.cannon@techcorp.com,Female,EMP-1196,2022-03-10,,,,Engineering,Software Engineering,IC2,Exempt,88000,0.1186,NY,White
EMP-0236,James,Smith,james.smith@techcorp.com,Male,EMP-1968,2023-08-23,,,,Legal,Privacy & Data,IC1,Non-Exempt,86000,0.0107,CA,White
EMP-0237,Heather,Molina,heather.molina@techcorp.com,Female,EMP-1872,2022-05-17,,,,Product,Product Operations,M2,Exempt,216000,0.106,CA,Two or More Races
EMP-0238,Scott,Ashley,scott.ashley@techcorp.com,Male,EMP-1994,2022-11-30,,,,Marketing,Brand,IC2,Exempt,92000,0.0242,FL,White
EMP-0239,Jason,Adkins,jason.adkins@techcorp.com,Male,EMP-1829,2024-04-20,,,,Engineering,Software Engineering,IC3,Exempt,123000,0.0492,TX,Hispanic or Latino
EMP-0240,Joshua,Morrison,joshua.morrison@techcorp.com,Male,EMP-1440,2025-11-04,,,,HR,Total Rewards,IC4,Exempt,159000,0.0433,NJ,Hispanic or Latino
EMP-0241,Daniel,Robinson,daniel.robinson@techcorp.com,Male,EMP-1052,2020-07-21,,,,Marketing,Product Marketing,IC3,Exempt,124000,0.0358,WA,White
EMP-0242,Jeffrey,Johnson,jeffrey.johnson@techcorp.com,Male,EMP-2022,2023-06-16,,,,Engineering,Software Engineering,IC3,Exempt,144000,0.009,WA,White
EMP-0243,Gabriella,Shelton,gabriella.shelton@techcorp.com,Female,EMP-1756,2023-07-09,,,,Marketing,Demand Generation,IC3,Exempt,137000,0.1033,FL,White
EMP-0244,Jared,Martin,jared.martin@techcorp.com,Male,EMP-1842,2022-11-01,,,,Finance,Tax,M3,Exempt,219000,0.15,WA,White
EMP-0245,Julie,Anderson,julie.anderson@techcorp.com,Female,EMP-0786,2024-06-14,2026-06-13,Voluntary,Compensation,Marketing,Brand,IC3,Exempt,115000,0.1406,FL,Asian
EMP-0246,Lisa,Johnson,lisa.johnson@techcorp.com,Female,EMP-0391,2021-08-30,,,,Finance,Internal Audit,IC4,Exempt,152000,0.0998,NJ,White
EMP-0247,Jennifer,Elliott,jennifer.elliott@techcorp.com,Female,EMP-2170,2020-01-14,,,,Product,Product Management,IC2,Exempt,81000,0.0987,IL,Hispanic or Latino
EMP-0248,Alexander,Day,alexander.day@techcorp.com,Male,EMP-2500,2019-10-31,,,,Product,UX / Design,IC2,Exempt,105000,0.0349,IL,Hispanic or Latino
EMP-0249,Chad,Murray,chad.murray@techcorp.com,Male,EMP-1887,2022-12-06,,,,Product,Product Management,IC5,Exempt,175000,0.0563,NY,Hispanic or Latino
EMP-0250,Anthony,Gray,anthony.gray@techcorp.com,Male,EMP-0021,2022-04-08,,,,HR,Learning & Development,IC3,Exempt,111000,0.0111,CA,Asian
EMP-0251,Daniel,Murphy,daniel.murphy@techcorp.com,Male,EMP-0077,2026-04-22,2026-06-23,Voluntary,Personal Reasons,HR,Learning & Development,IC2,Exempt,89000,0.1194,NY,White
EMP-0252,Philip,Gray,philip.gray@techcorp.com,Male,EMP-2686,2023-09-15,,,,Legal,Corporate Legal,IC5,Exempt,193000,0.065,NY,White
EMP-0253,Paul,Decker,paul.decker@techcorp.com,Male,EMP-0237,2023-04-15,,,,Legal,Corporate Legal,IC1,Non-Exempt,79000,0.0275,TX,White
EMP-0254,Darlene,Miller,darlene.miller@techcorp.com,Female,EMP-0479,2024-05-01,,,,Engineering,Software Engineering,IC3,Exempt,109000,0.0234,FL,Hispanic or Latino
EMP-0255,Alicia,Ryan,alicia.ryan@techcorp.com,Female,,2026-04-19,,,,Sales,Enterprise Sales,VP,Exempt,317000,0.2122,CA,White
EMP-0256,Zoe,Bell,zoe.bell@techcorp.com,Female,,2019-09-13,,,,Sales,Sales Development,VP,Exempt,317000,0.2887,NJ,White
EMP-0257,Matthew,Harrington,matthew.harrington@techcorp.com,Male,EMP-1355,2022-03-09,,,,Engineering,QA Engineering,IC1,Exempt,80000,0.0043,CA,White
EMP-0258,Marissa,Webster,marissa.webster@techcorp.com,Female,EMP-0194,2024-09-17,,,,HR,Learning & Development,IC3,Exempt,119000,0.012,NY,White
EMP-0259,Tiffany,Gonzalez,tiffany.gonzalez@techcorp.com,Female,EMP-1569,2024-01-08,,,,Product,UX / Design,IC3,Exempt,125000,0.0905,TX,White
EMP-0260,Elijah,Martinez,elijah.martinez@techcorp.com,Non-Binary / Third Gender,EMP-2190,2024-11-18,2025-05-13,Voluntary,Career Move,Engineering,Software Engineering,M3,Exempt,219000,0.15,IL,White
EMP-0261,Michael,Elliott,michael.elliott@techcorp.com,Male,EMP-2963,2026-05-03,,,,HR,Talent Acquisition,M2,Exempt,190000,0.0339,TX,White
EMP-0262,Daniel,Lyons,daniel.lyons@techcorp.com,Male,EMP-0370,2026-03-10,,,,Engineering,QA Engineering,M1,Exempt,148000,0.1461,FL,White
EMP-0263,Pamela,Jackson,pamela.jackson@techcorp.com,Female,EMP-1345,2019-08-18,,,,Sales,Customer Success,IC2,Non-Exempt,101000,0.2627,FL,Black or African American
EMP-0264,Lisa,Adkins,lisa.adkins@techcorp.com,Female,EMP-1382,2020-09-01,,,,Finance,Accounting,IC1,Non-Exempt,68000,0.0018,NY,Black or African American
EMP-0265,Brian,Weiss,brian.weiss@techcorp.com,Male,EMP-2545,2024-06-22,,,,Marketing,Product Marketing,M1,Exempt,146000,0.0387,TX,White
EMP-0266,Traci,Rodriguez,traci.rodriguez@techcorp.com,Female,EMP-0262,2023-10-09,,,,Engineering,QA Engineering,IC4,Exempt,143000,0.1145,CA,Black or African American
EMP-0267,Alexander,Collins,alexander.collins@techcorp.com,Male,EMP-2809,2022-02-05,2024-10-30,Voluntary,Personal Reasons,Sales,Revenue Operations,IC5,Exempt,185000,0.2912,CA,White
EMP-0268,Megan,Rubio,megan.rubio@techcorp.com,Female,,2024-03-16,,,,Finance,Financial Planning & Analysis,VP,Exempt,457000,0.15,CA,Black or African American
EMP-0269,Jennifer,Espinoza,jennifer.espinoza@techcorp.com,Female,EMP-2174,2019-09-14,,,,Finance,Internal Audit,IC4,Exempt,156000,0.0788,NJ,White
EMP-0270,Billy,Vaughn,billy.vaughn@techcorp.com,Male,EMP-1491,2023-12-15,,,,Marketing,Content Marketing,IC1,Non-Exempt,73000,0.018,CA,Hispanic or Latino
EMP-0271,Lori,Garcia,lori.garcia@techcorp.com,Female,EMP-1313,2021-02-14,,,,HR,HR Business Partnering,M1,Exempt,173000,0.0866,NY,Asian
EMP-0272,Raymond,Jefferson,raymond.jefferson@techcorp.com,Male,EMP-0516,2026-03-24,,,,Engineering,Infrastructure / DevOps,IC2,Exempt,105000,0.01,FL,White
EMP-0273,Kyle,Martinez,kyle.martinez@techcorp.com,Male,EMP-0128,2019-10-16,2026-06-09,Involuntary,Performance,Engineering,Security Engineering,IC5,Exempt,182000,0.029,NJ,White
EMP-0274,Victoria,Patton,victoria.patton@techcorp.com,Female,EMP-0351,2025-02-21,,,,Engineering,Software Engineering,M3,Exempt,221000,0.15,NJ,White
EMP-0275,Hannah,Patterson,hannah.patterson@techcorp.com,Female,EMP-0111,2019-05-27,,,,Finance,Internal Audit,IC1,Non-Exempt,88000,0.0682,CA,Two or More Races
EMP-0276,Jacqueline,Hunter,jacqueline.hunter@techcorp.com,Female,EMP-2165,2019-11-21,,,,Finance,Treasury,IC2,Exempt,101000,0.0337,CA,Two or More Races
EMP-0277,Gloria,Atkinson,gloria.atkinson@techcorp.com,Female,EMP-2725,2025-11-13,,,,Engineering,Security Engineering,IC1,Exempt,74000,0.0957,IL,White
EMP-0278,Samantha,Garcia,samantha.garcia@techcorp.com,Female,EMP-0445,2020-10-26,,,,Product,Product Management,IC3,Exempt,107000,0.1496,NJ,White
EMP-0279,Tyler,Reid,tyler.reid@techcorp.com,Male,EMP-0830,2023-06-22,,,,Sales,Customer Success,IC2,Non-Exempt,103000,0.1914,TX,Black or African American
EMP-0280,Ronald,Zimmerman,ronald.zimmerman@techcorp.com,Male,EMP-2170,2019-04-27,,,,Finance,Treasury,IC4,Exempt,144000,0.086,IL,White
EMP-0281,Jessica,Sheppard,jessica.sheppard@techcorp.com,Non-Binary / Third Gender,EMP-1395,2022-06-22,,,,Sales,Revenue Operations,IC5,Exempt,193000,0.0564,TX,White
EMP-0282,Devin,Morton,devin.morton@techcorp.com,Male,EMP-0303,2025-08-29,,,,HR,Total Rewards,IC2,Exempt,89000,0.1159,CA,Black or African American
EMP-0283,Joshua,Webb,joshua.webb@techcorp.com,Male,EMP-2035,2025-02-13,,,,HR,HR Business Partnering,IC4,Exempt,154000,0.1014,TX,Black or African American
EMP-0284,Jessica,Simon,jessica.simon@techcorp.com,Female,EMP-2171,2021-09-29,,,,Finance,Tax,IC2,Exempt,108000,0.111,NJ,White
EMP-0285,Derrick,Christian,derrick.christian@techcorp.com,Male,EMP-1836,2025-12-07,,,,Sales,Revenue Operations,IC4,Exempt,153000,0.2515,IL,Hispanic or Latino
EMP-0286,Sandra,Miller,sandra.miller@techcorp.com,Female,EMP-2291,2024-01-14,,,,HR,HR Business Partnering,M2,Exempt,179000,0.0859,CA,White
EMP-0287,Stephen,Sanchez,stephen.sanchez@techcorp.com,Male,EMP-2768,2022-06-14,,,,Sales,Sales Development,M1,Exempt,181000,0.187,WA,Black or African American
EMP-0288,John,Bishop,john.bishop@techcorp.com,Male,EMP-2868,2021-01-26,,,,Marketing,Demand Generation,IC1,Non-Exempt,70000,0.15,WA,White
EMP-0289,James,Johnson,james.johnson@techcorp.com,Male,EMP-2048,2020-06-03,,,,Sales,Sales Development,IC4,Exempt,148000,0.1109,CA,Hispanic or Latino
EMP-0290,Sarah,White,sarah.white@techcorp.com,Female,EMP-0419,2024-06-15,,,,Marketing,Product Marketing,IC2,Exempt,99000,0.1272,WA,Black or African American
EMP-0291,Daniel,Salinas,daniel.salinas@techcorp.com,Male,EMP-0800,2020-08-19,,,,Product,UX / Design,IC1,Exempt,83000,0.0116,FL,White
EMP-0292,Gerald,Beard,gerald.beard@techcorp.com,Male,EMP-0329,2024-10-10,,,,Finance,Treasury,IC5,Exempt,204000,0.0097,TX,White
EMP-0293,Meredith,Hill,meredith.hill@techcorp.com,Female,EMP-2401,2018-04-01,,,,Engineering,Infrastructure / DevOps,IC4,Exempt,151000,0.0975,IL,White
EMP-0294,Alexandra,Vaughan,alexandra.vaughan@techcorp.com,Female,EMP-1546,2026-02-28,,,,Marketing,Demand Generation,IC3,Exempt,129000,0.0883,FL,Asian
EMP-0295,Bradley,Cortez,bradley.cortez@techcorp.com,Male,EMP-0129,2022-07-26,,,,Sales,Sales Development,IC5,Exempt,214000,0.295,TX,Black or African American
EMP-0296,Katherine,Chang,katherine.chang@techcorp.com,Female,EMP-2073,2020-10-16,2026-05-03,Voluntary,Personal Reasons,Finance,Treasury,IC3,Exempt,128000,0.1045,NJ,White
EMP-0297,Michael,Brewer,michael.brewer@techcorp.com,Male,EMP-1745,2021-12-25,,,,Legal,Corporate Legal,IC3,Exempt,126000,0.034,NY,White
EMP-0298,Katherine,Mcguire,katherine.mcguire@techcorp.com,Female,EMP-1883,2023-11-16,2025-06-04,Voluntary,Career Move,Engineering,QA Engineering,IC2,Exempt,105000,0.0909,WA,White
EMP-0299,Brandon,Walker,brandon.walker@techcorp.com,Male,EMP-2596,2024-05-15,,,,Engineering,Infrastructure / DevOps,IC2,Exempt,89000,0.0104,CA,Hispanic or Latino
EMP-0300,Michael,Torres,michael.torres@techcorp.com,Male,EMP-0978,2019-09-26,,,,Marketing,Marketing Operations,M2,Exempt,196000,0.0318,NY,Black or African American
EMP-0301,Lauren,Kennedy,lauren.kennedy@techcorp.com,Female,EMP-0746,2024-01-11,,,,Engineering,Software Engineering,M2,Exempt,193000,0.0467,NY,White
EMP-0302,Joseph,Coleman,joseph.coleman@techcorp.com,Male,EMP-1666,2019-02-13,,,,Engineering,Security Engineering,IC3,Exempt,122000,0.0233,TX,White
EMP-0303,Nichole,Rivera,nichole.rivera@techcorp.com,Female,EMP-2621,2018-09-26,,,,Finance,Internal Audit,M1,Exempt,139000,0.0148,WA,White
EMP-0304,Michael,Nelson,michael.nelson@techcorp.com,Male,EMP-2917,2025-06-10,,,,Product,Product Operations,IC3,Exempt,121000,0.0791,TX,White
EMP-0305,David,Martinez,david.martinez@techcorp.com,Male,EMP-2042,2020-03-22,2025-09-24,Voluntary,Personal Reasons,Marketing,Brand,IC1,Non-Exempt,79000,0.0767,NY,White
EMP-0306,Cheryl,Wilson,cheryl.wilson@techcorp.com,Female,EMP-1230,2023-08-01,,,,Engineering,Infrastructure / DevOps,IC1,Exempt,82000,0.0042,TX,White
EMP-0307,Kimberly,Gill,kimberly.gill@techcorp.com,Female,EMP-2754,2022-04-26,,,,Product,Product Operations,IC2,Exempt,89000,0.0556,NJ,Hispanic or Latino
EMP-0308,Cathy,Robinson,cathy.robinson@techcorp.com,Female,EMP-1937,2020-05-28,2026-05-22,Voluntary,Compensation,HR,Talent Acquisition,M2,Exempt,197000,0.0223,CA,White
EMP-0309,John,Hardy,john.hardy@techcorp.com,Male,EMP-1829,2019-04-22,,,,Finance,Tax,IC5,Exempt,184000,0.0361,NJ,Black or African American
EMP-0310,Vanessa,Warren,vanessa.warren@techcorp.com,Female,EMP-2878,2022-09-28,,,,Engineering,Security Engineering,M1,Exempt,155000,0.1235,NY,Asian
EMP-0311,Diane,Garcia,diane.garcia@techcorp.com,Female,EMP-1502,2020-02-16,2026-03-03,Voluntary,Career Move,Product,UX / Design,M2,Exempt,183000,0.0016,FL,White
EMP-0312,Cory,Perez,cory.perez@techcorp.com,Male,EMP-1930,2024-01-09,,,,HR,Learning & Development,IC2,Exempt,84000,0.0314,WA,Hispanic or Latino
EMP-0313,Cassie,Smith,cassie.smith@techcorp.com,Female,EMP-1329,2022-06-06,,,,Engineering,Data Engineering,IC3,Exempt,128000,0.0057,NY,White
EMP-0314,Kimberly,Hill,kimberly.hill@techcorp.com,Female,EMP-0019,2020-09-17,,,,Engineering,Security Engineering,IC1,Exempt,72000,0.0657,CA,White
EMP-0315,Valerie,Tran,valerie.tran@techcorp.com,Female,EMP-1301,2020-02-14,,,,Product,UX / Design,IC5,Exempt,196000,0.0758,CA,White
EMP-0316,Melissa,Martinez,melissa.martinez@techcorp.com,Female,EMP-0999,2025-01-13,,,,Marketing,Content Marketing,M2,Exempt,193000,0.0258,CA,White
EMP-0317,Sean,Henry,sean.henry@techcorp.com,Male,EMP-1836,2018-03-13,,,,Engineering,Infrastructure / DevOps,IC4,Exempt,145000,0.1086,NY,White
EMP-0318,Shelley,Andrews,shelley.andrews@techcorp.com,Female,EMP-0404,2020-07-08,,,,Finance,Financial Planning & Analysis,IC5,Exempt,191000,0.0111,TX,Asian
EMP-0319,Julie,Alexander,julie.alexander@techcorp.com,Female,EMP-1491,2021-11-14,,,,Sales,Revenue Operations,IC1,Non-Exempt,70000,0.2746,NY,Black or African American
EMP-0320,Cathy,Williams,cathy.williams@techcorp.com,Female,EMP-0357,2026-03-14,,,,Finance,Accounting,M2,Exempt,208000,0.0583,CA,White
EMP-0321,Todd,Woods,todd.woods@techcorp.com,Male,EMP-1950,2024-01-27,,,,Finance,Treasury,M1,Exempt,165000,0.1429,TX,White
EMP-0322,Rodney,Morales,rodney.morales@techcorp.com,Male,EMP-1428,2021-10-15,,,,Product,UX / Design,Director,Exempt,288000,0.15,TX,White
EMP-0323,Benjamin,Soto,benjamin.soto@techcorp.com,Male,EMP-2370,2024-02-24,,,,Marketing,Product Marketing,M1,Exempt,143000,0.0092,NY,White
EMP-0324,Amy,Hernandez,amy.hernandez@techcorp.com,Female,EMP-2939,2024-03-09,,,,Sales,Sales Development,M2,Exempt,188000,0.2843,NY,Asian
EMP-0325,Justin,Torres,justin.torres@techcorp.com,Male,EMP-1359,2024-05-13,,,,Legal,Employment Law,IC2,Exempt,88000,0.0746,TX,White
EMP-0326,Xavier,Wilson,xavier.wilson@techcorp.com,Male,EMP-1480,2026-04-13,,,,Sales,Sales Development,IC5,Exempt,187000,0.1717,TX,Hispanic or Latino
EMP-0327,Phillip,Obrien,phillip.obrien@techcorp.com,Male,EMP-0793,2025-01-16,,,,Sales,Enterprise Sales,IC3,Exempt,110000,0.2829,CA,White
EMP-0328,Rachel,Perez,rachel.perez@techcorp.com,Female,EMP-2978,2018-09-28,,,,Engineering,QA Engineering,M3,Exempt,225000,0.15,IL,White
EMP-0329,Joseph,Hayes,joseph.hayes@techcorp.com,Male,EMP-0128,2021-05-27,,,,Sales,Account Management,M1,Exempt,158000,0.09,IL,White
EMP-0330,Jeremy,Dalton,jeremy.dalton@techcorp.com,Male,EMP-1824,2022-08-06,,,,Engineering,Data Engineering,M1,Exempt,168000,0.0943,FL,White
EMP-0331,William,Torres,william.torres@techcorp.com,Male,EMP-2026,2023-05-08,,,,Engineering,Security Engineering,M1,Exempt,157000,0.142,WA,White
EMP-0332,Lisa,Lynch,lisa.lynch@techcorp.com,Female,EMP-1363,2021-10-23,,,,Finance,Financial Planning & Analysis,IC3,Exempt,133000,0.0103,CA,White
EMP-0333,Natalie,Meza,natalie.meza@techcorp.com,Female,EMP-2174,2020-03-18,,,,HR,HR Business Partnering,IC5,Exempt,189000,0.0616,NJ,White
EMP-0334,Daniel,Clark,daniel.clark@techcorp.com,Male,EMP-0100,2018-04-07,,,,HR,People Operations,IC1,Non-Exempt,66000,0.02,TX,Hispanic or Latino
EMP-0335,Mary,Moore,mary.moore@techcorp.com,Female,EMP-0316,2021-10-14,2025-05-14,Voluntary,Compensation,Product,Product Management,M1,Exempt,140000,0.1493,TX,Hispanic or Latino
EMP-0336,Christopher,Jones,christopher.jones@techcorp.com,Male,EMP-0746,2018-03-20,,,,HR,Learning & Development,M1,Exempt,143000,0.1024,NY,White
EMP-0337,Aaron,Hayes,aaron.hayes@techcorp.com,Male,EMP-0950,2022-07-26,2025-03-03,Involuntary,Performance,HR,Total Rewards,IC2,Exempt,83000,0.0415,CA,White
EMP-0338,Kirk,Carter,kirk.carter@techcorp.com,Male,EMP-2551,2025-06-21,,,,Sales,Enterprise Sales,M1,Exempt,170000,0.274,CA,White
EMP-0339,David,Mann,david.mann@techcorp.com,Male,EMP-2970,2020-08-28,,,,Engineering,Software Engineering,IC4,Exempt,160000,0.0014,CA,Black or African American
EMP-0340,Michele,Gibson,michele.gibson@techcorp.com,Female,EMP-1196,2018-08-19,,,,Marketing,Marketing Operations,IC2,Exempt,85000,0.0347,CA,White
EMP-0341,Michael,Bradshaw,michael.bradshaw@techcorp.com,Male,EMP-0645,2025-12-10,,,,Marketing,Demand Generation,IC5,Exempt,189000,0.0143,NY,Hispanic or Latino
EMP-0342,Rachel,Weber,rachel.weber@techcorp.com,Female,EMP-0974,2025-11-18,,,,Engineering,Software Engineering,IC3,Exempt,117000,0.1273,FL,White
EMP-0343,Matthew,Peck,matthew.peck@techcorp.com,Male,EMP-2086,2020-06-12,,,,Finance,Treasury,IC3,Exempt,115000,0.0517,CA,White
EMP-0344,Jessica,Stephens,jessica.stephens@techcorp.com,Female,EMP-0271,2024-12-13,2025-09-23,Involuntary,Reorganization,HR,Learning & Development,IC1,Non-Exempt,62000,0.0814,FL,White
EMP-0345,Matthew,Kerr,matthew.kerr@techcorp.com,Male,EMP-2836,2023-01-21,,,,Engineering,QA Engineering,IC2,Exempt,99000,0.0721,NY,Hispanic or Latino
EMP-0346,Ronald,Jones,ronald.jones@techcorp.com,Male,EMP-0600,2020-02-19,,,,Finance,Treasury,M1,Exempt,151000,0.0229,NY,White
EMP-0347,Christopher,Parker,christopher.parker@techcorp.com,Male,EMP-2828,2022-04-29,2025-06-20,Voluntary,Personal Reasons,Engineering,Security Engineering,Director,Exempt,309000,0.15,NJ,White
EMP-0348,Paul,Carroll,paul.carroll@techcorp.com,Male,EMP-1343,2021-10-13,,,,Sales,Sales Development,IC3,Exempt,123000,0.1481,NY,Asian
EMP-0349,Donna,Martinez,donna.martinez@techcorp.com,Female,EMP-0073,2022-11-18,,,,Engineering,QA Engineering,IC4,Exempt,153000,0.0947,NY,White
EMP-0350,Melissa,Lyons,melissa.lyons@techcorp.com,Female,EMP-2022,2021-06-26,2026-02-18,Voluntary,Career Move,Legal,Privacy & Data,IC2,Exempt,101000,0.0599,TX,White
EMP-0351,Tommy,Mason,tommy.mason@techcorp.com,Male,,2020-05-07,,,,Sales,Enterprise Sales,VP,Exempt,393000,0.2865,IL,Hispanic or Latino
EMP-0352,Katherine,Miller,katherine.miller@techcorp.com,Female,EMP-2493,2024-06-02,,,,Engineering,Security Engineering,IC3,Exempt,126000,0.1125,NJ,White
EMP-0353,Amanda,Reynolds,amanda.reynolds@techcorp.com,Female,EMP-2176,2018-11-30,,,,Sales,Customer Success,M3,Exempt,220000,0.2404,IL,Asian
EMP-0354,Erica,Wright,erica.wright@techcorp.com,Female,EMP-1061,2020-03-02,2024-03-29,Involuntary,Reorganization,Engineering,QA Engineering,IC1,Exempt,74000,0.0546,NJ,White
EMP-0355,Brandon,Hayden,brandon.hayden@techcorp.com,Male,EMP-0151,2024-04-20,,,,Legal,Employment Law,Director,Exempt,319000,0.1022,NY,White
EMP-0356,Sara,Johnston,sara.johnston@techcorp.com,Female,EMP-0200,2023-08-27,,,,Marketing,Brand,IC1,Non-Exempt,65000,0.0677,FL,Black or African American
EMP-0357,Trevor,Key,trevor.key@techcorp.com,Male,EMP-1456,2021-04-27,,,,Finance,Internal Audit,Director,Exempt,222000,0.15,NY,White
EMP-0358,Megan,Adams,megan.adams@techcorp.com,Female,EMP-1491,2021-07-10,,,,Engineering,Software Engineering,IC2,Exempt,103000,0.0684,CA,Hispanic or Latino
EMP-0359,Amanda,Avila,amanda.avila@techcorp.com,Female,EMP-1819,2021-08-15,,,,HR,Talent Acquisition,IC1,Non-Exempt,62000,0.1041,TX,White
EMP-0360,Julie,Pearson,julie.pearson@techcorp.com,Female,EMP-2970,2024-03-03,2025-12-27,Involuntary,Performance,Engineering,Software Engineering,IC4,Exempt,153000,0.0969,NY,White
EMP-0361,Thomas,White,thomas.white@techcorp.com,Male,EMP-1810,2019-09-13,,,,Engineering,Infrastructure / DevOps,IC5,Exempt,189000,0.0625,CA,Hispanic or Latino
EMP-0362,Kevin,Walters,kevin.walters@techcorp.com,Male,EMP-1196,2025-10-16,,,,Product,Product Management,IC3,Exempt,112000,0.0134,CA,White
EMP-0363,Katherine,Davis,katherine.davis@techcorp.com,Female,EMP-1097,2024-04-03,,,,Engineering,Software Engineering,IC4,Exempt,136000,0.1264,CA,White
EMP-0364,Gregory,Cook,gregory.cook@techcorp.com,Male,EMP-1591,2019-09-18,,,,Sales,Sales Development,IC3,Exempt,120000,0.1307,FL,Hispanic or Latino
EMP-0365,Meagan,Hodge,meagan.hodge@techcorp.com,Female,EMP-0939,2023-07-10,,,,Product,Product Management,IC3,Exempt,120000,0.1046,TX,White
EMP-0366,Erin,Steele,erin.steele@techcorp.com,Female,EMP-2297,2018-11-27,2026-01-09,Involuntary,Reorganization,Engineering,Infrastructure / DevOps,IC3,Exempt,131000,0.0764,NJ,White
EMP-0367,Dwayne,Landry,dwayne.landry@techcorp.com,Male,EMP-0844,2020-12-24,,,,Marketing,Marketing Operations,IC2,Exempt,89000,0.0699,NJ,Hispanic or Latino
EMP-0368,Robert,Pierce,robert.pierce@techcorp.com,Male,EMP-0130,2020-12-02,2026-03-17,Voluntary,Career Move,Engineering,Security Engineering,IC4,Exempt,145000,0.0428,CA,Hispanic or Latino
EMP-0369,Jordan,Edwards,jordan.edwards@techcorp.com,Female,EMP-1949,2020-03-30,,,,Engineering,Data Engineering,IC1,Exempt,75000,0.085,FL,White
EMP-0370,Erica,Cordova,erica.cordova@techcorp.com,Female,EMP-0322,2020-10-30,,,,Engineering,Data Engineering,M2,Exempt,183000,0.0465,CA,White
EMP-0371,Jennifer,Robertson,jennifer.robertson@techcorp.com,Female,EMP-2857,2026-01-27,,,,Legal,Privacy & Data,IC3,Exempt,149000,0.0458,NY,Hispanic or Latino
EMP-0372,Virginia,Sandoval,virginia.sandoval@techcorp.com,Female,EMP-2146,2018-02-15,2020-08-14,Voluntary,Personal Reasons,Product,UX / Design,IC4,Exempt,158000,0.0455,NY,White
EMP-0373,Kimberly,Gutierrez,kimberly.gutierrez@techcorp.com,Female,EMP-2839,2026-04-27,,,,Product,UX / Design,IC5,Exempt,163000,0.0626,CA,Hispanic or Latino
EMP-0374,Chelsea,Cox,chelsea.cox@techcorp.com,Female,EMP-2035,2021-05-22,,,,Engineering,Data Engineering,IC4,Exempt,142000,0.1395,IL,Black or African American
EMP-0375,Peter,Garrett,peter.garrett@techcorp.com,Male,EMP-2930,2026-05-07,,,,HR,Talent Acquisition,IC2,Exempt,102000,0.1118,CA,White
EMP-0376,Olivia,Harris,olivia.harris@techcorp.com,Female,EMP-2267,2023-02-08,,,,Sales,Customer Success,IC1,Non-Exempt,74000,0.1183,CA,White
EMP-0377,Joshua,Pennington,joshua.pennington@techcorp.com,Male,EMP-0851,2020-06-01,,,,Sales,Account Management,IC4,Exempt,157000,0.1444,CA,White
EMP-0378,Jeffrey,Wolfe,jeffrey.wolfe@techcorp.com,Male,EMP-0164,2021-02-24,,,,Sales,Enterprise Sales,IC3,Exempt,122000,0.1007,CA,Hispanic or Latino
EMP-0379,Barbara,Dudley,barbara.dudley@techcorp.com,Female,EMP-1710,2025-11-19,,,,Sales,Revenue Operations,IC2,Non-Exempt,100000,0.2289,FL,White
EMP-0380,Lee,Allen,lee.allen@techcorp.com,Male,EMP-0999,2023-04-20,,,,Engineering,Infrastructure / DevOps,M1,Exempt,136000,0.0988,NY,White
EMP-0381,Brooke,Pierce,brooke.pierce@techcorp.com,Female,EMP-0077,2021-11-21,,,,HR,People Operations,IC4,Exempt,139000,0.0482,NY,White
EMP-0382,Juan,Davis,juan.davis@techcorp.com,Male,EMP-2160,2023-07-19,,,,Product,Product Operations,IC2,Exempt,107000,0.054,NY,Hispanic or Latino
EMP-0383,Wendy,Durham,wendy.durham@techcorp.com,Female,EMP-2268,2025-01-04,2026-02-24,Involuntary,Performance,Sales,Sales Development,IC2,Non-Exempt,105000,0.1851,NJ,White
EMP-0384,Joel,Wilson,joel.wilson@techcorp.com,Male,EMP-2025,2023-10-30,,,,Product,Product Management,IC2,Exempt,100000,0.0382,TX,Asian
EMP-0385,Ronnie,Jimenez,ronnie.jimenez@techcorp.com,Male,EMP-2980,2022-03-10,,,,Product,Product Operations,IC2,Exempt,115000,0.0785,NJ,White
EMP-0386,Mitchell,Hicks,mitchell.hicks@techcorp.com,Male,EMP-2689,2023-02-02,,,,Engineering,Data Engineering,IC2,Exempt,109000,0.1343,CA,White
EMP-0387,Donald,Davenport,donald.davenport@techcorp.com,Male,EMP-0694,2021-06-09,,,,Product,Product Management,IC3,Exempt,130000,0.0454,CA,Hispanic or Latino
EMP-0388,Veronica,Sanchez,veronica.sanchez@techcorp.com,Female,EMP-2620,2018-10-02,,,,Engineering,QA Engineering,IC3,Exempt,119000,0.0178,WA,Hispanic or Latino
EMP-0389,Juan,Reyes,juan.reyes@techcorp.com,Male,EMP-2430,2021-11-06,,,,Finance,Treasury,M3,Exempt,231000,0.15,TX,Asian
EMP-0390,Thomas,Romero,thomas.romero@techcorp.com,Male,EMP-1288,2021-12-10,,,,Engineering,Software Engineering,IC4,Exempt,153000,0.071,NJ,Hispanic or Latino
EMP-0391,Sherry,Shields,sherry.shields@techcorp.com,Female,EMP-2939,2025-09-06,,,,HR,People Operations,M2,Exempt,200000,0.0456,WA,Hispanic or Latino
EMP-0392,Desiree,Tyler,desiree.tyler@techcorp.com,Female,EMP-1343,2019-01-13,2024-09-18,Voluntary,Compensation,Engineering,Software Engineering,IC5,Exempt,194000,0.1246,TX,White
EMP-0393,Jason,Villa,jason.villa@techcorp.com,Male,EMP-1367,2023-01-23,,,,Engineering,Data Engineering,IC2,Exempt,102000,0.0142,FL,White
EMP-0394,Katie,Hoover,katie.hoover@techcorp.com,Female,EMP-1061,2025-10-26,2026-06-25,Voluntary,Personal Reasons,Product,UX / Design,IC3,Exempt,117000,0.044,TX,White
EMP-0395,Douglas,Evans,douglas.evans@techcorp.com,Male,EMP-1606,2019-03-26,,,,Engineering,Data Engineering,IC1,Exempt,82000,0.0115,NY,White
EMP-0396,Kevin,Duarte,kevin.duarte@techcorp.com,Male,EMP-1188,2025-08-29,,,,Engineering,Infrastructure / DevOps,IC3,Exempt,117000,0.0343,NY,Hispanic or Latino
EMP-0397,Katherine,Hernandez,katherine.hernandez@techcorp.com,Female,EMP-0346,2022-10-28,,,,Engineering,Software Engineering,IC4,Exempt,149000,0.1347,NY,White
EMP-0398,Kimberly,Reed,kimberly.reed@techcorp.com,Female,EMP-0165,2018-09-24,,,,Sales,Account Management,IC4,Exempt,149000,0.2872,NY,White
EMP-0399,Kristen,Daniels,kristen.daniels@techcorp.com,Female,EMP-1026,2023-05-12,,,,Engineering,Software Engineering,IC4,Exempt,159000,0.0984,TX,White
EMP-0400,Jordan,Morris,jordan.morris@techcorp.com,Female,EMP-2316,2021-05-15,,,,HR,HR Business Partnering,IC3,Exempt,127000,0.0469,NY,White
EMP-0401,Colin,Terry,colin.terry@techcorp.com,Male,EMP-2048,2020-12-25,,,,Engineering,Infrastructure / DevOps,IC3,Exempt,121000,0.0455,NJ,White
EMP-0402,Laura,Hall,laura.hall@techcorp.com,Female,EMP-0438,2020-05-24,,,,Engineering,Data Engineering,IC3,Exempt,109000,0.0717,CA,White
EMP-0403,Patricia,Williams,patricia.williams@techcorp.com,Female,EMP-0476,2018-10-06,,,,Product,UX / Design,IC3,Exempt,120000,0.061,TX,White
EMP-0404,Patrick,Thornton,patrick.thornton@techcorp.com,Male,EMP-1834,2018-06-25,,,,Engineering,QA Engineering,M2,Exempt,202000,0.0041,FL,Asian
EMP-0405,Roberta,Hughes,roberta.hughes@techcorp.com,Female,EMP-0202,2023-09-19,,,,Marketing,Product Marketing,IC5,Exempt,183000,0.136,CA,White
EMP-0406,Mary,Hoover,mary.hoover@techcorp.com,Female,EMP-2072,2022-11-08,,,,Sales,Customer Success,IC1,Non-Exempt,61000,0.0666,CA,Black or African American
EMP-0407,Veronica,Simpson,veronica.simpson@techcorp.com,Female,EMP-2707,2022-02-22,,,,Engineering,QA Engineering,IC1,Exempt,68000,0.0697,NJ,Asian
EMP-0408,Amanda,Shaw,amanda.shaw@techcorp.com,Female,EMP-0702,2021-09-01,,,,Legal,Privacy & Data,IC3,Exempt,146000,0.0975,NY,Hispanic or Latino
EMP-0409,Leslie,Kane,leslie.kane@techcorp.com,Female,EMP-2665,2024-11-29,,,,Marketing,Demand Generation,IC4,Exempt,149000,0.0483,CA,White
EMP-0410,Shelly,Alexander,shelly.alexander@techcorp.com,Female,EMP-0370,2021-11-28,,,,Finance,Tax,IC2,Exempt,93000,0.0502,FL,White
EMP-0411,Kelly,Bryant,kelly.bryant@techcorp.com,Female,EMP-1187,2025-09-20,,,,Product,UX / Design,M1,Exempt,137000,0.1029,FL,White
EMP-0412,Nathan,Ortiz,nathan.ortiz@techcorp.com,Male,EMP-0370,2023-11-01,,,,Engineering,Data Engineering,IC5,Exempt,172000,0.1084,NY,White
EMP-0413,Mary,Moore,mary.moore1@techcorp.com,Female,EMP-0073,2022-05-24,2023-03-04,Involuntary,Reorganization,Engineering,Security Engineering,IC4,Exempt,153000,0.1399,NY,White
EMP-0414,John,Costa,john.costa@techcorp.com,Male,EMP-2241,2018-01-14,,,,Sales,Account Management,IC3,Exempt,134000,0.2835,IL,White
EMP-0415,Gina,Schwartz,gina.schwartz@techcorp.com,Female,EMP-0912,2023-06-29,,,,HR,Learning & Development,IC1,Non-Exempt,62000,0.0525,NY,White
EMP-0416,Matthew,Christian,matthew.christian@techcorp.com,Male,EMP-2007,2018-08-12,2026-06-27,Voluntary,Career Move,Sales,Customer Success,IC1,Non-Exempt,77000,0.065,TX,White
EMP-0417,Sarah,Villarreal,sarah.villarreal@techcorp.com,Female,EMP-2900,2020-08-02,,,,Engineering,Data Engineering,IC4,Exempt,159000,0.0856,CA,White
EMP-0418,James,Stewart,james.stewart@techcorp.com,Male,EMP-1052,2024-01-28,,,,Sales,Sales Development,IC3,Exempt,106000,0.2613,TX,Hispanic or Latino
EMP-0419,Michelle,Malone,michelle.malone@techcorp.com,Female,EMP-2050,2023-02-26,,,,Legal,Employment Law,M1,Exempt,175000,0.0918,CA,White
EMP-0420,Shelia,Johnson,shelia.johnson@techcorp.com,Female,EMP-0202,2020-08-09,,,,Engineering,Software Engineering,IC2,Exempt,106000,0.0613,NY,White
EMP-0421,Barry,Welch,barry.welch@techcorp.com,Male,EMP-1343,2023-08-07,,,,Sales,Customer Success,IC3,Exempt,117000,0.2596,TX,White
EMP-0422,Tammie,Bright,tammie.bright@techcorp.com,Female,EMP-1407,2021-12-17,,,,Engineering,Security Engineering,IC4,Exempt,158000,0.1072,IL,White
EMP-0423,Paul,Hamilton,paul.hamilton@techcorp.com,Male,EMP-2713,2018-03-25,,,,Engineering,Security Engineering,IC1,Exempt,69000,0.0668,NY,White
EMP-0424,Cynthia,Brennan,cynthia.brennan@techcorp.com,Non-Binary / Third Gender,EMP-0301,2020-11-30,2023-06-16,Voluntary,Career Move,Engineering,Security Engineering,IC4,Exempt,155000,0.0329,TX,White
EMP-0425,Jeremy,Benson,jeremy.benson@techcorp.com,Male,EMP-1128,2019-01-14,,,,Engineering,Infrastructure / DevOps,IC4,Exempt,146000,0.0075,CA,Asian
EMP-0426,Steven,Williams,steven.williams@techcorp.com,Male,EMP-0065,2020-02-01,,,,Finance,Accounting,IC3,Exempt,119000,0.025,CA,Black or African American
EMP-0427,Rebecca,Carter,rebecca.carter@techcorp.com,Female,EMP-2316,2019-11-19,,,,Sales,Sales Development,IC4,Exempt,141000,0.2903,TX,White
EMP-0428,James,Thomas,james.thomas@techcorp.com,Male,EMP-0346,2024-03-16,,,,HR,Total Rewards,IC1,Non-Exempt,74000,0.0183,IL,White
EMP-0429,Joseph,Knight,joseph.knight@techcorp.com,Male,EMP-0878,2021-01-20,,,,Engineering,Infrastructure / DevOps,IC5,Exempt,188000,0.0751,IL,White
EMP-0430,Rebecca,Jackson,rebecca.jackson1@techcorp.com,Female,EMP-1367,2019-06-26,,,,Finance,Accounting,IC5,Exempt,190000,0.1251,TX,White
EMP-0431,Angela,Pitts,angela.pitts@techcorp.com,Female,EMP-0878,2019-03-27,,,,Engineering,Data Engineering,IC1,Exempt,63000,0.0909,CA,Two or More Races
EMP-0432,Lisa,Allen,lisa.allen@techcorp.com,Female,EMP-2612,2023-12-07,,,,Marketing,Product Marketing,IC3,Exempt,133000,0.0711,TX,White
EMP-0433,Susan,Thomas,susan.thomas@techcorp.com,Female,EMP-2128,2023-11-15,,,,Product,UX / Design,IC1,Exempt,63000,0.1287,CA,White
EMP-0434,Julia,King,julia.king@techcorp.com,Female,EMP-2828,2021-05-07,,,,Engineering,Software Engineering,M3,Exempt,224000,0.15,NY,White
EMP-0435,David,Smith,david.smith@techcorp.com,Male,EMP-1608,2018-03-07,2022-06-16,Involuntary,Reorganization,Sales,Sales Development,IC3,Exempt,125000,0.2096,CA,Black or African American
EMP-0436,Robert,Santana,robert.santana@techcorp.com,Male,EMP-2429,2023-06-17,,,,Sales,Revenue Operations,IC2,Non-Exempt,84000,0.1663,IL,White
EMP-0437,Megan,Moore,megan.moore@techcorp.com,Female,EMP-1825,2019-02-19,2024-06-03,Voluntary,Compensation,Product,UX / Design,IC2,Exempt,105000,0.0526,IL,Black or African American
EMP-0438,Jessica,Reed,jessica.reed@techcorp.com,Female,EMP-1833,2019-11-11,,,,Marketing,Demand Generation,M1,Exempt,165000,0.0263,FL,White
EMP-0439,Laurie,Fowler,laurie.fowler@techcorp.com,Female,EMP-2970,2023-11-05,,,,Marketing,Marketing Operations,IC3,Exempt,106000,0.0222,NJ,White
EMP-0440,Jeff,Wright,jeff.wright@techcorp.com,Male,EMP-0128,2023-06-20,,,,Finance,Treasury,M1,Exempt,164000,0.0054,NJ,Hispanic or Latino
EMP-0441,Ryan,Gonzalez,ryan.gonzalez@techcorp.com,Male,EMP-2733,2026-01-04,,,,Engineering,Security Engineering,IC4,Exempt,153000,0.0953,CA,Hispanic or Latino
EMP-0442,Janice,Webb,janice.webb@techcorp.com,Female,,2021-02-03,,,,Product,UX / Design,VP,Exempt,302000,0.15,CA,White
EMP-0443,Cynthia,Armstrong,cynthia.armstrong@techcorp.com,Female,EMP-1608,2020-05-12,,,,Sales,Revenue Operations,IC3,Exempt,135000,0.0786,CA,Hispanic or Latino
EMP-0444,Laura,Haney,laura.haney@techcorp.com,Female,EMP-0726,2021-11-04,,,,Engineering,Infrastructure / DevOps,M3,Exempt,253000,0.15,NY,Asian
EMP-0445,Elizabeth,Spence,elizabeth.spence@techcorp.com,Female,EMP-0936,2021-08-30,,,,Sales,Customer Success,M2,Exempt,170000,0.2205,FL,White
EMP-0446,Mary,Hill,mary.hill@techcorp.com,Female,EMP-0922,2020-10-01,,,,Marketing,Content Marketing,IC4,Exempt,155000,0.0781,CA,Asian
EMP-0447,Kylie,Jennings,kylie.jennings@techcorp.com,Female,EMP-2170,2022-07-16,,,,Finance,Financial Planning & Analysis,IC4,Exempt,159000,0.0451,IL,White
EMP-0448,Natasha,Williams,natasha.williams@techcorp.com,Female,EMP-1859,2020-06-15,2025-10-10,Involuntary,Performance,HR,Total Rewards,IC3,Exempt,119000,0.0097,CA,White
EMP-0449,Larry,Crawford,larry.crawford@techcorp.com,Male,EMP-1783,2021-07-09,,,,Finance,Financial Planning & Analysis,M1,Exempt,145000,0.1223,CA,White
EMP-0450,Sue,Mitchell,sue.mitchell@techcorp.com,Female,EMP-2196,2019-04-30,,,,Product,UX / Design,IC3,Exempt,112000,0.0365,NY,Asian
EMP-0451,Rebecca,Lawson,rebecca.lawson@techcorp.com,Female,EMP-1471,2021-10-08,,,,HR,HR Business Partnering,M2,Exempt,186000,0.0712,IL,White
EMP-0452,Heather,Fields,heather.fields@techcorp.com,Female,EMP-0021,2019-09-07,2023-03-08,Involuntary,Reorganization,Engineering,Infrastructure / DevOps,IC5,Exempt,180000,0.1345,IL,Black or African American
EMP-0453,Marc,Byrd,marc.byrd@techcorp.com,Male,EMP-1196,2025-08-12,,,,Legal,Compliance,IC3,Exempt,125000,0.0088,CA,White
EMP-0454,Nathan,Hopkins,nathan.hopkins@techcorp.com,Male,EMP-0922,2018-12-04,,,,Engineering,Software Engineering,IC3,Exempt,123000,0.1232,CA,White
EMP-0455,Ryan,Fuller,ryan.fuller@techcorp.com,Male,EMP-2727,2023-11-25,,,,Sales,Account Management,IC2,Non-Exempt,101000,0.1211,CA,Hispanic or Latino
EMP-0456,Stephanie,Lucas,stephanie.lucas@techcorp.com,Female,EMP-0570,2025-11-06,,,,Marketing,Brand,IC5,Exempt,177000,0.0529,FL,White
EMP-0457,Ellen,Alexander,ellen.alexander@techcorp.com,Female,EMP-0404,2022-07-01,,,,Finance,Treasury,IC5,Exempt,188000,0.0353,WA,White
EMP-0458,Lauren,Oconnor,lauren.oconnor@techcorp.com,Female,EMP-1829,2019-09-02,,,,Product,Product Operations,IC4,Exempt,137000,0.0359,IL,White
EMP-0459,Brandon,Phillips,brandon.phillips@techcorp.com,Male,EMP-0194,2022-08-06,,,,Engineering,Software Engineering,IC4,Exempt,158000,0.1002,FL,Hispanic or Latino
EMP-0460,Paul,Thompson,paul.thompson@techcorp.com,Male,EMP-2713,2023-04-23,2026-04-23,Involuntary,Reorganization,Finance,Treasury,IC2,Exempt,99000,0.0987,NY,White
EMP-0461,Bonnie,Ryan,bonnie.ryan@techcorp.com,Female,EMP-2091,2025-05-20,,,,Sales,Enterprise Sales,IC2,Non-Exempt,102000,0.2379,IL,White
EMP-0462,Wesley,Schmidt,wesley.schmidt@techcorp.com,Male,EMP-0308,2024-10-09,,,,Engineering,Security Engineering,IC2,Exempt,115000,0.1361,FL,White
EMP-0463,Thomas,Rivas,thomas.rivas@techcorp.com,Male,EMP-2753,2019-03-05,,,,HR,People Operations,IC3,Exempt,117000,0.1163,CA,White
EMP-0464,David,Summers,david.summers@techcorp.com,Male,EMP-1930,2024-08-15,,,,Finance,Internal Audit,IC2,Exempt,103000,0.0295,NJ,Hispanic or Latino
EMP-0465,Karen,Drake,karen.drake@techcorp.com,Female,EMP-0310,2024-08-17,,,,Legal,Compliance,IC3,Exempt,125000,0.0756,CA,White
EMP-0466,Nicole,Morgan,nicole.morgan@techcorp.com,Female,EMP-1026,2024-10-29,,,,Engineering,Infrastructure / DevOps,IC1,Exempt,65000,0.0473,TX,White
EMP-0467,Ashley,Mccarty,ashley.mccarty@techcorp.com,Female,EMP-0766,2018-06-08,,,,Marketing,Content Marketing,IC2,Exempt,97000,0.1043,NY,White
EMP-0468,Brenda,Levy,brenda.levy@techcorp.com,Female,EMP-0175,2023-01-15,,,,Engineering,Data Engineering,IC4,Exempt,145000,0.0645,WA,Black or African American
EMP-0469,Shannon,Ramsey,shannon.ramsey@techcorp.com,Female,EMP-2131,2024-02-17,,,,Sales,Revenue Operations,IC4,Exempt,140000,0.2671,FL,Hispanic or Latino
EMP-0470,Veronica,Coffey,veronica.coffey@techcorp.com,Female,EMP-0800,2024-03-12,2025-07-17,Involuntary,Performance,Product,Product Management,IC1,Exempt,76000,0.1028,IL,White
EMP-0471,Regina,Diaz,regina.diaz@techcorp.com,Female,EMP-0187,2019-02-12,2023-12-24,Voluntary,Career Move,Engineering,Data Engineering,IC2,Exempt,103000,0.1097,CA,White
EMP-0472,Richard,Smith,richard.smith@techcorp.com,Male,EMP-2904,2022-01-20,,,,Sales,Account Management,IC3,Exempt,142000,0.1222,WA,Hispanic or Latino
EMP-0473,Joshua,Gibson,joshua.gibson@techcorp.com,Male,EMP-2007,2018-09-28,,,,Engineering,Security Engineering,IC2,Exempt,104000,0.1002,NY,White
EMP-0474,Megan,Chambers,megan.chambers@techcorp.com,Female,EMP-2100,2018-12-08,,,,HR,Total Rewards,IC3,Exempt,115000,0.0424,NY,White
EMP-0475,Kevin,Carson,kevin.carson@techcorp.com,Male,EMP-0786,2025-09-25,,,,Finance,Internal Audit,IC3,Exempt,111000,0.1487,FL,White
EMP-0476,Teresa,Rodriguez,teresa.rodriguez@techcorp.com,Female,EMP-0353,2022-11-07,,,,Product,Product Management,M2,Exempt,212000,0.1164,NY,White
EMP-0477,Cynthia,Johnson,cynthia.johnson@techcorp.com,Female,EMP-1362,2026-05-09,,,,Product,Product Management,IC3,Exempt,130000,0.1401,NJ,White
EMP-0478,Stacey,Hoffman,stacey.hoffman@techcorp.com,Female,EMP-2399,2021-08-12,,,,Legal,Compliance,IC4,Exempt,152000,0.0042,NY,White
EMP-0479,Thomas,Walker,thomas.walker@techcorp.com,Male,EMP-2678,2018-01-31,2019-12-02,Involuntary,Reorganization,Product,UX / Design,M1,Exempt,172000,0.0128,IL,White
EMP-0480,Arthur,Colon,arthur.colon@techcorp.com,Male,EMP-1127,2020-10-04,,,,Finance,Financial Planning & Analysis,IC5,Exempt,198000,0.1463,CA,White
EMP-0481,Theodore,Turner,theodore.turner@techcorp.com,Male,EMP-0271,2023-08-03,2024-06-09,Involuntary,Performance,Sales,Enterprise Sales,IC2,Non-Exempt,98000,0.1517,CA,White
EMP-0482,Jennifer,Taylor,jennifer.taylor@techcorp.com,Female,EMP-2806,2022-01-24,,,,HR,Talent Acquisition,IC1,Non-Exempt,62000,0.0317,NY,Black or African American
EMP-0483,Theresa,Torres,theresa.torres@techcorp.com,Female,EMP-1592,2018-11-19,,,,Engineering,Data Engineering,IC2,Exempt,90000,0.0467,NJ,Hispanic or Latino
EMP-0484,Katherine,Davis,katherine.davis1@techcorp.com,Female,EMP-1188,2018-06-16,2025-02-18,Voluntary,Personal Reasons,Product,UX / Design,IC5,Exempt,192000,0.063,TX,White
EMP-0485,Stephen,Taylor,stephen.taylor@techcorp.com,Male,EMP-0725,2018-06-24,2026-06-18,Voluntary,Personal Reasons,Engineering,Security Engineering,M1,Exempt,177000,0.0609,CA,White
EMP-0486,Jody,Santiago,jody.santiago@techcorp.com,Female,EMP-0322,2018-01-22,,,,Sales,Customer Success,M3,Exempt,247000,0.2365,FL,Black or African American
EMP-0487,Natalie,Bautista,natalie.bautista@techcorp.com,Female,EMP-1810,2023-12-02,,,,HR,Total Rewards,IC2,Exempt,89000,0.0485,TX,Asian
EMP-0488,Jennifer,Newton,jennifer.newton@techcorp.com,Female,EMP-2399,2019-05-26,,,,Sales,Revenue Operations,IC5,Exempt,183000,0.2013,CA,White
EMP-0489,Brittany,Perry,brittany.perry@techcorp.com,Female,EMP-1387,2020-10-16,,,,Finance,Accounting,IC3,Exempt,126000,0.0346,CA,White
EMP-0490,Annette,Burns,annette.burns@techcorp.com,Female,EMP-0391,2020-06-12,,,,HR,HR Business Partnering,IC4,Exempt,175000,0.0536,TX,Hispanic or Latino
EMP-0491,Stephanie,Johnson,stephanie.johnson@techcorp.com,Non-Binary / Third Gender,EMP-1359,2022-08-11,,,,Sales,Sales Development,IC2,Non-Exempt,96000,0.1725,NY,White
EMP-0492,Jacob,Ramos,jacob.ramos@techcorp.com,Male,EMP-2895,2022-11-27,,,,Product,UX / Design,IC3,Exempt,113000,0.0166,CA,Black or African American
EMP-0493,Tiffany,Foley,tiffany.foley@techcorp.com,Female,EMP-0007,2018-02-26,,,,Product,UX / Design,IC4,Exempt,157000,0.0794,TX,White
EMP-0494,Brett,Jennings,brett.jennings@techcorp.com,Male,EMP-1116,2022-05-19,,,,Engineering,QA Engineering,IC1,Exempt,63000,0.0331,IL,White
EMP-0495,Joshua,Levine,joshua.levine@techcorp.com,Male,EMP-1537,2020-06-15,,,,Finance,Internal Audit,IC3,Exempt,125000,0.1401,CA,Hispanic or Latino
EMP-0496,Ian,Sanders,ian.sanders@techcorp.com,Male,EMP-0954,2026-05-16,,,,Marketing,Product Marketing,IC4,Exempt,136000,0.1021,IL,White
EMP-0497,Colton,Martinez,colton.martinez@techcorp.com,Male,EMP-0228,2020-09-27,,,,Marketing,Marketing Operations,IC3,Exempt,106000,0.1034,IL,Asian
EMP-0498,Ryan,Gibson,ryan.gibson@techcorp.com,Male,EMP-0861,2024-03-18,,,,Engineering,Security Engineering,IC1,Exempt,71000,0.0002,CA,White
EMP-0499,Matthew,May,matthew.may@techcorp.com,Male,EMP-1648,2020-10-25,,,,Sales,Enterprise Sales,IC4,Exempt,147000,0.2072,FL,Asian
EMP-0500,Linda,Smith,linda.smith@techcorp.com,Female,EMP-1756,2020-09-30,,,,Engineering,QA Engineering,IC1,Exempt,61000,0.0504,NY,White
EMP-0501,Richard,Sanchez,richard.sanchez@techcorp.com,Male,EMP-1363,2024-04-22,,,,Finance,Financial Planning & Analysis,IC4,Exempt,160000,0.0154,IL,White
EMP-0502,Beth,Cunningham,beth.cunningham@techcorp.com,Female,EMP-1476,2019-02-01,,,,Engineering,Software Engineering,IC1,Exempt,67000,0.1377,NY,Two or More Races
EMP-0503,Barry,Hubbard,barry.hubbard@techcorp.com,Male,EMP-0065,2019-01-19,,,,Engineering,QA Engineering,IC2,Exempt,100000,0.0805,TX,Hispanic or Latino
EMP-0504,Christine,Robinson,christine.robinson@techcorp.com,Female,EMP-2316,2024-01-26,,,,Sales,Customer Success,IC3,Exempt,139000,0.1194,CA,Black or African American
EMP-0505,Sergio,Murphy,sergio.murphy@techcorp.com,Male,EMP-2871,2021-11-30,,,,Sales,Enterprise Sales,IC2,Non-Exempt,91000,0.1891,CA,Hispanic or Latino
EMP-0506,Brittany,Lester,brittany.lester@techcorp.com,Female,EMP-1318,2020-03-13,,,,Engineering,Data Engineering,IC5,Exempt,192000,0.0442,CA,White
EMP-0507,Aaron,Garrison,aaron.garrison@techcorp.com,Male,EMP-1825,2025-01-12,,,,Sales,Enterprise Sales,IC1,Non-Exempt,77000,0.158,FL,Black or African American
EMP-0508,Brianna,Anderson,brianna.anderson@techcorp.com,Female,EMP-0576,2019-12-03,2020-10-27,Voluntary,Career Move,Finance,Tax,IC3,Exempt,106000,0.0263,IL,White
EMP-0509,David,Thompson,david.thompson@techcorp.com,Male,EMP-0970,2022-11-16,,,,Sales,Sales Development,IC2,Non-Exempt,105000,0.0915,FL,Hispanic or Latino
EMP-0510,Mary,Johnson,mary.johnson@techcorp.com,Female,EMP-2903,2024-05-12,,,,Marketing,Content Marketing,IC2,Exempt,104000,0.0765,TX,Black or African American
EMP-0511,Alexis,Tyler,alexis.tyler@techcorp.com,Female,EMP-0440,2020-05-27,,,,Sales,Account Management,IC2,Non-Exempt,85000,0.1239,NJ,White
EMP-0512,David,Morris,david.morris@techcorp.com,Male,EMP-0585,2025-10-15,,,,Engineering,Data Engineering,IC2,Exempt,103000,0.0345,FL,Asian
EMP-0513,Carrie,Williams,carrie.williams@techcorp.com,Female,EMP-2008,2025-04-14,,,,Sales,Customer Success,IC5,Exempt,206000,0.2542,CA,White
EMP-0514,Patrick,Fox,patrick.fox@techcorp.com,Male,EMP-1666,2024-03-12,,,,Product,Product Management,IC2,Exempt,88000,0.0806,CA,White
EMP-0515,Nichole,Alvarez,nichole.alvarez@techcorp.com,Female,EMP-2174,2022-10-18,,,,Engineering,Security Engineering,IC5,Exempt,203000,0.0308,NJ,White
EMP-0516,Paula,Palmer,paula.palmer@techcorp.com,Female,EMP-0007,2024-02-18,2026-05-19,Involuntary,Performance,Sales,Account Management,M1,Exempt,178000,0.1305,CA,White
EMP-0517,William,Dougherty,william.dougherty@techcorp.com,Non-Binary / Third Gender,EMP-0742,2018-12-05,,,,Product,Product Operations,IC3,Exempt,124000,0.143,CA,Black or African American
EMP-0518,Andrew,Logan,andrew.logan@techcorp.com,Male,EMP-0336,2018-04-16,,,,Engineering,Data Engineering,IC1,Exempt,84000,0.0469,FL,Black or African American
EMP-0519,Sharon,Boyd,sharon.boyd@techcorp.com,Female,EMP-1052,2019-08-29,,,,Engineering,Infrastructure / DevOps,IC2,Exempt,99000,0.081,NY,White
EMP-0520,Jimmy,Maynard,jimmy.maynard@techcorp.com,Male,EMP-0323,2018-06-23,,,,Product,UX / Design,IC3,Exempt,129000,0.0061,NY,White
EMP-0521,Antonio,Mendoza,antonio.mendoza@techcorp.com,Male,,2021-10-30,,,,HR,Learning & Development,VP,Exempt,316000,0.1432,TX,White
EMP-0522,James,Parks,james.parks@techcorp.com,Male,EMP-1123,2025-06-01,,,,Sales,Account Management,IC2,Non-Exempt,89000,0.2554,NJ,White
EMP-0523,John,Browning,john.browning@techcorp.com,Male,EMP-2392,2025-01-04,2026-03-10,Voluntary,Career Move,Sales,Revenue Operations,IC4,Exempt,140000,0.102,NY,Black or African American
EMP-0524,Benjamin,Miller,benjamin.miller@techcorp.com,Male,EMP-2931,2019-05-17,,,,Engineering,Security Engineering,IC5,Exempt,178000,0.0793,IL,Asian
EMP-0525,Lisa,Jones,lisa.jones@techcorp.com,Female,EMP-1052,2023-04-25,,,,HR,People Operations,IC4,Exempt,157000,0.0299,CA,Hispanic or Latino
EMP-0526,Denise,Schultz,denise.schultz@techcorp.com,Female,EMP-1474,2022-06-26,2024-12-18,Involuntary,Performance,Marketing,Brand,IC5,Exempt,168000,0.0734,CA,White
EMP-0527,Joshua,Nguyen,joshua.nguyen@techcorp.com,Male,EMP-0903,2022-02-17,2024-08-13,Involuntary,Performance,Sales,Customer Success,M3,Exempt,229000,0.1656,WA,White
EMP-0528,Wendy,Schmidt,wendy.schmidt@techcorp.com,Female,EMP-2984,2020-02-04,,,,Engineering,Security Engineering,IC1,Exempt,76000,0.1082,NY,White
EMP-0529,Jesse,Jacobs,jesse.jacobs@techcorp.com,Male,EMP-2387,2026-03-06,,,,Engineering,Software Engineering,IC1,Exempt,81000,0.0705,NY,Black or African American
EMP-0530,Brett,Miles,brett.miles@techcorp.com,Male,EMP-1549,2026-03-13,,,,Sales,Account Management,IC1,Non-Exempt,72000,0.189,TX,White
EMP-0531,Samuel,Curtis,samuel.curtis@techcorp.com,Male,EMP-1756,2021-04-08,,,,Product,Product Management,IC1,Exempt,64000,0.0324,WA,Black or African American
EMP-0532,Randy,Le,randy.le@techcorp.com,Male,EMP-1362,2024-08-01,,,,Engineering,Infrastructure / DevOps,IC5,Exempt,181000,0.0072,FL,Black or African American
EMP-0533,Cindy,Hayes,cindy.hayes@techcorp.com,Female,EMP-0786,2020-09-14,2023-10-30,Involuntary,Reorganization,Sales,Customer Success,IC4,Exempt,145000,0.2197,NY,White
EMP-0534,Crystal,Morgan,crystal.morgan@techcorp.com,Female,EMP-2612,2021-09-03,,,,Product,UX / Design,IC2,Exempt,85000,0.1441,IL,Hispanic or Latino
EMP-0535,Jody,Perry,jody.perry@techcorp.com,Female,EMP-0449,2018-04-19,,,,Legal,Privacy & Data,IC4,Exempt,158000,0.0264,NY,White
EMP-0536,Anna,Simmons,anna.simmons@techcorp.com,Female,EMP-1827,2024-09-07,2026-05-15,Voluntary,Career Move,HR,HR Business Partnering,IC5,Exempt,194000,0.1063,IL,Black or African American
EMP-0537,Mary,Brooks,mary.brooks@techcorp.com,Female,EMP-2361,2023-11-25,,,,Finance,Internal Audit,IC2,Exempt,83000,0.0809,CA,White
EMP-0538,Christian,Leblanc,christian.leblanc@techcorp.com,Male,EMP-2470,2020-03-08,,,,Engineering,Data Engineering,IC4,Exempt,155000,0.0237,CA,Hispanic or Latino
EMP-0539,Austin,Decker,austin.decker@techcorp.com,Male,EMP-2100,2021-01-31,,,,Sales,Enterprise Sales,IC5,Exempt,185000,0.0692,CA,White
EMP-0540,Brandon,Davis,brandon.davis@techcorp.com,Male,EMP-2497,2018-06-25,2024-03-31,Voluntary,Career Move,Finance,Tax,IC1,Non-Exempt,80000,0.1167,NY,White
EMP-0541,Parker,Cain,parker.cain@techcorp.com,Male,EMP-1810,2018-06-22,,,,Legal,Employment Law,M1,Exempt,178000,0.0055,IL,White
EMP-0542,Justin,Willis,justin.willis@techcorp.com,Male,EMP-2765,2025-09-06,,,,Engineering,Security Engineering,Director,Exempt,238000,0.15,CA,Asian
EMP-0543,Kristina,Rivera,kristina.rivera@techcorp.com,Female,EMP-0335,2020-01-22,,,,Sales,Revenue Operations,IC1,Non-Exempt,79000,0.1713,IL,White
EMP-0544,Michael,Ortega,michael.ortega@techcorp.com,Non-Binary / Third Gender,EMP-0144,2018-06-15,,,,Sales,Revenue Operations,IC1,Non-Exempt,65000,0.2657,CA,White
EMP-0545,Nicole,Parrish,nicole.parrish@techcorp.com,Female,EMP-2931,2026-04-06,,,,Engineering,Infrastructure / DevOps,IC2,Exempt,83000,0.0069,CA,White
EMP-0546,Michelle,Schmitt,michelle.schmitt@techcorp.com,Female,EMP-2686,2018-08-07,,,,Engineering,Software Engineering,IC4,Exempt,152000,0.0677,FL,Hispanic or Latino
EMP-0547,Lindsay,Bell,lindsay.bell@techcorp.com,Female,EMP-2430,2024-05-01,,,,Engineering,Infrastructure / DevOps,M3,Exempt,228000,0.15,NY,White
EMP-0548,Laura,Lewis,laura.lewis@techcorp.com,Female,EMP-2035,2020-11-11,2025-11-10,Voluntary,Compensation,HR,Learning & Development,IC2,Exempt,117000,0.0483,TX,White
EMP-0549,Matthew,Walker,matthew.walker@techcorp.com,Male,EMP-1076,2022-02-08,2024-12-28,Involuntary,Performance,HR,Learning & Development,IC4,Exempt,145000,0.1142,CA,White
EMP-0550,Brian,Bruce,brian.bruce@techcorp.com,Male,EMP-2689,2019-12-19,,,,Marketing,Demand Generation,IC1,Non-Exempt,62000,0.0734,NJ,White
EMP-0551,Holly,Farmer,holly.farmer@techcorp.com,Female,EMP-2007,2024-04-04,,,,Legal,Employment Law,IC5,Exempt,181000,0.031,NY,White
EMP-0552,Kenneth,Aguirre,kenneth.aguirre@techcorp.com,Male,EMP-2497,2025-06-06,,,,Engineering,Infrastructure / DevOps,IC4,Exempt,175000,0.0975,IL,White
EMP-0553,Ryan,Villegas,ryan.villegas@techcorp.com,Male,EMP-2137,2021-11-12,,,,Marketing,Product Marketing,IC2,Exempt,100000,0.0212,CA,Hispanic or Latino
EMP-0554,Robert,Austin,robert.austin@techcorp.com,Male,EMP-0824,2022-07-22,,,,Sales,Customer Success,IC5,Exempt,187000,0.1861,CA,Hispanic or Latino
EMP-0555,Maria,Johnson,maria.johnson@techcorp.com,Female,EMP-1872,2024-06-04,,,,Sales,Revenue Operations,M1,Exempt,157000,0.2076,IL,White
EMP-0556,Tanya,Gallegos,tanya.gallegos@techcorp.com,Female,EMP-2842,2023-12-05,,,,Finance,Tax,IC4,Exempt,149000,0.1471,FL,White
EMP-0557,Debra,White,debra.white@techcorp.com,Female,EMP-0130,2024-01-27,,,,HR,HR Business Partnering,IC1,Non-Exempt,72000,0.0956,NY,White
EMP-0558,Michael,Parker,michael.parker@techcorp.com,Male,,2020-07-05,,,,Engineering,Software Engineering,VP,Exempt,303000,0.15,NY,White
EMP-0559,Gina,Smith,gina.smith@techcorp.com,Female,EMP-0596,2021-10-03,,,,Sales,Account Management,IC5,Exempt,162000,0.0666,TX,Hispanic or Latino
EMP-0560,Sheila,Knight,sheila.knight@techcorp.com,Female,EMP-1354,2024-10-20,,,,Marketing,Demand Generation,IC3,Exempt,133000,0.0579,NY,Hispanic or Latino
EMP-0561,Jennifer,Thomas,jennifer.thomas@techcorp.com,Female,EMP-0591,2020-06-22,,,,Finance,Tax,IC3,Exempt,121000,0.1344,NY,White
EMP-0562,Mark,Johnson,mark.johnson1@techcorp.com,Male,EMP-2493,2022-08-14,,,,Product,Product Operations,IC2,Exempt,92000,0.0206,CA,Black or African American
EMP-0563,Paul,Lewis,paul.lewis@techcorp.com,Male,EMP-1120,2019-10-22,,,,Finance,Internal Audit,IC3,Exempt,133000,0.0903,NJ,White
EMP-0564,Jennifer,Peterson,jennifer.peterson@techcorp.com,Female,EMP-0039,2023-02-03,2025-02-24,Voluntary,Career Move,Sales,Sales Development,IC2,Non-Exempt,82000,0.2195,IL,White
EMP-0565,Jacob,Griffith,jacob.griffith@techcorp.com,Male,EMP-1590,2020-06-15,,,,Sales,Sales Development,M1,Exempt,138000,0.1619,FL,White
EMP-0566,Ricardo,Bradley,ricardo.bradley@techcorp.com,Male,EMP-0077,2024-02-12,,,,Legal,Compliance,M1,Exempt,150000,0.0593,FL,White
EMP-0567,Bradley,Williams,bradley.williams@techcorp.com,Male,EMP-0411,2019-01-23,2024-06-01,Voluntary,Career Move,Engineering,Security Engineering,IC1,Exempt,66000,0.1492,CA,White
EMP-0568,Christopher,Williamson,christopher.williamson@techcorp.com,Male,EMP-2325,2023-03-13,2026-01-12,Involuntary,Performance,Sales,Revenue Operations,Director,Exempt,260000,0.1755,CA,White
EMP-0569,Megan,Nelson,megan.nelson@techcorp.com,Female,EMP-0438,2019-02-24,,,,Sales,Sales Development,IC4,Exempt,142000,0.2826,NY,White
EMP-0570,Mary,Tucker,mary.tucker@techcorp.com,Female,EMP-1454,2026-03-15,,,,HR,HR Business Partnering,M1,Exempt,160000,0.0687,IL,White
EMP-0571,Jessica,Nelson,jessica.nelson@techcorp.com,Female,EMP-0316,2026-04-15,,,,Marketing,Demand Generation,IC4,Exempt,147000,0.1265,TX,Hispanic or Latino
EMP-0572,Nicole,Wilson,nicole.wilson@techcorp.com,Female,EMP-1246,2019-05-03,2026-06-28,Voluntary,Career Move,Finance,Treasury,IC3,Exempt,132000,0.0092,IL,White
EMP-0573,Jeffrey,Campbell,jeffrey.campbell@techcorp.com,Male,EMP-1028,2025-01-21,,,,Sales,Enterprise Sales,IC5,Exempt,184000,0.0898,WA,Hispanic or Latino
EMP-0574,Meghan,Tucker,meghan.tucker@techcorp.com,Female,EMP-0351,2025-09-13,,,,Sales,Enterprise Sales,Director,Exempt,283000,0.1726,CA,Hispanic or Latino
EMP-0575,Mary,Williams,mary.williams@techcorp.com,Female,EMP-1949,2024-12-28,,,,Marketing,Marketing Operations,IC2,Exempt,94000,0.141,IL,Asian
EMP-0576,Jennifer,Greene,jennifer.greene@techcorp.com,Female,EMP-0970,2021-09-17,,,,Engineering,Software Engineering,M1,Exempt,178000,0.1038,CA,Black or African American
EMP-0577,Adam,Turner,adam.turner@techcorp.com,Male,EMP-0938,2021-05-06,,,,Legal,Privacy & Data,IC3,Exempt,115000,0.0962,TX,Hispanic or Latino
EMP-0578,Daniel,Taylor,daniel.taylor@techcorp.com,Male,EMP-0265,2018-05-27,,,,HR,People Operations,IC4,Exempt,154000,0.1108,CA,White
EMP-0579,Dawn,Murphy,dawn.murphy@techcorp.com,Female,EMP-0329,2018-04-18,,,,Engineering,Infrastructure / DevOps,IC3,Exempt,128000,0.0571,CA,Hispanic or Latino
EMP-0580,Adam,Burgess,adam.burgess@techcorp.com,Male,EMP-2938,2019-09-07,,,,Marketing,Content Marketing,IC5,Exempt,196000,0.0889,NY,Black or African American
EMP-0581,Omar,Padilla,omar.padilla@techcorp.com,Non-Binary / Third Gender,EMP-1634,2018-01-03,,,,Product,UX / Design,IC2,Exempt,106000,0.1024,NJ,White
EMP-0582,Kathryn,Whitaker,kathryn.whitaker@techcorp.com,Female,EMP-0324,2024-12-12,,,,Marketing,Brand,M1,Exempt,154000,0.1025,CA,White
EMP-0583,Robert,Jones,robert.jones@techcorp.com,Male,EMP-2755,2026-05-16,,,,Sales,Enterprise Sales,M1,Exempt,160000,0.1171,CA,White
EMP-0584,Shannon,Williams,shannon.williams@techcorp.com,Female,EMP-2268,2022-06-03,,,,Sales,Sales Development,IC1,Non-Exempt,63000,0.2566,TX,White
EMP-0585,Alicia,Morse,alicia.morse@techcorp.com,Female,EMP-0357,2025-08-31,,,,Sales,Enterprise Sales,M2,Exempt,193000,0.0699,CA,Asian
EMP-0586,Shannon,Johnston,shannon.johnston@techcorp.com,Female,EMP-2868,2021-09-04,,,,Finance,Accounting,IC3,Exempt,126000,0.0605,WA,White
EMP-0587,Kenneth,Mckinney,kenneth.mckinney@techcorp.com,Male,EMP-2715,2024-10-26,,,,Legal,Privacy & Data,IC3,Exempt,108000,0.0519,IL,White
EMP-0588,Jason,Wilson,jason.wilson@techcorp.com,Male,EMP-1476,2024-04-07,,,,Engineering,QA Engineering,IC5,Exempt,190000,0.0481,NY,Hispanic or Latino
EMP-0589,Alex,Nguyen,alex.nguyen@techcorp.com,Male,EMP-1196,2019-04-09,,,,Legal,Privacy & Data,IC2,Exempt,95000,0.0165,CA,Black or African American
EMP-0590,Robert,Montgomery,robert.montgomery@techcorp.com,Male,EMP-0200,2018-06-04,,,,Legal,Corporate Legal,IC1,Non-Exempt,81000,0.021,NY,White
EMP-0591,Ronnie,Gillespie,ronnie.gillespie@techcorp.com,Male,EMP-0486,2022-02-08,2025-02-03,Involuntary,Performance,Sales,Customer Success,M1,Exempt,172000,0.2544,NY,Black or African American
EMP-0592,Anita,Richard,anita.richard@techcorp.com,Female,EMP-2196,2025-10-26,,,,Engineering,Software Engineering,IC1,Exempt,66000,0.1155,CA,Hispanic or Latino
EMP-0593,David,Chapman,david.chapman@techcorp.com,Male,EMP-0130,2023-12-08,2026-06-27,Voluntary,Personal Reasons,Product,UX / Design,IC2,Exempt,97000,0.0244,TX,Hispanic or Latino
EMP-0594,Randy,Collins,randy.collins@techcorp.com,Non-Binary / Third Gender,EMP-1634,2022-09-01,,,,Product,Product Management,IC5,Exempt,193000,0.0207,TX,White
EMP-0595,Gina,Cook,gina.cook@techcorp.com,Female,EMP-0851,2023-09-21,,,,HR,Total Rewards,IC2,Exempt,116000,0.1072,CA,Hispanic or Latino
EMP-0596,Christopher,Dixon,christopher.dixon@techcorp.com,Male,EMP-2329,2024-11-18,,,,Engineering,QA Engineering,M2,Exempt,195000,0.0193,WA,Asian
EMP-0597,Brian,Hicks,brian.hicks@techcorp.com,Male,EMP-2100,2024-07-29,2026-01-05,Voluntary,Personal Reasons,HR,HR Business Partnering,IC5,Exempt,172000,0.0284,TX,Black or African American
EMP-0598,Susan,Bailey,susan.bailey@techcorp.com,Female,EMP-1318,2024-03-25,2026-06-11,Involuntary,Performance,Marketing,Content Marketing,IC2,Exempt,109000,0.0511,NY,White
EMP-0599,Monica,Fuentes,monica.fuentes@techcorp.com,Female,EMP-0566,2022-09-29,,,,HR,People Operations,IC2,Exempt,101000,0.0947,FL,White
EMP-0600,Robin,Young,robin.young@techcorp.com,Female,EMP-1493,2025-11-22,,,,Marketing,Content Marketing,M3,Exempt,237000,0.1586,WA,White
EMP-0601,Brianna,Gonzalez,brianna.gonzalez@techcorp.com,Female,EMP-2937,2025-12-08,,,,Product,Product Operations,IC1,Exempt,76000,0.0159,CA,Black or African American
EMP-0602,Lindsey,Wolf,lindsey.wolf@techcorp.com,Female,EMP-0831,2025-03-27,,,,Engineering,Software Engineering,IC5,Exempt,206000,0.0936,CA,Hispanic or Latino
EMP-0603,Matthew,Thompson,matthew.thompson@techcorp.com,Male,EMP-1198,2023-04-16,,,,Finance,Accounting,IC3,Exempt,121000,0.1294,NY,Black or African American
EMP-0604,Raymond,Snyder,raymond.snyder@techcorp.com,Male,EMP-0794,2021-08-25,2025-10-02,Involuntary,Performance,Engineering,Data Engineering,IC5,Exempt,199000,0.0766,NJ,Hispanic or Latino
EMP-0605,Nicole,Wolf,nicole.wolf@techcorp.com,Female,EMP-1670,2025-03-28,,,,Sales,Revenue Operations,IC4,Exempt,151000,0.1643,CA,White
EMP-0606,Jerry,Glass,jerry.glass@techcorp.com,Male,EMP-2267,2018-04-30,,,,HR,Total Rewards,IC4,Exempt,140000,0.0186,WA,Asian
EMP-0607,Justin,Reid,justin.reid@techcorp.com,Male,EMP-1362,2019-12-03,,,,Legal,Corporate Legal,IC3,Exempt,132000,0.0799,TX,White
EMP-0608,Lori,Lin,lori.lin@techcorp.com,Female,EMP-1547,2022-01-29,,,,Product,Product Operations,IC5,Exempt,194000,0.1184,IL,White
EMP-0609,Mark,Hernandez,mark.hernandez@techcorp.com,Male,EMP-2843,2020-12-28,,,,Legal,Privacy & Data,IC1,Non-Exempt,65000,0.0725,NY,Hispanic or Latino
EMP-0610,Andrea,Ramos,andrea.ramos@techcorp.com,Female,EMP-0703,2020-12-05,,,,Sales,Enterprise Sales,IC2,Non-Exempt,94000,0.2883,NY,Hispanic or Latino
EMP-0611,Elizabeth,Hill,elizabeth.hill@techcorp.com,Female,EMP-0200,2024-10-08,,,,HR,Learning & Development,IC4,Exempt,146000,0.0224,CA,White
EMP-0612,Amy,Romero,amy.romero@techcorp.com,Female,EMP-2264,2024-09-06,,,,Sales,Revenue Operations,IC3,Exempt,134000,0.2777,FL,White
EMP-0613,Shannon,Brown,shannon.brown@techcorp.com,Non-Binary / Third Gender,EMP-0271,2023-10-27,,,,Engineering,Data Engineering,IC3,Exempt,109000,0.0042,FL,Two or More Races
EMP-0614,Sandra,Jones,sandra.jones@techcorp.com,Female,EMP-2384,2026-03-06,,,,Sales,Account Management,IC3,Exempt,132000,0.0933,IL,White
EMP-0615,Sharon,Wyatt,sharon.wyatt@techcorp.com,Female,EMP-0330,2023-09-04,,,,Product,Product Management,IC3,Exempt,130000,0.0956,FL,Hispanic or Latino
EMP-0616,Lucas,Hunter,lucas.hunter@techcorp.com,Male,EMP-2596,2021-02-13,,,,Product,UX / Design,IC4,Exempt,137000,0.0582,CA,White
EMP-0617,Joel,Spencer,joel.spencer@techcorp.com,Male,EMP-2754,2019-10-30,,,,Product,Product Management,IC5,Exempt,213000,0.0856,IL,White
EMP-0618,Rebecca,Huang,rebecca.huang@techcorp.com,Female,EMP-1860,2019-01-14,,,,Sales,Enterprise Sales,IC2,Non-Exempt,85000,0.1193,IL,White
EMP-0619,Joanna,Pacheco,joanna.pacheco@techcorp.com,Female,EMP-1321,2018-01-21,,,,HR,Learning & Development,IC4,Exempt,145000,0.0564,CA,White
EMP-0620,Marissa,Morris,marissa.morris@techcorp.com,Female,EMP-2937,2019-08-18,,,,Finance,Treasury,IC2,Exempt,81000,0.0226,CA,White
EMP-0621,John,Hernandez,john.hernandez@techcorp.com,Male,EMP-2754,2025-11-08,,,,Engineering,Security Engineering,IC3,Exempt,108000,0.1129,CA,White
EMP-0622,Amy,Garcia,amy.garcia@techcorp.com,Female,EMP-0324,2019-06-15,,,,Finance,Accounting,IC1,Non-Exempt,61000,0.0926,CA,White
EMP-0623,Stephanie,Cooper,stephanie.cooper@techcorp.com,Female,EMP-0391,2023-12-08,,,,Finance,Treasury,IC1,Non-Exempt,79000,0.0297,TX,Hispanic or Latino
EMP-0624,Miguel,Wagner,miguel.wagner@techcorp.com,Male,EMP-1549,2022-11-03,,,,Sales,Revenue Operations,IC2,Non-Exempt,87000,0.184,FL,White
EMP-0625,Carrie,Wright,carrie.wright@techcorp.com,Female,EMP-0950,2025-08-29,2026-06-04,Voluntary,Personal Reasons,Engineering,Security Engineering,IC4,Exempt,142000,0.0211,NY,White
EMP-0626,Jessica,Gonzales,jessica.gonzales@techcorp.com,Female,EMP-0380,2021-12-04,,,,Engineering,Security Engineering,IC5,Exempt,221000,0.0099,FL,Hispanic or Latino
EMP-0627,Kelly,Moore,kelly.moore@techcorp.com,Female,EMP-1363,2020-07-26,,,,HR,People Operations,IC1,Non-Exempt,62000,0.0331,NY,White
EMP-0628,Jake,Campbell,jake.campbell@techcorp.com,Male,EMP-0747,2021-06-11,2022-06-10,Voluntary,Career Move,Engineering,Data Engineering,IC3,Exempt,119000,0.0041,WA,Black or African American
EMP-0629,Jason,Morgan,jason.morgan@techcorp.com,Male,EMP-0596,2023-05-18,2026-06-05,Voluntary,Compensation,Marketing,Demand Generation,IC3,Exempt,122000,0.0742,CA,Hispanic or Latino
EMP-0630,Linda,Mccormick,linda.mccormick@techcorp.com,Female,EMP-0723,2019-03-15,2020-02-09,Voluntary,Compensation,Engineering,QA Engineering,IC5,Exempt,187000,0.1429,CA,Black or African American
EMP-0631,Maria,Jones,maria.jones@techcorp.com,Female,EMP-0199,2022-01-27,,,,Engineering,Security Engineering,Director,Exempt,295000,0.15,NJ,White
EMP-0632,Brandon,Gregory,brandon.gregory@techcorp.com,Male,EMP-0329,2022-10-08,,,,Sales,Account Management,IC3,Exempt,143000,0.1887,IL,White
EMP-0633,Diane,Cummings,diane.cummings@techcorp.com,Female,EMP-2785,2026-04-06,2026-05-16,Voluntary,Career Move,Finance,Treasury,IC2,Exempt,94000,0.0151,NY,Hispanic or Latino
EMP-0634,Mary,Escobar,mary.escobar@techcorp.com,Female,EMP-0941,2024-02-08,2026-03-16,Voluntary,Personal Reasons,HR,Talent Acquisition,IC1,Non-Exempt,70000,0.0975,FL,White
EMP-0635,Shane,Cook,shane.cook@techcorp.com,Male,EMP-1469,2025-11-24,,,,Engineering,Software Engineering,IC1,Exempt,69000,0.0293,CA,White
EMP-0636,Lauren,Thomas,lauren.thomas@techcorp.com,Female,EMP-0133,2020-07-27,,,,Sales,Revenue Operations,IC2,Non-Exempt,82000,0.0937,IL,White
EMP-0637,Hannah,Ponce,hannah.ponce@techcorp.com,Female,EMP-0128,2018-04-12,2023-11-22,Voluntary,Personal Reasons,Engineering,Software Engineering,IC1,Exempt,77000,0.0273,TX,White
EMP-0638,Melissa,Myers,melissa.myers@techcorp.com,Female,EMP-2073,2020-03-25,2026-02-26,Voluntary,Career Move,Engineering,Infrastructure / DevOps,IC1,Exempt,77000,0.0361,NJ,Asian
EMP-0639,Kurt,Hurley,kurt.hurley@techcorp.com,Male,EMP-1382,2020-12-25,2021-09-19,Voluntary,Compensation,Engineering,Security Engineering,IC3,Exempt,117000,0.015,WA,Hispanic or Latino
EMP-0640,Emily,Bennett,emily.bennett@techcorp.com,Female,EMP-2836,2023-06-13,,,,Marketing,Product Marketing,IC2,Exempt,90000,0.0454,CA,Hispanic or Latino
EMP-0641,Rebecca,Li,rebecca.li@techcorp.com,Female,EMP-2916,2021-07-14,,,,HR,HR Business Partnering,Director,Exempt,260000,0.1288,NY,White
EMP-0642,Meagan,Calderon,meagan.calderon@techcorp.com,Female,EMP-2909,2018-06-05,,,,HR,HR Business Partnering,IC3,Exempt,114000,0.0778,NJ,Asian
EMP-0643,Nancy,Jennings,nancy.jennings@techcorp.com,Female,EMP-0265,2024-08-14,,,,HR,People Operations,IC4,Exempt,152000,0.0976,NY,White
EMP-0644,Joseph,Lucas,joseph.lucas@techcorp.com,Male,EMP-2930,2022-04-14,,,,Product,Product Management,IC2,Exempt,84000,0.0727,WA,White
EMP-0645,Jay,Cox,jay.cox@techcorp.com,Male,EMP-0694,2020-01-20,2026-02-07,Involuntary,Performance,Engineering,Data Engineering,M1,Exempt,167000,0.1451,FL,White
EMP-0646,Heidi,White,heidi.white@techcorp.com,Female,EMP-2026,2022-10-31,,,,Finance,Accounting,IC4,Exempt,145000,0.0701,TX,Black or African American
EMP-0647,Daniel,Meza,daniel.meza@techcorp.com,Male,EMP-0585,2025-05-30,,,,Finance,Financial Planning & Analysis,M1,Exempt,183000,0.0991,CA,Black or African American
EMP-0648,John,Perez,john.perez@techcorp.com,Male,EMP-2758,2019-04-04,,,,Engineering,Software Engineering,IC3,Exempt,144000,0.1444,FL,White
EMP-0649,Chad,Jones,chad.jones@techcorp.com,Male,EMP-0330,2022-06-23,,,,Legal,Employment Law,IC3,Exempt,121000,0.0571,FL,White
EMP-0650,Sarah,Garcia,sarah.garcia@techcorp.com,Female,EMP-2984,2018-09-10,,,,Marketing,Demand Generation,IC3,Exempt,113000,0.0084,NY,White
EMP-0651,Randy,Conley,randy.conley@techcorp.com,Male,EMP-2025,2020-02-13,2025-10-23,Voluntary,Compensation,Finance,Internal Audit,IC1,Non-Exempt,71000,0.0406,NY,Hispanic or Latino
EMP-0652,Stephen,Johnson,stephen.johnson@techcorp.com,Male,EMP-2361,2019-09-09,,,,Legal,Privacy & Data,IC2,Exempt,100000,0.0392,WA,Hispanic or Latino
EMP-0653,George,Miranda,george.miranda@techcorp.com,Male,EMP-2994,2022-10-01,,,,Legal,Corporate Legal,M3,Exempt,214000,0.1478,IL,Hispanic or Latino
EMP-0654,Bonnie,Bennett,bonnie.bennett@techcorp.com,Female,EMP-2824,2025-10-01,,,,Sales,Customer Success,IC4,Exempt,136000,0.1333,NY,White
EMP-0655,Carla,Guerra,carla.guerra@techcorp.com,Female,EMP-1496,2022-09-24,2026-06-23,Voluntary,Compensation,HR,People Operations,M1,Exempt,152000,0.0614,NY,White
EMP-0656,Ray,Lamb,ray.lamb@techcorp.com,Male,EMP-2241,2021-10-16,,,,Engineering,Software Engineering,IC2,Exempt,90000,0.024,IL,White
EMP-0657,Carol,Kim,carol.kim@techcorp.com,Female,EMP-2571,2021-02-01,2025-03-08,Voluntary,Personal Reasons,Marketing,Marketing Operations,IC1,Non-Exempt,71000,0.041,WA,Asian
EMP-0658,Jason,Rhodes,jason.rhodes@techcorp.com,Male,EMP-1949,2022-06-07,2022-11-13,Voluntary,Career Move,Product,UX / Design,IC4,Exempt,139000,0.1481,TX,Hispanic or Latino
EMP-0659,Cynthia,Wallace,cynthia.wallace@techcorp.com,Female,EMP-0476,2020-05-28,2023-08-05,Voluntary,Personal Reasons,Finance,Financial Planning & Analysis,IC1,Non-Exempt,80000,0.1135,FL,White
EMP-0660,Dustin,Goodman,dustin.goodman@techcorp.com,Male,EMP-1756,2018-01-02,,,,Legal,Corporate Legal,IC1,Non-Exempt,64000,0.091,IL,White
EMP-0661,Joann,Ferguson,joann.ferguson@techcorp.com,Female,EMP-2148,2021-02-14,2026-05-18,Voluntary,Career Move,Finance,Tax,IC4,Exempt,142000,0.0393,TX,White
EMP-0662,Emily,Stokes,emily.stokes@techcorp.com,Female,EMP-2754,2023-04-10,,,,Marketing,Product Marketing,IC2,Exempt,110000,0.1676,CA,White
EMP-0663,John,Conley,john.conley@techcorp.com,Male,,2026-03-07,,,,HR,Talent Acquisition,VP,Exempt,367000,0.1361,TX,White
EMP-0664,Holly,Valentine,holly.valentine@techcorp.com,Female,EMP-2130,2023-10-19,,,,Marketing,Marketing Operations,IC1,Non-Exempt,76000,0.1111,TX,Asian
EMP-0665,William,Murray,william.murray@techcorp.com,Male,EMP-2733,2025-11-02,,,,Finance,Internal Audit,IC5,Exempt,193000,0.0928,NY,Asian
EMP-0666,Diane,Reyes,diane.reyes@techcorp.com,Female,EMP-1230,2020-12-05,,,,Sales,Enterprise Sales,IC5,Exempt,184000,0.0623,CA,White
EMP-0667,Joseph,Burch,joseph.burch@techcorp.com,Male,EMP-0116,2022-01-19,2025-12-17,Involuntary,Performance,Product,Product Management,IC5,Exempt,184000,0.0572,FL,White
EMP-0668,Ruth,Solis,ruth.solis@techcorp.com,Female,EMP-1249,2024-09-07,,,,Finance,Internal Audit,IC2,Exempt,99000,0.0833,NY,White
EMP-0669,Charles,Wright,charles.wright@techcorp.com,Male,EMP-2970,2025-04-06,,,,Legal,Employment Law,IC4,Exempt,150000,0.0579,NY,White
EMP-0670,Margaret,Sawyer,margaret.sawyer@techcorp.com,Female,EMP-1249,2021-05-18,,,,Sales,Enterprise Sales,IC3,Exempt,120000,0.2473,CA,White
EMP-0671,Kristen,Garcia,kristen.garcia@techcorp.com,Female,EMP-2399,2018-02-28,,,,Engineering,QA Engineering,IC3,Exempt,125000,0.1298,NY,White
EMP-0672,Sarah,Rosales,sarah.rosales@techcorp.com,Female,EMP-1370,2020-06-23,,,,HR,HR Business Partnering,M1,Exempt,175000,0.0966,CA,White
EMP-0673,Dominique,Hines,dominique.hines@techcorp.com,Female,,2021-03-30,,,,Engineering,Software Engineering,VP,Exempt,332000,0.15,TX,White
EMP-0674,Denise,Whitehead,denise.whitehead@techcorp.com,Female,EMP-2806,2023-01-26,,,,Engineering,Security Engineering,IC2,Exempt,104000,0.0718,TX,White
EMP-0675,Charles,Kim,charles.kim@techcorp.com,Male,EMP-2935,2018-10-03,,,,Sales,Revenue Operations,IC4,Exempt,136000,0.0698,NY,Two or More Races
EMP-0676,Theresa,Walker,theresa.walker@techcorp.com,Female,EMP-1859,2023-08-24,,,,Engineering,Security Engineering,IC4,Exempt,148000,0.0883,NY,White
EMP-0677,Jerry,Bailey,jerry.bailey@techcorp.com,Male,EMP-1819,2023-05-25,,,,Engineering,QA Engineering,IC5,Exempt,195000,0.0669,IL,White
EMP-0678,Alyssa,Brown,alyssa.brown@techcorp.com,Female,EMP-0087,2022-08-01,2023-10-22,Voluntary,Career Move,Product,UX / Design,M3,Exempt,234000,0.15,NY,White
EMP-0679,Kathryn,Young,kathryn.young@techcorp.com,Female,EMP-2931,2026-04-01,,,,Engineering,Security Engineering,IC2,Exempt,89000,0.0645,FL,Hispanic or Latino
EMP-0680,Wendy,Brooks,wendy.brooks@techcorp.com,Female,EMP-1367,2023-12-21,,,,Product,Product Management,IC3,Exempt,115000,0.0526,NJ,White
EMP-0681,Alfred,Galvan,alfred.galvan@techcorp.com,Male,EMP-0449,2022-01-22,,,,Legal,Employment Law,IC4,Exempt,136000,0.087,NY,White
EMP-0682,Ryan,Santos,ryan.santos@techcorp.com,Male,EMP-0116,2018-11-11,,,,Sales,Account Management,IC1,Non-Exempt,63000,0.0984,IL,Two or More Races
EMP-0683,Rick,Taylor,rick.taylor@techcorp.com,Male,EMP-1091,2026-04-05,,,,HR,People Operations,IC1,Non-Exempt,74000,0.0745,NJ,White
EMP-0684,Dustin,Gallegos,dustin.gallegos@techcorp.com,Male,EMP-1549,2022-06-19,,,,Engineering,Data Engineering,IC2,Exempt,101000,0.044,TX,Hispanic or Latino
EMP-0685,Michael,Taylor,michael.taylor@techcorp.com,Male,EMP-2884,2025-09-07,,,,Engineering,Data Engineering,IC1,Exempt,81000,0.1347,NY,White
EMP-0686,Michael,West,michael.west@techcorp.com,Male,EMP-1549,2020-11-10,,,,Sales,Enterprise Sales,IC3,Exempt,142000,0.0986,NY,Two or More Races
EMP-0687,Abigail,Miller,abigail.miller@techcorp.com,Female,EMP-1091,2018-02-18,,,,Engineering,Software Engineering,IC3,Exempt,140000,0.1295,NJ,Hispanic or Latino
EMP-0688,David,Conley,david.conley@techcorp.com,Male,EMP-1672,2018-10-02,,,,Marketing,Product Marketing,IC4,Exempt,148000,0.031,CA,Asian
EMP-0689,Kimberly,Acosta,kimberly.acosta@techcorp.com,Female,EMP-1217,2018-09-28,,,,Product,UX / Design,IC2,Exempt,95000,0.0326,FL,White
EMP-0690,Kelsey,Rodriguez,kelsey.rodriguez@techcorp.com,Female,EMP-2903,2026-02-21,,,,Product,Product Operations,IC4,Exempt,171000,0.0965,CA,White
EMP-0691,Donna,Turner,donna.turner@techcorp.com,Female,EMP-0324,2025-09-29,,,,Sales,Customer Success,IC4,Exempt,137000,0.2983,NY,White
EMP-0692,Anthony,Barnes,anthony.barnes@techcorp.com,Male,EMP-1560,2021-01-28,,,,Finance,Tax,IC3,Exempt,138000,0.0263,CA,Black or African American
EMP-0693,Riley,Bryant,riley.bryant@techcorp.com,Male,EMP-0476,2019-10-29,,,,Finance,Accounting,IC5,Exempt,166000,0.1416,CA,Two or More Races
EMP-0694,Ashley,Stein,ashley.stein@techcorp.com,Female,EMP-0722,2018-07-22,,,,Finance,Internal Audit,M2,Exempt,184000,0.0318,CA,White
EMP-0695,Kyle,Smith,kyle.smith@techcorp.com,Male,EMP-1836,2019-12-21,,,,Sales,Account Management,IC5,Exempt,161000,0.2229,NY,White
EMP-0696,Jose,Allen,jose.allen@techcorp.com,Male,EMP-0943,2023-09-12,,,,HR,HR Business Partnering,IC4,Exempt,152000,0.0447,NJ,White
EMP-0697,Charles,Patterson,charles.patterson@techcorp.com,Male,EMP-1217,2021-03-28,,,,Engineering,Software Engineering,IC4,Exempt,171000,0.0353,TX,Asian
EMP-0698,Lisa,Allen,lisa.allen1@techcorp.com,Female,EMP-0574,2021-02-05,,,,Engineering,Security Engineering,M3,Exempt,231000,0.15,TX,White
EMP-0699,Jennifer,Beck,jennifer.beck@techcorp.com,Female,EMP-0451,2024-08-08,,,,Finance,Accounting,IC3,Exempt,130000,0.0005,CA,White
EMP-0700,Angela,Villegas,angela.villegas@techcorp.com,Female,EMP-0029,2021-02-16,,,,Sales,Enterprise Sales,IC3,Exempt,134000,0.1971,NY,White
EMP-0701,Barry,Fox,barry.fox@techcorp.com,Male,EMP-1592,2022-11-21,,,,Sales,Revenue Operations,IC4,Exempt,159000,0.2171,NY,White
EMP-0702,Jordan,Mcneil,jordan.mcneil@techcorp.com,Male,EMP-2729,2022-02-28,,,,Marketing,Brand,M2,Exempt,209000,0.139,FL,Black or African American
EMP-0703,Julian,Myers,julian.myers@techcorp.com,Male,EMP-1322,2023-11-12,2026-02-20,Involuntary,Performance,Engineering,Infrastructure / DevOps,M1,Exempt,139000,0.116,NJ,White
EMP-0704,John,Reid,john.reid@techcorp.com,Male,EMP-1121,2024-01-21,,,,Engineering,Security Engineering,IC1,Exempt,76000,0.078,TX,White
EMP-0705,William,King,william.king@techcorp.com,Male,EMP-1446,2022-02-28,,,,Sales,Customer Success,IC2,Non-Exempt,102000,0.1408,IL,White
EMP-0706,Alan,Kramer,alan.kramer@techcorp.com,Male,EMP-1198,2022-01-08,2022-07-18,Voluntary,Career Move,Sales,Revenue Operations,IC2,Non-Exempt,101000,0.2078,TX,Black or African American
EMP-0707,Gregory,Quinn,gregory.quinn@techcorp.com,Male,EMP-0130,2024-05-30,,,,Finance,Tax,IC5,Exempt,193000,0.1059,NJ,White
EMP-0708,Lori,Ingram,lori.ingram@techcorp.com,Female,EMP-1446,2019-07-20,,,,Finance,Treasury,IC4,Exempt,137000,0.0903,NJ,White
EMP-0709,Nancy,Cook,nancy.cook@techcorp.com,Female,EMP-1532,2022-07-08,,,,Sales,Sales Development,IC2,Non-Exempt,91000,0.0943,CA,Asian
EMP-0710,Andrew,Payne,andrew.payne@techcorp.com,Male,EMP-0596,2023-01-15,,,,Legal,Corporate Legal,IC1,Non-Exempt,79000,0.0882,IL,White
EMP-0711,Robert,Thompson,robert.thompson@techcorp.com,Male,EMP-1009,2022-03-08,,,,Finance,Treasury,IC4,Exempt,156000,0.0068,NY,White
EMP-0712,Richard,Marshall,richard.marshall@techcorp.com,Male,EMP-0133,2019-06-02,,,,Legal,Compliance,IC4,Exempt,147000,0.0,TX,Asian
EMP-0713,Melissa,Welch,melissa.welch@techcorp.com,Female,EMP-2307,2020-06-18,,,,Engineering,QA Engineering,M3,Exempt,216000,0.15,NY,White
EMP-0714,Robert,Brown,robert.brown@techcorp.com,Male,EMP-0175,2023-04-10,,,,Product,Product Management,IC4,Exempt,152000,0.1379,TX,Black or African American
EMP-0715,Paula,Ellis,paula.ellis@techcorp.com,Female,EMP-0021,2020-12-08,,,,Sales,Revenue Operations,IC4,Exempt,155000,0.0841,NY,White
EMP-0716,Edward,Williams,edward.williams@techcorp.com,Male,EMP-0130,2025-03-12,,,,HR,Talent Acquisition,IC2,Exempt,100000,0.0897,WA,Hispanic or Latino
EMP-0717,Curtis,Williams,curtis.williams@techcorp.com,Male,EMP-0884,2022-01-25,2024-09-27,Voluntary,Personal Reasons,Product,Product Management,IC1,Exempt,79000,0.1293,NY,Black or African American
EMP-0718,Timothy,Robertson,timothy.robertson@techcorp.com,Male,EMP-2384,2024-08-28,,,,Product,UX / Design,IC3,Exempt,142000,0.0007,NY,Asian
EMP-0719,William,Daniels,william.daniels@techcorp.com,Male,EMP-2827,2023-11-08,,,,Legal,Privacy & Data,IC2,Exempt,90000,0.0555,CA,Black or African American
EMP-0720,Dawn,Mullins,dawn.mullins@techcorp.com,Female,EMP-2042,2021-02-16,,,,HR,People Operations,IC2,Exempt,111000,0.0496,FL,Asian
EMP-0721,Corey,Kelly,corey.kelly@techcorp.com,Male,EMP-1990,2024-01-15,2026-04-17,Voluntary,Compensation,Sales,Account Management,IC1,Non-Exempt,64000,0.2426,NJ,White
EMP-0722,Priscilla,Glenn,priscilla.glenn@techcorp.com,Female,EMP-1530,2022-07-10,,,,Engineering,Security Engineering,Director,Exempt,261000,0.15,IL,White
EMP-0723,Gary,Martinez,gary.martinez@techcorp.com,Male,EMP-2896,2022-11-19,,,,Legal,Corporate Legal,M1,Exempt,174000,0.0448,TX,White
EMP-0724,Isabel,Preston,isabel.preston@techcorp.com,Female,EMP-2035,2019-12-26,,,,Product,Product Operations,IC4,Exempt,155000,0.0071,WA,Asian
EMP-0725,Natalie,Kline,natalie.kline@techcorp.com,Female,EMP-2269,2025-11-26,2026-06-27,Voluntary,Personal Reasons,Sales,Account Management,M3,Exempt,252000,0.2173,NY,White
EMP-0726,James,Beltran,james.beltran@techcorp.com,Male,,2026-03-12,2026-06-14,Involuntary,Performance,Engineering,Software Engineering,VP,Exempt,347000,0.15,IL,White
EMP-0727,Kathleen,Jimenez,kathleen.jimenez@techcorp.com,Female,EMP-2842,2024-09-27,,,,Marketing,Demand Generation,IC5,Exempt,161000,0.145,FL,White
EMP-0728,Tammy,Stone,tammy.stone@techcorp.com,Female,EMP-1546,2022-02-28,,,,Finance,Accounting,IC2,Exempt,96000,0.138,CA,Asian
EMP-0729,Robert,Acosta,robert.acosta@techcorp.com,Male,EMP-2631,2021-07-09,,,,Sales,Customer Success,IC1,Non-Exempt,69000,0.2905,CA,Black or African American
EMP-0730,Blake,Morrison,blake.morrison@techcorp.com,Male,EMP-1606,2026-01-25,,,,Finance,Accounting,IC5,Exempt,208000,0.0521,NJ,Hispanic or Latino
EMP-0731,Samantha,Gardner,samantha.gardner@techcorp.com,Female,EMP-2868,2018-06-29,,,,Sales,Revenue Operations,IC3,Exempt,118000,0.1607,CA,White
EMP-0732,Erica,Miller,erica.miller@techcorp.com,Female,EMP-0516,2020-08-02,,,,Engineering,Software Engineering,IC4,Exempt,136000,0.1474,NY,Hispanic or Latino
EMP-0733,Mary,Parker,mary.parker@techcorp.com,Female,EMP-0947,2026-02-02,2026-03-31,Voluntary,Compensation,Marketing,Demand Generation,M2,Exempt,172000,0.1615,CA,White
EMP-0734,Lance,Simmons,lance.simmons@techcorp.com,Male,EMP-1196,2024-11-10,,,,Product,UX / Design,IC1,Exempt,66000,0.1029,TX,Asian
EMP-0735,Melissa,Bell,melissa.bell@techcorp.com,Female,EMP-0324,2018-07-07,,,,Sales,Enterprise Sales,IC4,Exempt,149000,0.0583,NY,White
EMP-0736,Andrew,Berg,andrew.berg@techcorp.com,Male,EMP-0831,2023-05-10,,,,Legal,Compliance,IC4,Exempt,136000,0.0695,CA,White
EMP-0737,Harold,Bolton,harold.bolton@techcorp.com,Male,EMP-2007,2026-01-14,,,,Product,UX / Design,IC3,Exempt,129000,0.0492,NY,White
EMP-0738,Donald,Whitney,donald.whitney@techcorp.com,Male,EMP-0440,2025-02-05,,,,Legal,Compliance,IC1,Non-Exempt,77000,0.0073,CA,White
EMP-0739,Travis,Jones,travis.jones@techcorp.com,Male,EMP-0583,2020-01-23,,,,Sales,Enterprise Sales,IC2,Non-Exempt,83000,0.1843,CA,White
EMP-0740,Marcia,Cox,marcia.cox@techcorp.com,Female,EMP-2836,2025-11-17,,,,Engineering,Data Engineering,IC2,Exempt,85000,0.0332,NY,White
EMP-0741,Rebecca,Shelton,rebecca.shelton@techcorp.com,Female,EMP-0844,2024-05-29,,,,Engineering,Software Engineering,IC4,Exempt,151000,0.1339,NJ,White
EMP-0742,Tiffany,Thomas,tiffany.thomas@techcorp.com,Female,EMP-2947,2024-01-25,,,,Finance,Accounting,M1,Exempt,171000,0.1192,CA,White
EMP-0743,Lisa,Harrington,lisa.harrington@techcorp.com,Female,EMP-1819,2023-02-13,,,,Finance,Tax,IC2,Exempt,103000,0.1494,TX,Two or More Races
EMP-0744,Amanda,Jones,amanda.jones@techcorp.com,Female,EMP-1181,2022-06-07,2026-05-28,Voluntary,Personal Reasons,Marketing,Demand Generation,IC4,Exempt,141000,0.1518,NY,Black or African American
EMP-0745,Paula,Diaz,paula.diaz@techcorp.com,Female,EMP-0303,2021-12-19,2024-10-07,Involuntary,Performance,Sales,Customer Success,IC3,Exempt,118000,0.114,WA,Black or African American
EMP-0746,Ashley,Jacobs,ashley.jacobs@techcorp.com,Non-Binary / Third Gender,EMP-2193,2026-01-02,,,,Engineering,Infrastructure / DevOps,M3,Exempt,222000,0.15,FL,White
EMP-0747,Michael,Rush,michael.rush@techcorp.com,Male,EMP-2912,2023-06-26,,,,HR,Learning & Development,M1,Exempt,154000,0.0661,NY,Hispanic or Latino
EMP-0748,Jacqueline,Hines,jacqueline.hines@techcorp.com,Female,EMP-2042,2021-07-05,,,,HR,Learning & Development,IC3,Exempt,127000,0.0828,NY,Hispanic or Latino
EMP-0749,Laura,Moreno,laura.moreno@techcorp.com,Female,EMP-0194,2018-07-02,,,,Legal,Corporate Legal,IC3,Exempt,134000,0.0773,IL,White
EMP-0750,James,Banks,james.banks@techcorp.com,Male,EMP-0943,2019-09-26,,,,Finance,Internal Audit,IC2,Exempt,103000,0.0719,CA,White
EMP-0751,David,Wilson,david.wilson1@techcorp.com,Male,EMP-0516,2018-08-07,2024-11-10,Voluntary,Personal Reasons,Product,Product Operations,IC2,Exempt,82000,0.0771,CA,Hispanic or Latino
EMP-0752,Noah,Porter,noah.porter@techcorp.com,Male,EMP-2728,2024-01-08,,,,Marketing,Content Marketing,Director,Exempt,258000,0.1752,CA,Hispanic or Latino
EMP-0753,James,Hoffman,james.hoffman@techcorp.com,Male,EMP-1009,2021-02-10,,,,HR,Total Rewards,IC2,Exempt,95000,0.0335,CA,White
EMP-0754,Dennis,Green,dennis.green@techcorp.com,Male,EMP-2297,2025-12-20,,,,Engineering,Data Engineering,IC3,Exempt,126000,0.101,FL,Hispanic or Latino
EMP-0755,Jeremy,Davies,jeremy.davies@techcorp.com,Male,,2018-07-27,,,,Product,Product Operations,VP,Exempt,374000,0.15,CA,White
EMP-0756,Sabrina,Henry,sabrina.henry@techcorp.com,Non-Binary / Third Gender,EMP-1249,2026-01-19,2026-04-23,Voluntary,Career Move,Sales,Sales Development,IC4,Exempt,136000,0.2442,CA,White
EMP-0757,Barbara,Farrell,barbara.farrell@techcorp.com,Female,EMP-2493,2025-08-26,,,,Marketing,Demand Generation,IC3,Exempt,115000,0.11,CA,Black or African American
EMP-0758,Jesse,Roach,jesse.roach@techcorp.com,Male,EMP-1355,2018-10-18,2026-01-21,Voluntary,Career Move,Finance,Internal Audit,IC2,Exempt,107000,0.0061,CA,Hispanic or Latino
EMP-0759,Jill,Miller,jill.miller@techcorp.com,Female,EMP-0144,2026-04-27,,,,Finance,Internal Audit,IC1,Non-Exempt,76000,0.01,NY,White
EMP-0760,Melanie,Bruce,melanie.bruce@techcorp.com,Female,EMP-0596,2020-04-11,,,,Product,Product Management,IC2,Exempt,111000,0.0021,CA,White
EMP-0761,Francisco,Reed,francisco.reed@techcorp.com,Male,EMP-0310,2022-06-02,,,,Product,Product Management,IC5,Exempt,163000,0.0768,NY,White
EMP-0762,Ana,Daniels,ana.daniels@techcorp.com,Female,EMP-1387,2020-11-09,,,,Engineering,QA Engineering,IC4,Exempt,165000,0.0661,NY,Two or More Races
EMP-0763,Stephanie,York,stephanie.york@techcorp.com,Female,EMP-0778,2021-05-23,,,,Engineering,Infrastructure / DevOps,IC5,Exempt,173000,0.068,CA,White
EMP-0764,Michael,Ho,michael.ho@techcorp.com,Male,EMP-1827,2019-04-27,,,,Sales,Account Management,IC2,Non-Exempt,87000,0.0867,CA,White
EMP-0765,Mark,Leon,mark.leon@techcorp.com,Male,EMP-1827,2021-11-08,,,,Product,Product Operations,IC3,Exempt,136000,0.0481,FL,White
EMP-0766,Jordan,Martinez,jordan.martinez@techcorp.com,Male,EMP-0110,2024-08-30,,,,Sales,Customer Success,M2,Exempt,182000,0.2057,NY,Hispanic or Latino
EMP-0767,Curtis,Taylor,curtis.taylor@techcorp.com,Male,EMP-0445,2020-04-03,,,,Product,Product Management,IC3,Exempt,120000,0.0368,CA,Asian
EMP-0768,Richard,Johnson,richard.johnson@techcorp.com,Male,EMP-2580,2018-05-23,,,,Legal,Compliance,IC4,Exempt,137000,0.037,NY,Hispanic or Latino
EMP-0769,Julian,Wood,julian.wood@techcorp.com,Male,EMP-0286,2026-02-28,,,,Sales,Revenue Operations,IC1,Non-Exempt,85000,0.1909,CA,White
EMP-0770,Robert,Arnold,robert.arnold@techcorp.com,Male,EMP-2467,2025-02-16,,,,Product,UX / Design,Director,Exempt,295000,0.15,CA,White
EMP-0771,Lisa,Miller,lisa.miller@techcorp.com,Female,EMP-2686,2018-09-18,,,,Product,UX / Design,IC4,Exempt,144000,0.0421,CA,White
EMP-0772,Ellen,Key,ellen.key@techcorp.com,Female,EMP-0438,2024-12-07,,,,Finance,Tax,IC2,Exempt,93000,0.1222,CA,White
EMP-0773,Nathan,Fox,nathan.fox@techcorp.com,Male,EMP-0591,2022-03-01,,,,HR,HR Business Partnering,IC1,Non-Exempt,71000,0.0288,NY,White
EMP-0774,Patricia,Morrow,patricia.morrow@techcorp.com,Female,EMP-0954,2021-03-17,,,,HR,Talent Acquisition,IC3,Exempt,135000,0.1144,TX,White
EMP-0775,Angela,Compton,angela.compton@techcorp.com,Female,EMP-2146,2022-08-29,,,,Engineering,Software Engineering,IC3,Exempt,114000,0.0475,NY,Hispanic or Latino
EMP-0776,Martin,Cole,martin.cole@techcorp.com,Male,EMP-0128,2020-06-20,2022-09-03,Voluntary,Compensation,Finance,Tax,IC1,Non-Exempt,65000,0.138,FL,White
EMP-0777,Melanie,Cooper,melanie.cooper@techcorp.com,Female,,2024-02-27,,,,Engineering,Security Engineering,VP,Exempt,321000,0.15,NY,White
EMP-0778,Sherry,Deleon,sherry.deleon@techcorp.com,Female,EMP-0171,2023-09-02,,,,Finance,Treasury,M2,Exempt,174000,0.1266,TX,Hispanic or Latino
EMP-0779,Mark,White,mark.white@techcorp.com,Male,EMP-1710,2025-03-17,,,,Sales,Sales Development,IC3,Exempt,145000,0.2834,FL,Hispanic or Latino
EMP-0780,Vincent,Reynolds,vincent.reynolds@techcorp.com,Male,EMP-1714,2023-03-11,2024-10-31,Involuntary,Performance,Engineering,Security Engineering,IC1,Exempt,63000,0.0645,FL,White
EMP-0781,Susan,Brown,susan.brown@techcorp.com,Female,EMP-1872,2025-01-21,2026-02-27,Voluntary,Compensation,Legal,Employment Law,M1,Exempt,159000,0.0729,IL,White
EMP-0782,Becky,Hernandez,becky.hernandez@techcorp.com,Female,EMP-1301,2020-03-09,,,,Sales,Account Management,IC3,Exempt,127000,0.2011,CA,White
EMP-0783,Marcus,Fletcher,marcus.fletcher@techcorp.com,Non-Binary / Third Gender,EMP-0329,2019-11-05,,,,Sales,Account Management,IC4,Exempt,140000,0.0995,TX,White
EMP-0784,Hannah,Everett,hannah.everett@techcorp.com,Female,EMP-2392,2019-12-22,,,,Legal,Compliance,IC3,Exempt,106000,0.0966,TX,Hispanic or Latino
EMP-0785,Stephanie,Singleton,stephanie.singleton@techcorp.com,Female,EMP-1859,2025-05-24,,,,Sales,Sales Development,IC3,Exempt,131000,0.0871,CA,Hispanic or Latino
EMP-0786,Danielle,Reid,danielle.reid@techcorp.com,Female,EMP-1794,2020-06-28,,,,Finance,Internal Audit,M1,Exempt,138000,0.0747,NY,White
EMP-0787,Krista,Martinez,krista.martinez@techcorp.com,Female,,2023-09-03,,,,Engineering,Data Engineering,VP,Exempt,363000,0.15,CA,White
EMP-0788,Eric,Ferguson,eric.ferguson@techcorp.com,Male,EMP-2809,2021-12-21,2024-10-25,Involuntary,Reorganization,Sales,Customer Success,IC2,Non-Exempt,86000,0.2907,FL,Hispanic or Latino
EMP-0789,Kathryn,Jackson,kathryn.jackson@techcorp.com,Female,EMP-2903,2025-12-07,,,,Finance,Tax,IC4,Exempt,140000,0.0387,NY,White
EMP-0790,Teresa,Moore,teresa.moore@techcorp.com,Female,EMP-0786,2020-06-06,,,,Sales,Sales Development,IC2,Non-Exempt,84000,0.0903,FL,White
EMP-0791,Mary,Le,mary.le@techcorp.com,Female,EMP-0725,2020-11-05,,,,Legal,Employment Law,M2,Exempt,192000,0.099,IL,White
EMP-0792,Lisa,Kirby,lisa.kirby@techcorp.com,Female,EMP-0576,2021-12-19,,,,Engineering,Security Engineering,IC3,Exempt,107000,0.0275,IL,Two or More Races
EMP-0793,Kristy,Bryan,kristy.bryan@techcorp.com,Female,EMP-0878,2018-07-21,,,,HR,People Operations,M1,Exempt,144000,0.1077,NJ,White
EMP-0794,Alyssa,Williams,alyssa.williams@techcorp.com,Female,EMP-2884,2025-09-01,,,,Marketing,Product Marketing,M1,Exempt,140000,0.149,CA,Hispanic or Latino
EMP-0795,Margaret,Ray,margaret.ray@techcorp.com,Female,EMP-0591,2021-06-02,,,,Finance,Financial Planning & Analysis,IC2,Exempt,96000,0.0486,CA,Hispanic or Latino
EMP-0796,Marilyn,Wang,marilyn.wang@techcorp.com,Female,EMP-2768,2022-07-02,,,,Engineering,QA Engineering,IC5,Exempt,178000,0.1096,NY,White
EMP-0797,Jennifer,Fowler,jennifer.fowler@techcorp.com,Female,EMP-2435,2018-07-04,,,,Sales,Enterprise Sales,IC3,Exempt,134000,0.1922,NJ,Asian
EMP-0798,Jonathan,Burton,jonathan.burton@techcorp.com,Male,EMP-2817,2018-11-14,,,,Legal,Compliance,M3,Exempt,223000,0.1364,TX,Hispanic or Latino
EMP-0799,Dylan,Frye,dylan.frye@techcorp.com,Male,EMP-0591,2023-07-28,2024-07-16,Involuntary,Performance,Product,UX / Design,IC3,Exempt,129000,0.009,NJ,Black or African American
EMP-0800,John,Ballard,john.ballard@techcorp.com,Male,EMP-0007,2024-12-25,,,,Product,Product Operations,M1,Exempt,147000,0.0204,FL,White
EMP-0801,Melinda,Evans,melinda.evans@techcorp.com,Female,EMP-0912,2020-09-24,2023-09-10,Voluntary,Personal Reasons,Engineering,Security Engineering,IC2,Exempt,111000,0.093,NY,White
EMP-0802,Benjamin,Brown,benjamin.brown@techcorp.com,Male,EMP-0370,2020-08-05,,,,HR,Learning & Development,IC2,Exempt,100000,0.1157,CA,White
EMP-0803,Jeffrey,Washington,jeffrey.washington@techcorp.com,Male,EMP-0565,2023-05-01,2026-05-14,Involuntary,Reorganization,Product,Product Operations,IC4,Exempt,159000,0.0529,IL,Asian
EMP-0804,Christina,Lawson,christina.lawson@techcorp.com,Female,,2020-01-15,,,,Finance,Tax,VP,Exempt,322000,0.15,CA,White
EMP-0805,Emily,Higgins,emily.higgins@techcorp.com,Female,EMP-2060,2025-12-22,,,,Legal,Corporate Legal,IC3,Exempt,105000,0.0421,TX,White
EMP-0806,Nicholas,Valencia,nicholas.valencia@techcorp.com,Male,EMP-2754,2022-11-18,2026-04-20,Voluntary,Personal Reasons,Product,UX / Design,IC1,Exempt,70000,0.1336,TX,Asian
EMP-0807,Vanessa,Anderson,vanessa.anderson@techcorp.com,Female,EMP-2470,2025-11-03,2026-06-28,Voluntary,Personal Reasons,HR,HR Business Partnering,IC4,Exempt,147000,0.0045,FL,Two or More Races
EMP-0808,Jacob,Hoffman,jacob.hoffman@techcorp.com,Male,EMP-2571,2019-07-17,2021-08-06,Voluntary,Compensation,Marketing,Marketing Operations,IC3,Exempt,115000,0.0401,CA,Hispanic or Latino
EMP-0809,Francis,Owens,francis.owens@techcorp.com,Male,EMP-1303,2020-04-25,,,,Sales,Revenue Operations,IC3,Exempt,127000,0.2969,IL,Hispanic or Latino
EMP-0810,Derek,Wright,derek.wright1@techcorp.com,Male,EMP-2146,2021-04-11,,,,Sales,Sales Development,IC3,Exempt,124000,0.1143,CA,Black or African American
EMP-0811,Brent,Roberts,brent.roberts@techcorp.com,Male,EMP-0793,2020-09-20,2024-01-15,Voluntary,Compensation,Product,Product Operations,IC3,Exempt,140000,0.0388,TX,White
EMP-0812,James,Gilbert,james.gilbert@techcorp.com,Male,EMP-0479,2022-09-17,2025-12-21,Voluntary,Career Move,Sales,Sales Development,IC2,Non-Exempt,105000,0.1693,IL,Two or More Races
EMP-0813,David,Grimes,david.grimes@techcorp.com,Male,EMP-1968,2024-05-27,,,,Engineering,Security Engineering,IC1,Exempt,63000,0.1037,CA,White
EMP-0814,Caitlin,Murphy,caitlin.murphy@techcorp.com,Female,EMP-0875,2023-10-26,2025-08-20,Voluntary,Personal Reasons,Engineering,QA Engineering,IC5,Exempt,187000,0.0945,NJ,White
EMP-0815,Kenneth,Edwards,kenneth.edwards@techcorp.com,Male,EMP-2495,2024-05-10,2024-07-07,Voluntary,Compensation,Finance,Treasury,IC3,Exempt,130000,0.0572,CA,Hispanic or Latino
EMP-0816,Pamela,Jimenez,pamela.jimenez@techcorp.com,Female,EMP-2903,2021-12-28,,,,Legal,Privacy & Data,IC2,Exempt,83000,0.0964,FL,White
EMP-0817,Kayla,Jimenez,kayla.jimenez@techcorp.com,Female,EMP-1181,2022-10-29,,,,Engineering,Software Engineering,IC5,Exempt,210000,0.0914,WA,White
EMP-0818,Elizabeth,Johnson,elizabeth.johnson@techcorp.com,Female,EMP-2008,2018-12-13,,,,Finance,Financial Planning & Analysis,IC1,Non-Exempt,64000,0.0813,NY,Black or African American
EMP-0819,Tony,Wagner,tony.wagner@techcorp.com,Male,EMP-2753,2022-07-27,,,,Marketing,Content Marketing,IC5,Exempt,193000,0.1334,CA,White
EMP-0820,Vincent,Lewis,vincent.lewis@techcorp.com,Male,EMP-0672,2020-12-21,,,,Legal,Privacy & Data,IC4,Exempt,140000,0.0781,NY,Hispanic or Latino
EMP-0821,Heather,Williams,heather.williams@techcorp.com,Female,EMP-0370,2018-04-25,2021-01-22,Voluntary,Personal Reasons,Marketing,Demand Generation,M1,Exempt,157000,0.1623,WA,White
EMP-0822,Kathleen,Khan,kathleen.khan@techcorp.com,Female,EMP-0065,2022-11-30,,,,Legal,Compliance,IC3,Exempt,126000,0.0263,WA,White
EMP-0823,Martha,Ruiz,martha.ruiz@techcorp.com,Female,EMP-2753,2021-10-17,,,,Sales,Sales Development,IC4,Exempt,146000,0.1342,IL,Asian
EMP-0824,Kimberly,Boone,kimberly.boone@techcorp.com,Female,EMP-2370,2023-11-02,2024-11-08,Voluntary,Personal Reasons,Sales,Sales Development,M1,Exempt,169000,0.1084,CA,White
EMP-0825,Jessica,Khan,jessica.khan@techcorp.com,Female,,2022-12-12,,,,Finance,Accounting,VP,Exempt,353000,0.15,IL,Black or African American
EMP-0826,Monica,Gallagher,monica.gallagher@techcorp.com,Female,EMP-0031,2021-11-23,2022-12-12,Involuntary,Reorganization,Engineering,QA Engineering,IC3,Exempt,112000,0.1123,CA,Hispanic or Latino
EMP-0827,Holly,Morales,holly.morales@techcorp.com,Female,EMP-2387,2023-06-21,2025-03-18,Voluntary,Compensation,Engineering,Data Engineering,IC1,Exempt,65000,0.0325,FL,Asian
EMP-0828,Laura,Lee,laura.lee@techcorp.com,Female,EMP-0404,2026-04-25,2026-05-28,Involuntary,Performance,HR,Talent Acquisition,IC3,Exempt,108000,0.0861,WA,Hispanic or Latino
EMP-0829,Kristen,Jones,kristen.jones@techcorp.com,Female,EMP-2459,2022-12-05,,,,Sales,Revenue Operations,IC3,Exempt,142000,0.1147,IL,White
EMP-0830,Jonathan,Duran,jonathan.duran@techcorp.com,Male,EMP-0274,2020-12-02,,,,Legal,Employment Law,M1,Exempt,146000,0.0537,TX,Black or African American
EMP-0831,Diana,Hays,diana.hays@techcorp.com,Female,EMP-1514,2018-09-20,,,,Marketing,Brand,M1,Exempt,135000,0.1283,NJ,White
EMP-0832,Melanie,Wilson,melanie.wilson@techcorp.com,Female,EMP-2612,2026-02-16,2026-05-02,Voluntary,Personal Reasons,Product,Product Operations,IC3,Exempt,113000,0.0371,CA,White
EMP-0833,William,Long,william.long@techcorp.com,Male,EMP-1500,2023-10-05,2026-04-08,Involuntary,Performance,Sales,Revenue Operations,IC4,Exempt,158000,0.1228,FL,White
EMP-0834,Robert,Morgan,robert.morgan@techcorp.com,Male,EMP-2495,2021-12-14,2026-04-19,Voluntary,Personal Reasons,Product,Product Management,IC3,Exempt,135000,0.0929,CA,White
EMP-0835,Teresa,Fischer,teresa.fischer@techcorp.com,Female,EMP-2995,2022-05-08,,,,Marketing,Brand,IC5,Exempt,190000,0.1004,CA,White
EMP-0836,Curtis,Hicks,curtis.hicks@techcorp.com,Male,EMP-1746,2020-02-27,,,,Marketing,Brand,IC2,Exempt,99000,0.0021,TX,White
EMP-0837,Jonathan,Williams,jonathan.williams@techcorp.com,Male,EMP-0576,2019-11-12,,,,Sales,Account Management,IC4,Exempt,157000,0.2035,NY,White
EMP-0838,Mason,Wells,mason.wells@techcorp.com,Non-Binary / Third Gender,EMP-1606,2021-07-06,,,,Product,Product Management,IC1,Exempt,76000,0.0672,CA,Hispanic or Latino
EMP-0839,Jesus,Obrien,jesus.obrien@techcorp.com,Male,EMP-2843,2025-05-18,,,,Sales,Sales Development,IC3,Exempt,110000,0.2694,FL,White
EMP-0840,Jose,Murphy,jose.murphy@techcorp.com,Male,EMP-1456,2023-08-02,2025-11-26,Voluntary,Career Move,Product,UX / Design,Director,Exempt,239000,0.15,IL,White
EMP-0841,Louis,Martin,louis.martin@techcorp.com,Male,EMP-2048,2019-08-04,,,,Product,Product Operations,IC2,Exempt,83000,0.0981,TX,Asian
EMP-0842,William,Stevenson,william.stevenson@techcorp.com,Male,EMP-1467,2018-10-20,,,,Sales,Enterprise Sales,IC4,Exempt,158000,0.2888,NJ,White
EMP-0843,Elizabeth,Rogers,elizabeth.rogers@techcorp.com,Female,EMP-1784,2025-06-16,,,,Sales,Customer Success,IC4,Exempt,145000,0.159,NY,Hispanic or Latino
EMP-0844,Ronald,Patel,ronald.patel@techcorp.com,Male,EMP-2842,2024-12-24,,,,Sales,Enterprise Sales,M1,Exempt,153000,0.2885,CA,White
EMP-0845,Michael,Evans,michael.evans1@techcorp.com,Male,EMP-0486,2023-10-08,,,,Engineering,Software Engineering,M1,Exempt,153000,0.0827,CA,White
EMP-0846,Robyn,Richardson,robyn.richardson@techcorp.com,Female,EMP-0678,2018-06-15,,,,Engineering,Software Engineering,M1,Exempt,140000,0.0802,IL,Hispanic or Latino
EMP-0847,Megan,Whitney,megan.whitney@techcorp.com,Female,EMP-1975,2018-12-09,,,,Sales,Enterprise Sales,IC2,Non-Exempt,101000,0.1846,NJ,Black or African American
EMP-0848,Kevin,Robles,kevin.robles@techcorp.com,Male,EMP-1120,2024-02-04,,,,Product,Product Operations,IC2,Exempt,93000,0.0806,NY,White
EMP-0849,Nicholas,Watts,nicholas.watts@techcorp.com,Male,EMP-1825,2021-06-05,,,,Sales,Sales Development,IC4,Exempt,168000,0.2184,CA,White
EMP-0850,Alexander,Wells,alexander.wells@techcorp.com,Male,EMP-2824,2021-07-08,,,,Sales,Sales Development,IC5,Exempt,188000,0.124,NY,White
EMP-0851,Tracy,Patton,tracy.patton@techcorp.com,Female,EMP-1829,2024-11-05,,,,Engineering,Data Engineering,M1,Exempt,155000,0.0654,CA,White
EMP-0852,Ricardo,Lane,ricardo.lane@techcorp.com,Male,EMP-1097,2018-09-19,,,,HR,Talent Acquisition,IC1,Non-Exempt,66000,0.0734,TX,Black or African American
EMP-0853,Nathan,Silva,nathan.silva@techcorp.com,Male,EMP-2022,2023-09-25,,,,Marketing,Marketing Operations,IC1,Non-Exempt,80000,0.126,CA,White
EMP-0854,Christopher,Fuller,christopher.fuller@techcorp.com,Male,EMP-1000,2023-11-28,,,,Sales,Account Management,IC4,Exempt,151000,0.1784,CA,Hispanic or Latino
EMP-0855,Manuel,Randall,manuel.randall@techcorp.com,Male,EMP-2755,2022-11-05,,,,Sales,Revenue Operations,M2,Exempt,179000,0.2344,FL,Hispanic or Latino
EMP-0856,Charles,Becker,charles.becker@techcorp.com,Male,,2020-03-16,,,,Sales,Sales Development,VP,Exempt,334000,0.179,NY,Black or African American
EMP-0857,Andre,Vaughan,andre.vaughan@techcorp.com,Male,EMP-2785,2021-08-30,,,,Product,Product Management,IC5,Exempt,169000,0.1329,IL,White
EMP-0858,Ashley,Smith,ashley.smith@techcorp.com,Female,EMP-2707,2025-09-23,,,,Engineering,Data Engineering,IC4,Exempt,146000,0.1264,TX,Hispanic or Latino
EMP-0859,Erik,Hernandez,erik.hernandez@techcorp.com,Male,EMP-2264,2022-11-06,,,,Product,Product Management,IC1,Exempt,76000,0.1134,IL,Black or African American
EMP-0860,Michael,Jenkins,michael.jenkins@techcorp.com,Male,EMP-0451,2020-04-27,,,,Finance,Internal Audit,IC4,Exempt,150000,0.0578,NJ,Asian
EMP-0861,Patricia,Knapp,patricia.knapp@techcorp.com,Female,EMP-0746,2026-05-18,,,,Marketing,Demand Generation,M1,Exempt,148000,0.1143,IL,Asian
EMP-0862,Shelley,Fitzgerald,shelley.fitzgerald@techcorp.com,Female,EMP-0938,2026-05-31,,,,Engineering,Security Engineering,IC3,Exempt,110000,0.0682,CA,White
EMP-0863,Amy,Taylor,amy.taylor@techcorp.com,Female,EMP-1829,2019-03-22,,,,Sales,Account Management,IC4,Exempt,159000,0.0975,FL,Black or African American
EMP-0864,Christine,Nguyen,christine.nguyen@techcorp.com,Female,EMP-1717,2024-10-29,,,,Engineering,Data Engineering,M2,Exempt,168000,0.0811,TX,Two or More Races
EMP-0865,Mary,Fox,mary.fox@techcorp.com,Female,EMP-2896,2026-04-08,,,,Marketing,Marketing Operations,IC1,Non-Exempt,75000,0.0114,NY,Hispanic or Latino
EMP-0866,Erik,Thompson,erik.thompson@techcorp.com,Male,EMP-2900,2025-11-08,,,,Engineering,Software Engineering,IC5,Exempt,174000,0.1343,NY,White
EMP-0867,Thomas,Peterson,thomas.peterson@techcorp.com,Male,EMP-1246,2026-02-10,,,,Engineering,QA Engineering,IC2,Exempt,106000,0.0251,TX,Asian
EMP-0868,Heather,Ingram,heather.ingram@techcorp.com,Female,EMP-2311,2023-03-29,,,,Engineering,Infrastructure / DevOps,IC2,Exempt,91000,0.0615,NY,White
EMP-0869,Nathan,Schneider,nathan.schneider@techcorp.com,Male,EMP-0970,2022-09-13,,,,Sales,Customer Success,IC1,Non-Exempt,79000,0.2108,TX,White
EMP-0870,Michael,Bishop,michael.bishop@techcorp.com,Male,EMP-2165,2022-03-24,,,,Engineering,QA Engineering,IC3,Exempt,131000,0.1233,TX,Hispanic or Latino
EMP-0871,Cheryl,Wright,cheryl.wright@techcorp.com,Female,EMP-0516,2021-06-15,,,,Product,Product Operations,IC3,Exempt,120000,0.0848,WA,White
EMP-0872,Kristin,Walker,kristin.walker@techcorp.com,Female,EMP-2297,2022-11-18,,,,Sales,Account Management,IC5,Exempt,201000,0.2345,IL,White
EMP-0873,Valerie,Evans,valerie.evans@techcorp.com,Female,EMP-1672,2021-06-01,,,,Product,Product Management,IC1,Exempt,75000,0.0861,NY,White
EMP-0874,Donna,Clark,donna.clark@techcorp.com,Female,EMP-2283,2023-02-17,,,,Engineering,Infrastructure / DevOps,IC1,Exempt,77000,0.029,TX,Hispanic or Latino
EMP-0875,Michael,Stewart,michael.stewart@techcorp.com,Male,EMP-0237,2023-02-21,,,,Product,Product Operations,M1,Exempt,177000,0.0515,NY,White
EMP-0876,Gregory,Peck,gregory.peck@techcorp.com,Male,EMP-1248,2023-10-10,,,,Finance,Financial Planning & Analysis,IC4,Exempt,174000,0.0595,CA,Black or African American
EMP-0877,Rebecca,Hill,rebecca.hill@techcorp.com,Female,EMP-2930,2020-01-04,,,,Legal,Compliance,IC2,Exempt,93000,0.0253,TX,Hispanic or Latino
EMP-0878,Barbara,Rhodes,barbara.rhodes@techcorp.com,Female,EMP-1590,2024-06-05,,,,Sales,Customer Success,M2,Exempt,187000,0.2164,CA,White
EMP-0879,Jamie,Baird,jamie.baird@techcorp.com,Female,EMP-2170,2026-05-04,,,,Finance,Financial Planning & Analysis,IC1,Non-Exempt,71000,0.0624,IL,White
EMP-0880,Robert,Blevins,robert.blevins@techcorp.com,Male,EMP-1978,2023-01-06,,,,Sales,Enterprise Sales,IC4,Exempt,157000,0.0618,CA,Hispanic or Latino
EMP-0881,Robert,Roberts,robert.roberts@techcorp.com,Male,EMP-1355,2021-12-28,,,,Engineering,Data Engineering,IC2,Exempt,88000,0.1452,NY,White
EMP-0882,Dwayne,Klein,dwayne.klein@techcorp.com,Male,EMP-2034,2024-05-21,,,,Finance,Financial Planning & Analysis,IC2,Exempt,93000,0.072,FL,White
EMP-0883,Hannah,Ramos,hannah.ramos@techcorp.com,Female,EMP-2895,2022-08-25,,,,HR,Talent Acquisition,IC2,Exempt,103000,0.0757,CA,White
EMP-0884,Dawn,Mendoza,dawn.mendoza@techcorp.com,Female,EMP-2199,2020-10-29,,,,Engineering,Data Engineering,M1,Exempt,151000,0.1407,NY,White
EMP-0885,Dale,Ryan,dale.ryan@techcorp.com,Male,EMP-0244,2022-06-30,,,,Sales,Enterprise Sales,M2,Exempt,171000,0.285,NY,Black or African American
EMP-0886,Taylor,Horton,taylor.horton@techcorp.com,Female,EMP-0576,2021-11-10,,,,Sales,Customer Success,IC4,Exempt,157000,0.2681,CA,Asian
EMP-0887,Chad,Gilbert,chad.gilbert@techcorp.com,Male,EMP-1446,2020-06-01,,,,Sales,Enterprise Sales,IC1,Non-Exempt,73000,0.0573,NY,White
EMP-0888,Kevin,Sanchez,kevin.sanchez@techcorp.com,Male,EMP-2240,2021-08-29,,,,Sales,Sales Development,IC3,Exempt,108000,0.256,CA,White
EMP-0889,Mckenzie,Schmidt,mckenzie.schmidt@techcorp.com,Female,EMP-2926,2019-07-16,,,,Product,UX / Design,IC4,Exempt,140000,0.0522,CA,Hispanic or Latino
EMP-0890,Mark,Williams,mark.williams@techcorp.com,Male,EMP-0100,2018-10-06,,,,Finance,Treasury,IC3,Exempt,121000,0.1168,CA,Asian
EMP-0891,Jason,Love,jason.love@techcorp.com,Male,EMP-1537,2024-03-26,2025-03-13,Involuntary,Reorganization,Finance,Tax,IC4,Exempt,162000,0.0482,NY,White
EMP-0892,Ashlee,Townsend,ashlee.townsend@techcorp.com,Female,EMP-2072,2023-06-27,,,,Marketing,Demand Generation,IC3,Exempt,123000,0.0465,CA,Asian
EMP-0893,Aaron,Pierce,aaron.pierce@techcorp.com,Male,EMP-2868,2021-01-07,,,,Engineering,Security Engineering,IC2,Exempt,86000,0.0549,CA,Hispanic or Latino
EMP-0894,Tanya,Russell,tanya.russell@techcorp.com,Female,EMP-1514,2026-03-17,,,,Sales,Enterprise Sales,M1,Exempt,134000,0.2474,NY,White
EMP-0895,Timothy,Johns,timothy.johns@techcorp.com,Male,EMP-0330,2024-05-28,,,,Sales,Revenue Operations,IC1,Non-Exempt,64000,0.1223,IL,White
EMP-0896,Karen,Gonzalez,karen.gonzalez@techcorp.com,Female,EMP-2241,2023-12-29,,,,Engineering,Software Engineering,IC3,Exempt,130000,0.0187,CA,White
EMP-0897,Victor,Morris,victor.morris@techcorp.com,Male,EMP-2665,2024-09-27,,,,Legal,Employment Law,IC3,Exempt,118000,0.0037,NY,White
EMP-0898,Matthew,Velez,matthew.velez@techcorp.com,Male,EMP-1883,2018-10-07,,,,Product,UX / Design,IC4,Exempt,146000,0.072,NY,White
EMP-0899,Ann,Andrews,ann.andrews@techcorp.com,Female,EMP-0419,2021-08-31,,,,Engineering,QA Engineering,IC3,Exempt,133000,0.0637,NY,Black or African American
EMP-0900,Joseph,Sharp,joseph.sharp@techcorp.com,Male,EMP-2048,2021-04-13,,,,HR,Total Rewards,IC3,Exempt,140000,0.0596,FL,White
EMP-0901,Taylor,Gentry,taylor.gentry@techcorp.com,Female,,2020-07-08,,,,Sales,Sales Development,VP,Exempt,401000,0.1705,TX,White
EMP-0902,Christopher,Khan,christopher.khan@techcorp.com,Male,EMP-1860,2024-06-13,,,,Sales,Customer Success,IC3,Exempt,106000,0.2224,CA,White
EMP-0903,Casey,Gillespie,casey.gillespie@techcorp.com,Female,EMP-0442,2025-09-01,,,,Engineering,QA Engineering,Director,Exempt,243000,0.15,TX,White
EMP-0904,Zachary,Sanders,zachary.sanders@techcorp.com,Male,EMP-1582,2023-10-09,,,,Product,Product Operations,IC4,Exempt,142000,0.1366,IL,Hispanic or Latino
EMP-0905,Jon,Zuniga,jon.zuniga@techcorp.com,Male,EMP-1474,2023-07-02,2026-05-17,Voluntary,Compensation,Engineering,QA Engineering,IC2,Exempt,99000,0.0857,FL,White
EMP-0906,Tonya,Howe,tonya.howe@techcorp.com,Female,EMP-2264,2024-01-16,,,,Sales,Customer Success,IC3,Exempt,125000,0.2156,TX,White
EMP-0907,Shawn,Smith,shawn.smith@techcorp.com,Male,EMP-2935,2020-02-08,,,,Engineering,Infrastructure / DevOps,IC4,Exempt,158000,0.0678,CA,White
EMP-0908,Keith,Rodriguez,keith.rodriguez@techcorp.com,Male,EMP-2166,2021-05-10,,,,Engineering,QA Engineering,IC5,Exempt,192000,0.1216,NJ,Black or African American
EMP-0909,William,Mitchell,william.mitchell@techcorp.com,Male,EMP-1810,2019-10-17,2025-10-18,Voluntary,Personal Reasons,Marketing,Marketing Operations,IC1,Non-Exempt,80000,0.1768,CA,White
EMP-0910,Virginia,Daniels,virginia.daniels@techcorp.com,Female,EMP-2995,2024-01-06,,,,Sales,Account Management,IC5,Exempt,212000,0.1945,TX,Two or More Races
EMP-0911,Kathleen,Mays,kathleen.mays@techcorp.com,Female,EMP-1246,2022-12-29,,,,Sales,Revenue Operations,IC5,Exempt,189000,0.1426,CA,Black or African American
EMP-0912,Samuel,Mcdonald,samuel.mcdonald@techcorp.com,Male,EMP-1381,2023-08-29,,,,Product,Product Operations,M2,Exempt,191000,0.0592,NY,Hispanic or Latino
EMP-0913,Corey,Rodriguez,corey.rodriguez@techcorp.com,Male,EMP-1248,2019-05-13,,,,Engineering,Software Engineering,IC2,Exempt,111000,0.1181,CA,White
EMP-0914,Christopher,Stevens,christopher.stevens@techcorp.com,Male,EMP-0323,2022-10-14,,,,Legal,Corporate Legal,IC5,Exempt,180000,0.069,NY,White
EMP-0915,David,Lopez,david.lopez@techcorp.com,Male,EMP-1978,2019-05-19,,,,Sales,Account Management,IC5,Exempt,172000,0.0652,CA,White
EMP-0916,Nancy,Gibbs,nancy.gibbs@techcorp.com,Female,EMP-1746,2023-12-15,,,,HR,People Operations,IC2,Exempt,85000,0.0909,CA,White
EMP-0917,Laura,Todd,laura.todd@techcorp.com,Female,EMP-2907,2026-01-30,2026-04-12,Voluntary,Personal Reasons,Sales,Customer Success,IC4,Exempt,145000,0.1113,NY,Black or African American
EMP-0918,Christopher,Chase,christopher.chase@techcorp.com,Male,EMP-2937,2019-01-06,,,,Finance,Tax,IC4,Exempt,151000,0.0438,FL,White
EMP-0919,Steven,Wilcox,steven.wilcox@techcorp.com,Male,EMP-0875,2022-03-19,,,,Finance,Accounting,IC4,Exempt,150000,0.0852,NY,Black or African American
EMP-0920,Christopher,Caldwell,christopher.caldwell@techcorp.com,Non-Binary / Third Gender,EMP-1990,2020-10-05,,,,Finance,Financial Planning & Analysis,IC5,Exempt,216000,0.1283,FL,Black or African American
EMP-0921,Cody,Taylor,cody.taylor@techcorp.com,Male,EMP-2896,2021-11-06,,,,Sales,Sales Development,IC4,Exempt,142000,0.1803,NY,White
EMP-0922,Franklin,Wright,franklin.wright@techcorp.com,Male,EMP-0964,2022-08-16,,,,Engineering,Software Engineering,M1,Exempt,144000,0.0157,WA,White
EMP-0923,Debbie,Young,debbie.young@techcorp.com,Female,EMP-2495,2018-06-03,2023-03-18,Voluntary,Career Move,Product,Product Management,IC4,Exempt,152000,0.082,CA,Two or More Races
EMP-0924,Nicole,Finley,nicole.finley@techcorp.com,Female,EMP-0653,2023-09-17,,,,Sales,Account Management,M2,Exempt,192000,0.1148,CA,White
EMP-0925,Elizabeth,Sharp,elizabeth.sharp@techcorp.com,Female,EMP-2768,2024-06-13,,,,Product,Product Management,IC4,Exempt,158000,0.0603,FL,Black or African American
EMP-0926,Alexandra,Valdez,alexandra.valdez@techcorp.com,Female,EMP-0541,2019-12-11,,,,Finance,Internal Audit,IC2,Exempt,99000,0.1287,IL,White
EMP-0927,Michael,Brown,michael.brown1@techcorp.com,Male,EMP-2128,2021-09-08,,,,Sales,Customer Success,IC3,Exempt,127000,0.1634,IL,White
EMP-0928,Bailey,Parker,bailey.parker@techcorp.com,Female,EMP-1827,2025-03-13,,,,Sales,Revenue Operations,IC3,Exempt,136000,0.29,WA,Black or African American
EMP-0929,Jennifer,Shaw,jennifer.shaw@techcorp.com,Female,EMP-1835,2020-05-03,,,,Marketing,Marketing Operations,IC5,Exempt,189000,0.0941,CA,White
EMP-0930,Stephanie,Padilla,stephanie.padilla@techcorp.com,Female,EMP-1469,2020-05-28,2020-08-17,Voluntary,Career Move,Sales,Revenue Operations,IC1,Non-Exempt,66000,0.1687,CA,White
EMP-0931,Emily,Wilson,emily.wilson@techcorp.com,Female,EMP-2839,2021-11-30,2024-05-28,Involuntary,Performance,Sales,Sales Development,IC3,Exempt,113000,0.2092,NY,White
EMP-0932,Thomas,Phillips,thomas.phillips@techcorp.com,Male,EMP-2025,2025-05-07,2026-03-07,Involuntary,Reorganization,Engineering,QA Engineering,IC5,Exempt,190000,0.1137,CA,White
EMP-0933,Lucas,Robinson,lucas.robinson@techcorp.com,Male,EMP-2509,2025-09-25,2026-06-30,Voluntary,Compensation,Sales,Customer Success,IC2,Non-Exempt,94000,0.118,TX,White
EMP-0934,Brandi,Hernandez,brandi.hernandez@techcorp.com,Female,EMP-2493,2021-06-21,,,,Sales,Account Management,IC1,Non-Exempt,97000,0.2809,CA,White
EMP-0935,Nicole,Obrien,nicole.obrien@techcorp.com,Female,EMP-1756,2019-12-28,,,,Product,UX / Design,IC3,Exempt,107000,0.0744,NY,White
EMP-0936,Jason,Dunn,jason.dunn@techcorp.com,Male,EMP-1428,2025-10-13,,,,Sales,Sales Development,Director,Exempt,230000,0.165,TX,Hispanic or Latino
EMP-0937,Kaitlin,Medina,kaitlin.medina@techcorp.com,Female,EMP-1288,2023-11-24,,,,Engineering,Security Engineering,IC3,Exempt,113000,0.0572,CA,White
EMP-0938,Mary,Robinson,mary.robinson@techcorp.com,Female,EMP-1834,2018-05-11,2024-07-09,Voluntary,Personal Reasons,Engineering,Infrastructure / DevOps,M2,Exempt,185000,0.1189,NY,Black or African American
EMP-0939,David,Fischer,david.fischer@techcorp.com,Male,EMP-2545,2018-05-03,,,,Engineering,Software Engineering,M1,Exempt,154000,0.0365,NY,Black or African American
EMP-0940,Shane,Miller,shane.miller@techcorp.com,Male,EMP-1608,2019-01-19,2022-11-27,Voluntary,Compensation,Product,Product Management,IC2,Exempt,91000,0.1219,TX,Hispanic or Latino
EMP-0941,Jillian,Padilla,jillian.padilla@techcorp.com,Female,EMP-0476,2021-02-18,,,,Product,Product Management,M1,Exempt,158000,0.1139,CA,White
EMP-0942,Angela,Elliott,angela.elliott@techcorp.com,Female,EMP-2384,2019-06-24,,,,Engineering,Data Engineering,IC3,Exempt,116000,0.0139,NY,White
EMP-0943,Amy,Kelley,amy.kelley@techcorp.com,Female,EMP-0855,2021-01-10,,,,Sales,Account Management,M1,Exempt,144000,0.2331,IL,Hispanic or Latino
EMP-0944,Jonathan,Armstrong,jonathan.armstrong@techcorp.com,Male,EMP-2316,2022-03-20,,,,HR,Learning & Development,IC5,Exempt,161000,0.0809,NY,Hispanic or Latino
EMP-0945,Chris,Murphy,chris.murphy@techcorp.com,Male,EMP-1026,2019-06-19,,,,Engineering,Security Engineering,IC3,Exempt,115000,0.0977,TX,White
EMP-0946,Kelly,Wilson,kelly.wilson@techcorp.com,Female,EMP-2316,2024-07-21,,,,Engineering,Infrastructure / DevOps,IC1,Exempt,72000,0.0573,CA,White
EMP-0947,Christine,Aguilar,christine.aguilar@techcorp.com,Female,EMP-0097,2022-10-27,,,,Finance,Internal Audit,Director,Exempt,314000,0.15,FL,Hispanic or Latino
EMP-0948,Ann,Dixon,ann.dixon@techcorp.com,Female,EMP-2631,2023-08-11,,,,HR,Learning & Development,IC1,Non-Exempt,68000,0.0547,CA,Hispanic or Latino
EMP-0949,Rhonda,Chavez,rhonda.chavez@techcorp.com,Female,EMP-0856,2024-12-13,,,,Legal,Employment Law,Director,Exempt,228000,0.1083,CA,White
EMP-0950,Kayla,Bryant,kayla.bryant@techcorp.com,Female,EMP-0486,2020-08-01,2023-03-06,Voluntary,Compensation,Sales,Enterprise Sales,M1,Exempt,149000,0.1775,CA,Asian
EMP-0951,Amy,Ford,amy.ford@techcorp.com,Female,EMP-2984,2022-08-08,2025-06-09,Involuntary,Performance,Engineering,QA Engineering,IC5,Exempt,170000,0.0281,FL,White
EMP-0952,Robert,Cummings,robert.cummings@techcorp.com,Male,EMP-2887,2018-03-01,2024-01-24,Voluntary,Personal Reasons,Engineering,QA Engineering,Director,Exempt,274000,0.15,CA,White
EMP-0953,James,Velasquez,james.velasquez@techcorp.com,Male,EMP-0351,2026-05-05,,,,Finance,Treasury,Director,Exempt,247000,0.15,TX,White
EMP-0954,Patrick,Lane,patrick.lane@techcorp.com,Male,EMP-2026,2024-05-16,,,,Legal,Employment Law,M1,Exempt,140000,0.082,NJ,White
EMP-0955,Andrew,Cooper,andrew.cooper@techcorp.com,Male,EMP-2909,2024-07-11,2025-07-20,Voluntary,Career Move,Engineering,Infrastructure / DevOps,IC2,Exempt,104000,0.0866,NY,Hispanic or Latino
EMP-0956,Arthur,Mcknight,arthur.mcknight@techcorp.com,Male,EMP-2715,2024-02-22,,,,Legal,Employment Law,IC5,Exempt,194000,0.0249,CA,White
EMP-0957,Taylor,Jones,taylor.jones@techcorp.com,Female,EMP-2954,2018-12-04,,,,Product,Product Operations,IC1,Exempt,70000,0.1444,CA,Hispanic or Latino
EMP-0958,Taylor,Johnson,taylor.johnson@techcorp.com,Female,EMP-2453,2018-03-16,,,,Product,Product Management,IC3,Exempt,124000,0.1207,FL,White
EMP-0959,Jason,Mack,jason.mack@techcorp.com,Male,EMP-2392,2021-02-11,,,,Engineering,Security Engineering,IC3,Exempt,128000,0.067,NY,White
EMP-0960,Tiffany,Brewer,tiffany.brewer@techcorp.com,Non-Binary / Third Gender,EMP-0310,2019-08-31,,,,Product,Product Operations,IC4,Exempt,147000,0.0088,CA,Black or African American
EMP-0961,Jason,Haney,jason.haney@techcorp.com,Male,EMP-2073,2019-09-16,,,,Sales,Revenue Operations,IC4,Exempt,161000,0.1155,TX,Hispanic or Latino
EMP-0962,James,Kane,james.kane@techcorp.com,Male,EMP-1120,2019-07-11,,,,Engineering,Security Engineering,IC3,Exempt,112000,0.1369,TX,White
EMP-0963,Susan,Bennett,susan.bennett@techcorp.com,Female,EMP-0194,2020-06-29,,,,Engineering,QA Engineering,M1,Exempt,165000,0.0026,NY,White
EMP-0964,Melanie,Stanley,melanie.stanley@techcorp.com,Female,EMP-2890,2019-07-26,,,,Legal,Compliance,M3,Exempt,204000,0.1442,NY,White
EMP-0965,Kimberly,Valdez,kimberly.valdez@techcorp.com,Female,EMP-0323,2021-09-02,,,,Engineering,Software Engineering,IC1,Exempt,71000,0.0192,IL,White
EMP-0966,Gregory,White,gregory.white@techcorp.com,Male,EMP-2048,2019-08-11,,,,Product,UX / Design,IC2,Exempt,82000,0.0135,IL,Asian
EMP-0967,Joshua,Rice,joshua.rice@techcorp.com,Male,EMP-0449,2024-05-14,,,,Finance,Treasury,IC1,Non-Exempt,61000,0.0653,CA,Asian
EMP-0968,Monica,Walker,monica.walker@techcorp.com,Female,EMP-2053,2026-03-12,2026-06-06,Voluntary,Career Move,HR,Total Rewards,M2,Exempt,176000,0.087,WA,White
EMP-0969,April,Johnson,april.johnson@techcorp.com,Female,EMP-1216,2025-02-09,,,,Product,UX / Design,IC3,Exempt,116000,0.145,CA,White
EMP-0970,Edwin,Nunez,edwin.nunez@techcorp.com,Male,EMP-2272,2026-01-24,,,,Engineering,Data Engineering,M2,Exempt,199000,0.0464,IL,White
EMP-0971,Kimberly,Patel,kimberly.patel@techcorp.com,Female,EMP-1135,2018-12-07,,,,Engineering,Security Engineering,IC2,Exempt,105000,0.0802,CA,White
EMP-0972,Samantha,Wright,samantha.wright@techcorp.com,Female,EMP-1500,2023-02-23,,,,Sales,Sales Development,IC1,Non-Exempt,76000,0.2967,TX,Black or African American
EMP-0973,Joshua,Pineda,joshua.pineda@techcorp.com,Non-Binary / Third Gender,EMP-2941,2019-06-17,,,,Product,Product Operations,M1,Exempt,179000,0.044,TX,White
EMP-0974,Neil,Rodriguez,neil.rodriguez@techcorp.com,Male,EMP-2491,2022-01-21,,,,Marketing,Demand Generation,M2,Exempt,186000,0.1755,CA,White
EMP-0975,Robert,Barnes,robert.barnes@techcorp.com,Male,EMP-1182,2021-01-18,,,,Engineering,Data Engineering,IC2,Exempt,92000,0.0461,NY,Hispanic or Latino
EMP-0976,Ralph,Stephenson,ralph.stephenson@techcorp.com,Male,EMP-2451,2022-11-08,,,,Finance,Tax,IC2,Exempt,103000,0.1127,CA,White
EMP-0977,Alexis,Harris,alexis.harris@techcorp.com,Female,EMP-1355,2025-03-17,,,,Product,Product Management,IC1,Exempt,75000,0.0152,FL,White
EMP-0978,Brian,Johnson,brian.johnson@techcorp.com,Male,EMP-0442,2023-12-16,,,,Finance,Accounting,M3,Exempt,219000,0.15,FL,White
EMP-0979,Kyle,Warner,kyle.warner@techcorp.com,Male,EMP-2631,2021-03-23,,,,Finance,Internal Audit,IC2,Exempt,110000,0.0754,CA,White
EMP-0980,Amber,Yang,amber.yang@techcorp.com,Female,EMP-0324,2018-03-16,,,,Engineering,QA Engineering,IC3,Exempt,130000,0.1225,WA,White
EMP-0981,James,Young,james.young@techcorp.com,Male,EMP-0330,2021-06-27,2026-01-06,Involuntary,Reorganization,Product,Product Management,IC1,Exempt,80000,0.0418,NJ,White
EMP-0982,Daniel,Shields,daniel.shields@techcorp.com,Male,EMP-2053,2018-08-05,2025-10-13,Voluntary,Career Move,Engineering,Software Engineering,M2,Exempt,191000,0.0094,FL,White
EMP-0983,Amy,Gordon,amy.gordon@techcorp.com,Female,EMP-0084,2020-05-09,2025-10-29,Voluntary,Compensation,HR,Total Rewards,IC1,Non-Exempt,84000,0.057,CA,White
EMP-0984,Dylan,Cabrera,dylan.cabrera@techcorp.com,Male,EMP-2689,2022-05-09,,,,Sales,Sales Development,IC3,Exempt,135000,0.285,FL,Hispanic or Latino
EMP-0985,Luis,Harper,luis.harper@techcorp.com,Non-Binary / Third Gender,EMP-1546,2025-02-18,,,,Sales,Revenue Operations,IC4,Exempt,156000,0.1322,NY,White
EMP-0986,Megan,Flores,megan.flores@techcorp.com,Female,EMP-1756,2022-11-28,,,,Finance,Internal Audit,IC5,Exempt,180000,0.1117,FL,White
EMP-0987,Douglas,Keller,douglas.keller@techcorp.com,Non-Binary / Third Gender,EMP-2891,2023-04-01,,,,Engineering,Software Engineering,M3,Exempt,238000,0.15,CA,Hispanic or Latino
EMP-0988,Connie,Turner,connie.turner@techcorp.com,Female,EMP-1569,2019-09-26,,,,Engineering,Infrastructure / DevOps,IC2,Exempt,105000,0.0297,IL,White
EMP-0989,Amy,Fry,amy.fry@techcorp.com,Female,EMP-2907,2019-03-11,,,,Marketing,Demand Generation,IC5,Exempt,166000,0.0027,CA,Hispanic or Latino
EMP-0990,Sheryl,Buck,sheryl.buck@techcorp.com,Female,EMP-0846,2025-07-03,,,,Engineering,QA Engineering,IC1,Exempt,64000,0.1152,CA,White
EMP-0991,Lori,Simmons,lori.simmons@techcorp.com,Female,EMP-1622,2019-05-13,2025-12-16,Involuntary,Reorganization,Marketing,Product Marketing,IC2,Exempt,100000,0.1421,NY,Hispanic or Latino
EMP-0992,Kathleen,Compton,kathleen.compton@techcorp.com,Female,EMP-2768,2018-09-29,,,,Sales,Revenue Operations,IC2,Non-Exempt,90000,0.0796,TX,Two or More Races
EMP-0993,Todd,Powers,todd.powers@techcorp.com,Male,EMP-1395,2018-01-19,,,,HR,HR Business Partnering,IC3,Exempt,145000,0.0338,NY,Two or More Races
EMP-0994,Richard,Flores,richard.flores@techcorp.com,Male,EMP-0565,2021-03-27,,,,Sales,Account Management,IC3,Exempt,108000,0.1291,CA,White
EMP-0995,Jennifer,Hernandez,jennifer.hernandez@techcorp.com,Female,EMP-1830,2022-03-25,,,,Engineering,Security Engineering,M3,Exempt,241000,0.15,FL,Two or More Races
EMP-0996,Jamie,Webster,jamie.webster@techcorp.com,Female,EMP-2809,2024-03-02,,,,Sales,Account Management,IC1,Non-Exempt,62000,0.1315,NJ,Black or African American
EMP-0997,Kara,Atkinson,kara.atkinson@techcorp.com,Female,EMP-2297,2020-11-29,,,,Marketing,Brand,IC3,Exempt,128000,0.0578,TX,White
EMP-0998,Elizabeth,Zimmerman,elizabeth.zimmerman@techcorp.com,Female,EMP-0845,2023-07-12,,,,HR,HR Business Partnering,IC3,Exempt,129000,0.0452,TX,Hispanic or Latino
EMP-0999,Renee,Melendez,renee.melendez@techcorp.com,Female,EMP-1004,2018-07-06,,,,Finance,Internal Audit,M3,Exempt,241000,0.15,NY,White
EMP-1000,Justin,Faulkner,justin.faulkner@techcorp.com,Male,EMP-2712,2022-09-28,,,,Sales,Revenue Operations,M1,Exempt,156000,0.0592,CA,White
EMP-1001,Justin,Anderson,justin.anderson@techcorp.com,Male,EMP-0445,2020-12-15,2022-10-27,Voluntary,Career Move,Engineering,Security Engineering,IC1,Exempt,71000,0.0962,CA,Hispanic or Latino
EMP-1002,Dana,Harris,dana.harris@techcorp.com,Female,EMP-2937,2023-12-12,,,,Sales,Account Management,IC4,Exempt,154000,0.2722,NY,White
EMP-1003,Maria,Nielsen,maria.nielsen@techcorp.com,Female,EMP-1606,2025-11-30,,,,Engineering,Security Engineering,IC3,Exempt,125000,0.0575,CA,White
EMP-1004,Ryan,Davis,ryan.davis1@techcorp.com,Male,EMP-1456,2025-09-07,2026-04-30,Involuntary,Performance,Finance,Tax,Director,Exempt,260000,0.15,NY,White
EMP-1005,Nathaniel,Lee,nathaniel.lee@techcorp.com,Male,EMP-0116,2021-10-17,,,,Finance,Accounting,IC2,Exempt,98000,0.145,NY,White
EMP-1006,Debra,Nunez,debra.nunez@techcorp.com,Female,EMP-1549,2020-06-11,,,,Marketing,Marketing Operations,IC2,Exempt,102000,0.0907,NY,White
EMP-1007,Lindsey,Russo,lindsey.russo@techcorp.com,Female,EMP-2451,2020-08-21,,,,Marketing,Product Marketing,IC1,Non-Exempt,60000,0.1336,FL,Asian
EMP-1008,Cole,Gill,cole.gill@techcorp.com,Male,EMP-1576,2021-09-02,,,,Product,Product Operations,IC1,Exempt,77000,0.0644,CA,White
EMP-1009,Nathaniel,Hansen,nathaniel.hansen@techcorp.com,Male,EMP-0072,2021-08-10,,,,Product,UX / Design,M1,Exempt,146000,0.1276,TX,Black or African American
EMP-1010,Karen,Booth,karen.booth@techcorp.com,Female,EMP-1710,2018-04-24,,,,Sales,Sales Development,IC3,Exempt,130000,0.1817,CA,White
EMP-1011,Gary,Krueger,gary.krueger@techcorp.com,Male,EMP-0794,2019-06-18,,,,Engineering,Security Engineering,IC5,Exempt,187000,0.027,FL,White
EMP-1012,Adrian,Giles,adrian.giles@techcorp.com,Male,EMP-1367,2022-02-28,,,,Sales,Revenue Operations,IC4,Exempt,146000,0.0802,NY,White
EMP-1013,Victor,Wilson,victor.wilson@techcorp.com,Male,EMP-1829,2024-12-01,2025-12-28,Involuntary,Performance,Sales,Revenue Operations,IC3,Exempt,116000,0.2888,NJ,White
EMP-1014,Yvonne,Mendoza,yvonne.mendoza@techcorp.com,Female,EMP-1135,2020-02-06,,,,Finance,Financial Planning & Analysis,IC2,Exempt,104000,0.112,WA,Two or More Races
EMP-1015,Dana,Munoz,dana.munoz@techcorp.com,Female,EMP-0831,2025-08-11,,,,Product,UX / Design,IC5,Exempt,169000,0.1331,CA,White
EMP-1016,Christine,Herman,christine.herman@techcorp.com,Female,EMP-2361,2021-11-03,,,,Sales,Account Management,IC4,Exempt,138000,0.1228,CA,White
EMP-1017,Juan,Rowe,juan.rowe@techcorp.com,Male,EMP-0324,2019-10-17,,,,Product,Product Operations,IC1,Exempt,66000,0.0665,WA,Asian
EMP-1018,James,Ferguson,james.ferguson@techcorp.com,Male,EMP-1318,2024-04-24,2026-05-17,Involuntary,Reorganization,HR,Talent Acquisition,IC3,Exempt,147000,0.0907,NY,White
EMP-1019,Heather,Green,heather.green@techcorp.com,Female,EMP-2954,2020-01-09,,,,Finance,Internal Audit,IC1,Non-Exempt,77000,0.024,TX,Black or African American
EMP-1020,Jose,Crawford,jose.crawford@techcorp.com,Male,EMP-1710,2021-05-07,,,,Sales,Revenue Operations,IC5,Exempt,189000,0.2658,NJ,Hispanic or Latino
EMP-1021,Brett,Zavala,brett.zavala@techcorp.com,Male,EMP-0311,2021-05-29,,,,Sales,Customer Success,IC2,Non-Exempt,104000,0.2648,CA,Hispanic or Latino
EMP-1022,Julie,Franco,julie.franco@techcorp.com,Female,EMP-2903,2018-01-12,2018-03-24,Involuntary,Performance,Engineering,Security Engineering,IC2,Exempt,99000,0.1491,FL,Black or African American
EMP-1023,Suzanne,Wood,suzanne.wood@techcorp.com,Female,EMP-0194,2024-05-03,,,,Sales,Sales Development,M1,Exempt,159000,0.0915,NJ,Asian
EMP-1024,Anna,Walker,anna.walker@techcorp.com,Non-Binary / Third Gender,EMP-1407,2024-01-30,2026-01-04,Involuntary,Reorganization,Engineering,Infrastructure / DevOps,IC4,Exempt,137000,0.0877,CA,White
EMP-1025,Brianna,Green,brianna.green@techcorp.com,Female,EMP-2909,2021-11-10,,,,Marketing,Demand Generation,IC1,Non-Exempt,62000,0.1593,CA,White
EMP-1026,Timothy,Riley,timothy.riley@techcorp.com,Male,EMP-1659,2018-05-17,,,,Engineering,Data Engineering,M2,Exempt,195000,0.0871,NJ,Black or African American
EMP-1027,Jason,Hernandez,jason.hernandez@techcorp.com,Male,EMP-1091,2024-12-30,,,,Marketing,Content Marketing,IC1,Non-Exempt,75000,0.0442,IL,White
EMP-1028,Erin,James,erin.james@techcorp.com,Female,EMP-2073,2024-08-22,,,,Sales,Revenue Operations,M1,Exempt,149000,0.253,CA,White
EMP-1029,Roy,Porter,roy.porter@techcorp.com,Male,EMP-0583,2019-01-06,2026-03-17,Involuntary,Reorganization,Engineering,Data Engineering,IC1,Exempt,81000,0.0086,NJ,Hispanic or Latino
EMP-1030,Mary,Cohen,mary.cohen@techcorp.com,Female,EMP-2497,2020-03-22,,,,HR,Talent Acquisition,IC2,Exempt,107000,0.0371,NY,White
EMP-1031,Dawn,Underwood,dawn.underwood@techcorp.com,Female,EMP-2174,2019-02-05,,,,Finance,Internal Audit,IC2,Exempt,86000,0.0593,CA,White
EMP-1032,Vincent,May,vincent.may@techcorp.com,Male,EMP-0963,2021-01-27,2026-03-26,Voluntary,Career Move,Product,UX / Design,IC1,Exempt,66000,0.1002,TX,Asian
EMP-1033,John,Jackson,john.jackson@techcorp.com,Male,EMP-0864,2024-12-17,2025-12-14,Voluntary,Compensation,Product,UX / Design,IC4,Exempt,138000,0.0092,CA,White
EMP-1034,Robert,Jackson,robert.jackson@techcorp.com,Male,EMP-2857,2020-08-01,,,,Engineering,QA Engineering,IC1,Exempt,67000,0.0477,CA,Hispanic or Latino
EMP-1035,Michelle,Freeman,michelle.freeman@techcorp.com,Female,EMP-1199,2019-03-07,2025-10-09,Voluntary,Career Move,Product,UX / Design,IC1,Exempt,72000,0.1262,TX,White
EMP-1036,Sydney,Weaver,sydney.weaver@techcorp.com,Female,EMP-0203,2025-12-10,,,,HR,Total Rewards,IC5,Exempt,182000,0.081,FL,White
EMP-1037,Martin,Brown,martin.brown@techcorp.com,Male,EMP-0791,2018-01-31,,,,Sales,Enterprise Sales,IC3,Exempt,111000,0.1708,CA,White
EMP-1038,Amanda,Bradford,amanda.bradford@techcorp.com,Female,EMP-1784,2019-11-28,,,,Sales,Customer Success,IC3,Exempt,119000,0.1895,NY,White
EMP-1039,Theresa,Barnett,theresa.barnett@techcorp.com,Female,EMP-2042,2021-04-02,,,,Product,Product Operations,IC1,Exempt,65000,0.0812,NY,White
EMP-1040,Phillip,Gutierrez,phillip.gutierrez@techcorp.com,Male,EMP-1446,2021-08-06,,,,Product,Product Operations,IC1,Exempt,69000,0.1191,CA,Black or African American
EMP-1041,Ryan,Hall,ryan.hall@techcorp.com,Male,EMP-0320,2022-06-18,,,,Engineering,Security Engineering,IC5,Exempt,164000,0.0877,CA,White
EMP-1042,Michelle,Smith,michelle.smith1@techcorp.com,Female,EMP-0894,2021-07-30,,,,Marketing,Brand,IC3,Exempt,107000,0.1054,CA,White
EMP-1043,Jonathan,Brooks,jonathan.brooks@techcorp.com,Male,EMP-2196,2019-03-12,,,,Sales,Customer Success,IC5,Exempt,166000,0.2323,FL,Hispanic or Latino
EMP-1044,Luke,Estrada,luke.estrada@techcorp.com,Male,EMP-0831,2021-05-13,2026-03-21,Involuntary,Performance,Sales,Revenue Operations,IC3,Exempt,110000,0.1528,TX,White
EMP-1045,Luis,Webb,luis.webb@techcorp.com,Male,EMP-2660,2020-10-03,,,,Engineering,QA Engineering,IC5,Exempt,163000,0.0855,CA,White
EMP-1046,Adam,Arnold,adam.arnold@techcorp.com,Non-Binary / Third Gender,EMP-2871,2022-09-07,,,,HR,People Operations,IC3,Exempt,110000,0.0832,CA,White
EMP-1047,Adam,Moreno,adam.moreno@techcorp.com,Male,EMP-1184,2021-11-04,,,,Finance,Financial Planning & Analysis,IC3,Exempt,128000,0.0542,CA,White
EMP-1048,Denise,Madden,denise.madden@techcorp.com,Female,EMP-1248,2020-10-03,,,,Sales,Enterprise Sales,IC4,Exempt,164000,0.1847,CA,White
EMP-1049,Alicia,Li,alicia.li@techcorp.com,Female,EMP-1108,2023-12-07,,,,Finance,Accounting,M3,Exempt,218000,0.15,NY,White
EMP-1050,Michael,Drake,michael.drake@techcorp.com,Male,EMP-1097,2022-09-09,,,,Sales,Account Management,IC2,Non-Exempt,94000,0.159,CA,White
EMP-1051,Susan,Rodriguez,susan.rodriguez@techcorp.com,Female,EMP-1990,2019-12-12,,,,Engineering,Infrastructure / DevOps,IC5,Exempt,187000,0.0388,NJ,Hispanic or Latino
EMP-1052,Brent,Hernandez,brent.hernandez@techcorp.com,Male,EMP-0260,2022-11-18,,,,Legal,Privacy & Data,M1,Exempt,148000,0.0523,CA,White
EMP-1053,Cheryl,Fox,cheryl.fox@techcorp.com,Female,EMP-0566,2022-09-18,,,,Engineering,Software Engineering,IC3,Exempt,118000,0.1039,NJ,Hispanic or Latino
EMP-1054,Robin,Adams,robin.adams@techcorp.com,Female,EMP-0794,2021-02-10,,,,Sales,Revenue Operations,IC3,Exempt,143000,0.1683,IL,White
EMP-1055,James,Watson,james.watson@techcorp.com,Male,EMP-2628,2024-05-01,2026-02-12,Voluntary,Personal Reasons,HR,Talent Acquisition,Director,Exempt,230000,0.1269,CA,White
EMP-1056,Jennifer,Cunningham,jennifer.cunningham@techcorp.com,Female,EMP-2384,2020-03-15,,,,HR,Learning & Development,IC1,Non-Exempt,76000,0.0687,NY,Hispanic or Latino
EMP-1057,Wanda,Perez,wanda.perez@techcorp.com,Female,EMP-2429,2021-04-16,,,,HR,Learning & Development,IC4,Exempt,147000,0.027,IL,White
EMP-1058,Michael,Abbott,michael.abbott@techcorp.com,Male,EMP-1248,2022-11-13,,,,Marketing,Brand,IC2,Exempt,82000,0.0022,WA,White
EMP-1059,Matthew,Garrison,matthew.garrison@techcorp.com,Male,EMP-1463,2025-01-07,,,,Product,UX / Design,IC4,Exempt,147000,0.1415,CA,White
EMP-1060,Olivia,Davis,olivia.davis@techcorp.com,Female,EMP-0031,2024-08-13,,,,HR,Learning & Development,IC3,Exempt,109000,0.0958,TX,White
EMP-1061,James,Tran,james.tran@techcorp.com,Male,EMP-2207,2025-02-14,2026-04-22,Involuntary,Reorganization,Sales,Revenue Operations,M2,Exempt,198000,0.1234,NY,Asian
EMP-1062,Amy,Smith,amy.smith@techcorp.com,Female,EMP-0583,2022-08-30,,,,HR,Total Rewards,IC1,Non-Exempt,86000,0.1019,CA,Black or African American
EMP-1063,Carolyn,Porter,carolyn.porter@techcorp.com,Female,EMP-1591,2021-05-01,,,,Legal,Employment Law,IC2,Exempt,93000,0.0577,FL,White
EMP-1064,Jessica,Mueller,jessica.mueller@techcorp.com,Female,EMP-2689,2025-10-27,,,,Engineering,Security Engineering,IC4,Exempt,151000,0.1256,NY,White
EMP-1065,Kylie,Hodge,kylie.hodge@techcorp.com,Female,EMP-1362,2022-10-21,,,,Product,Product Management,IC1,Exempt,69000,0.0595,FL,White
EMP-1066,Brandon,Rice,brandon.rice@techcorp.com,Male,EMP-1395,2019-05-08,,,,Legal,Privacy & Data,IC2,Exempt,113000,0.0329,CA,White
EMP-1067,Amanda,Lewis,amanda.lewis@techcorp.com,Female,EMP-2827,2021-09-11,,,,Sales,Customer Success,IC4,Exempt,150000,0.2234,NY,Hispanic or Latino
EMP-1068,Shawna,Clay,shawna.clay@techcorp.com,Female,EMP-2530,2023-08-26,,,,HR,People Operations,IC4,Exempt,152000,0.0029,IL,Black or African American
EMP-1069,Karen,Williams,karen.williams@techcorp.com,Female,EMP-2007,2019-07-20,,,,Finance,Treasury,IC2,Exempt,101000,0.0045,CA,Hispanic or Latino
EMP-1070,Angela,Frost,angela.frost@techcorp.com,Female,,2020-02-05,,,,Marketing,Marketing Operations,VP,Exempt,356000,0.1553,CA,Asian
EMP-1071,Steven,Elliott,steven.elliott@techcorp.com,Male,EMP-2884,2024-11-26,2025-11-21,Involuntary,Performance,Legal,Corporate Legal,IC3,Exempt,125000,0.0567,TX,White
EMP-1072,Andrew,Mcfarland,andrew.mcfarland@techcorp.com,Male,EMP-1076,2020-08-13,,,,Engineering,Security Engineering,IC4,Exempt,153000,0.1106,IL,White
EMP-1073,Ernest,Ali,ernest.ali@techcorp.com,Male,EMP-0794,2025-09-14,,,,Engineering,Data Engineering,IC4,Exempt,159000,0.0131,NJ,Asian
EMP-1074,Laurie,Goodwin,laurie.goodwin@techcorp.com,Female,EMP-1714,2024-09-29,,,,Engineering,Software Engineering,IC1,Exempt,64000,0.0538,TX,Two or More Races
EMP-1075,Micheal,Sanders,micheal.sanders@techcorp.com,Male,EMP-2401,2022-12-04,,,,Marketing,Content Marketing,IC4,Exempt,160000,0.0465,TX,White
EMP-1076,Angela,Martin,angela.martin@techcorp.com,Female,EMP-1049,2025-10-12,,,,Sales,Account Management,M1,Exempt,170000,0.1847,NY,White
EMP-1077,Cynthia,Davenport,cynthia.davenport@techcorp.com,Female,EMP-2401,2025-04-18,,,,Engineering,QA Engineering,IC5,Exempt,166000,0.0871,FL,White
EMP-1078,James,Mosley,james.mosley@techcorp.com,Male,EMP-0300,2019-10-02,,,,Engineering,Security Engineering,IC5,Exempt,198000,0.0064,IL,White
EMP-1079,Gary,Campos,gary.campos@techcorp.com,Male,EMP-1949,2022-07-06,,,,Engineering,Data Engineering,IC5,Exempt,216000,0.0901,NY,White
EMP-1080,Charles,Hinton,charles.hinton@techcorp.com,Male,EMP-0672,2023-10-16,,,,Engineering,Infrastructure / DevOps,IC3,Exempt,107000,0.1449,WA,White
EMP-1081,Misty,Mason,misty.mason@techcorp.com,Female,EMP-2465,2022-09-29,,,,Sales,Customer Success,IC3,Exempt,126000,0.2298,IL,White
EMP-1082,Valerie,Brown,valerie.brown@techcorp.com,Female,EMP-1230,2022-07-22,2022-12-15,Voluntary,Career Move,Legal,Privacy & Data,IC2,Exempt,83000,0.0557,TX,Black or African American
EMP-1083,Jessica,Roberson,jessica.roberson@techcorp.com,Female,EMP-1028,2022-09-22,,,,Product,Product Management,IC2,Exempt,111000,0.1324,NY,White
EMP-1084,Gina,Mack,gina.mack@techcorp.com,Female,EMP-0336,2018-11-29,2023-03-09,Voluntary,Compensation,Sales,Sales Development,IC3,Exempt,105000,0.2366,NJ,Asian
EMP-1085,Tina,Sanders,tina.sanders@techcorp.com,Female,EMP-2871,2018-03-18,,,,HR,Learning & Development,IC2,Exempt,82000,0.1111,WA,White
EMP-1086,Patricia,Johnson,patricia.johnson@techcorp.com,Female,EMP-2148,2020-12-26,,,,Product,Product Operations,IC1,Exempt,71000,0.1234,IL,White
EMP-1087,Denise,Riddle,denise.riddle@techcorp.com,Female,EMP-0346,2021-07-27,,,,Legal,Employment Law,IC3,Exempt,130000,0.0891,NY,White
EMP-1088,Katherine,Kelly,katherine.kelly@techcorp.com,Female,EMP-2806,2020-11-13,,,,Finance,Internal Audit,IC4,Exempt,172000,0.105,NJ,Black or African American
EMP-1089,Teresa,Reynolds,teresa.reynolds@techcorp.com,Female,EMP-0583,2021-01-19,,,,HR,People Operations,IC2,Exempt,99000,0.0493,IL,White
EMP-1090,Meghan,Guerrero,meghan.guerrero@techcorp.com,Female,EMP-1354,2023-03-14,,,,Sales,Customer Success,IC1,Non-Exempt,76000,0.2925,NY,White
EMP-1091,Angelica,Montgomery,angelica.montgomery@techcorp.com,Female,EMP-0355,2024-05-11,2025-10-25,Voluntary,Career Move,Engineering,Security Engineering,M2,Exempt,214000,0.1283,FL,White
EMP-1092,Robert,Marquez,robert.marquez@techcorp.com,Male,EMP-2556,2018-02-15,,,,Product,UX / Design,IC2,Exempt,89000,0.0109,NY,Asian
EMP-1093,Angela,Moore,angela.moore@techcorp.com,Female,EMP-1620,2024-08-13,,,,Finance,Internal Audit,M1,Exempt,174000,0.0231,IL,Hispanic or Latino
EMP-1094,Michael,Walters,michael.walters@techcorp.com,Male,EMP-0845,2020-02-07,2023-01-21,Voluntary,Compensation,HR,Learning & Development,IC1,Non-Exempt,78000,0.0976,NY,White
EMP-1095,Nancy,Stewart,nancy.stewart@techcorp.com,Female,EMP-1756,2020-02-16,,,,Engineering,Infrastructure / DevOps,IC2,Exempt,100000,0.1487,NY,White
EMP-1096,Ashley,Smith,ashley.smith1@techcorp.com,Female,EMP-0778,2021-06-03,,,,Product,Product Operations,IC5,Exempt,204000,0.034,CA,White
EMP-1097,Eric,Ward,eric.ward@techcorp.com,Male,EMP-1860,2024-02-05,2025-12-15,Voluntary,Career Move,Sales,Revenue Operations,M1,Exempt,157000,0.1979,TX,Hispanic or Latino
EMP-1098,Debra,Anderson,debra.anderson@techcorp.com,Female,EMP-1927,2018-05-07,,,,Engineering,Infrastructure / DevOps,IC3,Exempt,133000,0.149,NY,Asian
EMP-1099,Cody,Cole,cody.cole@techcorp.com,Male,EMP-1395,2024-04-07,,,,Engineering,Infrastructure / DevOps,IC3,Exempt,130000,0.1373,TX,Two or More Races
EMP-1100,Justin,Russell,justin.russell@techcorp.com,Male,EMP-1835,2018-01-18,,,,Engineering,Software Engineering,IC4,Exempt,148000,0.0547,TX,White
EMP-1101,Allison,Gomez,allison.gomez@techcorp.com,Female,EMP-2754,2023-05-22,,,,Engineering,Data Engineering,IC2,Exempt,99000,0.0977,FL,Asian
EMP-1102,Brandon,George,brandon.george@techcorp.com,Male,EMP-0144,2021-06-22,,,,Engineering,Data Engineering,IC1,Exempt,76000,0.0461,CA,Hispanic or Latino
EMP-1103,Erika,Cruz,erika.cruz@techcorp.com,Female,EMP-2868,2025-05-13,,,,Engineering,Data Engineering,IC2,Exempt,92000,0.0928,IL,White
EMP-1104,Edgar,Hughes,edgar.hughes@techcorp.com,Male,EMP-1672,2020-03-15,,,,Legal,Employment Law,IC4,Exempt,137000,0.0991,NY,White
EMP-1105,Bradley,Santana,bradley.santana@techcorp.com,Male,EMP-1927,2025-06-09,,,,Finance,Accounting,IC5,Exempt,217000,0.022,NY,Hispanic or Latino
EMP-1106,Susan,Spence,susan.spence@techcorp.com,Female,EMP-0077,2021-04-18,,,,Sales,Enterprise Sales,M1,Exempt,140000,0.1621,TX,White
EMP-1107,Kenneth,Jackson,kenneth.jackson@techcorp.com,Male,EMP-1672,2022-12-24,,,,Sales,Customer Success,IC5,Exempt,204000,0.0822,CA,Two or More Races
EMP-1108,Jamie,Taylor,jamie.taylor@techcorp.com,Female,EMP-0097,2025-09-19,,,,Sales,Enterprise Sales,Director,Exempt,294000,0.1556,CA,Hispanic or Latino
EMP-1109,Elizabeth,Snyder,elizabeth.snyder@techcorp.com,Female,EMP-2086,2024-04-05,,,,Finance,Tax,IC4,Exempt,148000,0.0407,TX,White
EMP-1110,Arthur,Hamilton,arthur.hamilton@techcorp.com,Male,EMP-2665,2022-05-27,,,,HR,Total Rewards,IC3,Exempt,114000,0.08,IL,White
EMP-1111,Jennifer,Washington,jennifer.washington@techcorp.com,Female,EMP-1395,2018-02-21,,,,Engineering,QA Engineering,IC4,Exempt,148000,0.0468,TX,Two or More Races
EMP-1112,Angela,King,angela.king@techcorp.com,Female,EMP-2316,2024-08-07,,,,Engineering,Security Engineering,IC2,Exempt,90000,0.024,IL,Hispanic or Latino
EMP-1113,David,Weber,david.weber@techcorp.com,Male,EMP-1968,2024-02-07,,,,Engineering,Infrastructure / DevOps,IC4,Exempt,145000,0.1423,TX,Hispanic or Latino
EMP-1114,Kirk,Gonzalez,kirk.gonzalez@techcorp.com,Male,EMP-2857,2024-01-23,,,,Finance,Financial Planning & Analysis,IC4,Exempt,140000,0.0483,TX,White
EMP-1115,Ashley,Torres,ashley.torres@techcorp.com,Female,EMP-0320,2026-01-31,,,,Marketing,Product Marketing,IC1,Non-Exempt,63000,0.01,CA,Two or More Races
EMP-1116,Travis,Cook,travis.cook@techcorp.com,Male,EMP-0300,2023-08-23,,,,Sales,Customer Success,M1,Exempt,174000,0.2405,IL,White
EMP-1117,Manuel,Brock,manuel.brock@techcorp.com,Male,EMP-2904,2018-06-18,,,,Legal,Corporate Legal,IC2,Exempt,99000,0.0615,TX,Hispanic or Latino
EMP-1118,Gary,Cook,gary.cook@techcorp.com,Male,EMP-2470,2019-08-18,,,,Engineering,Security Engineering,IC5,Exempt,184000,0.0144,TX,White
EMP-1119,Robin,Villarreal,robin.villarreal@techcorp.com,Female,EMP-2495,2019-04-02,,,,Product,Product Operations,IC4,Exempt,143000,0.0049,WA,Black or African American
EMP-1120,William,Taylor,william.taylor@techcorp.com,Male,EMP-1950,2023-04-11,,,,Engineering,Software Engineering,M1,Exempt,160000,0.1428,NY,White
EMP-1121,Frank,Valentine,frank.valentine@techcorp.com,Male,EMP-0353,2020-03-16,,,,Marketing,Demand Generation,M1,Exempt,158000,0.0114,NY,White
EMP-1122,Curtis,Edwards,curtis.edwards@techcorp.com,Male,EMP-2585,2023-06-14,2026-04-04,Voluntary,Compensation,Product,UX / Design,Director,Exempt,298000,0.15,NY,White
EMP-1123,Vincent,Novak,vincent.novak@techcorp.com,Male,EMP-0244,2021-05-18,,,,Engineering,Software Engineering,M1,Exempt,135000,0.0729,TX,White
EMP-1124,Eddie,Neal,eddie.neal@techcorp.com,Male,EMP-1648,2022-07-02,,,,Sales,Account Management,IC4,Exempt,152000,0.2532,NY,White
EMP-1125,John,Johnston,john.johnston@techcorp.com,Male,EMP-0672,2025-03-10,,,,Engineering,Software Engineering,IC4,Exempt,164000,0.0643,NJ,Hispanic or Latino
EMP-1126,David,Bennett,david.bennett@techcorp.com,Male,EMP-1249,2018-08-29,,,,Engineering,Data Engineering,IC1,Exempt,73000,0.0215,CA,Hispanic or Latino
EMP-1127,Robert,Long,robert.long@techcorp.com,Male,EMP-2269,2023-02-28,2025-09-01,Voluntary,Personal Reasons,Engineering,QA Engineering,M2,Exempt,191000,0.1044,NY,Black or African American
EMP-1128,Brian,Elliott,brian.elliott@techcorp.com,Male,EMP-1691,2021-04-24,,,,Legal,Compliance,M1,Exempt,139000,0.0273,TX,Asian
EMP-1129,Kevin,Gardner,kevin.gardner@techcorp.com,Male,EMP-1355,2024-03-30,2025-11-24,Voluntary,Compensation,Finance,Internal Audit,IC2,Exempt,87000,0.0428,NY,White
EMP-1130,Michael,Pierce,michael.pierce@techcorp.com,Male,EMP-0723,2024-09-04,,,,HR,HR Business Partnering,IC2,Exempt,92000,0.104,CA,Black or African American
EMP-1131,Tiffany,Murray,tiffany.murray@techcorp.com,Female,EMP-1028,2021-07-13,,,,HR,Talent Acquisition,IC4,Exempt,144000,0.0537,NJ,White
EMP-1132,Michael,Gonzales,michael.gonzales@techcorp.com,Male,EMP-2758,2025-03-07,,,,Product,Product Management,IC2,Exempt,99000,0.0107,NY,White
EMP-1133,Eddie,Schwartz,eddie.schwartz@techcorp.com,Male,EMP-2656,2025-08-20,,,,Engineering,QA Engineering,IC2,Exempt,82000,0.079,FL,Asian
EMP-1134,Robert,Flynn,robert.flynn@techcorp.com,Male,EMP-0265,2022-03-10,,,,HR,HR Business Partnering,IC1,Non-Exempt,64000,0.0363,CA,White
EMP-1135,Jason,Porter,jason.porter@techcorp.com,Male,EMP-0054,2018-08-20,,,,Legal,Privacy & Data,M1,Exempt,191000,0.0732,NY,White
EMP-1136,Mark,Allen,mark.allen@techcorp.com,Male,EMP-0445,2026-05-04,,,,Product,UX / Design,IC3,Exempt,130000,0.0607,CA,White
EMP-1137,Matthew,Espinoza,matthew.espinoza@techcorp.com,Male,EMP-1318,2024-03-18,2025-12-04,Involuntary,Reorganization,Engineering,QA Engineering,IC2,Exempt,85000,0.103,TX,White
EMP-1138,Richard,Jones,richard.jones@techcorp.com,Male,EMP-1123,2023-04-26,,,,Finance,Financial Planning & Analysis,IC2,Exempt,89000,0.0367,CA,Hispanic or Latino
EMP-1139,William,Mendoza,william.mendoza@techcorp.com,Male,EMP-2048,2020-06-07,,,,Legal,Employment Law,IC4,Exempt,156000,0.0144,FL,Hispanic or Latino
EMP-1140,Jennifer,Hunter,jennifer.hunter@techcorp.com,Female,EMP-1467,2020-05-11,,,,Product,UX / Design,IC1,Exempt,80000,0.1402,CA,White
EMP-1141,Thomas,Holt,thomas.holt@techcorp.com,Male,EMP-1576,2023-02-28,,,,Sales,Revenue Operations,IC5,Exempt,199000,0.1984,CA,White
EMP-1142,Joshua,Gibbs,joshua.gibbs@techcorp.com,Male,EMP-0476,2021-10-17,,,,Product,Product Operations,IC2,Exempt,84000,0.0205,FL,White
EMP-1143,Heather,Woodard,heather.woodard@techcorp.com,Female,EMP-1023,2018-01-01,2021-05-31,Voluntary,Career Move,Engineering,Software Engineering,IC2,Exempt,91000,0.0283,NJ,White
EMP-1144,Kimberly,Little,kimberly.little@techcorp.com,Female,EMP-1827,2024-10-12,,,,Engineering,Infrastructure / DevOps,IC2,Exempt,93000,0.1334,CA,Hispanic or Latino
EMP-1145,Angela,Mack,angela.mack@techcorp.com,Female,EMP-0793,2018-12-11,2025-10-25,Involuntary,Performance,Marketing,Marketing Operations,IC2,Exempt,106000,0.112,CA,White
EMP-1146,Mary,Kelly,mary.kelly@techcorp.com,Female,EMP-1382,2020-05-24,,,,Finance,Treasury,IC5,Exempt,165000,0.0328,NY,Hispanic or Latino
EMP-1147,Matthew,Williams,matthew.williams@techcorp.com,Male,EMP-2128,2022-08-24,2026-05-30,Involuntary,Performance,Engineering,QA Engineering,IC5,Exempt,208000,0.0922,NY,White
EMP-1148,William,Byrd,william.byrd@techcorp.com,Male,EMP-0786,2025-01-25,2026-05-29,Voluntary,Career Move,HR,Total Rewards,IC3,Exempt,108000,0.0989,TX,Black or African American
EMP-1149,James,Goodwin,james.goodwin@techcorp.com,Male,EMP-1576,2025-07-29,,,,Engineering,Security Engineering,IC1,Exempt,71000,0.1138,TX,White
EMP-1150,Vincent,Jordan,vincent.jordan@techcorp.com,Male,EMP-0585,2018-02-26,,,,Sales,Account Management,IC1,Non-Exempt,72000,0.1512,NJ,Hispanic or Latino
EMP-1151,Adam,Green,adam.green@techcorp.com,Male,EMP-0445,2021-03-04,,,,Legal,Privacy & Data,IC1,Non-Exempt,71000,0.0595,TX,White
EMP-1152,Kayla,Stone,kayla.stone@techcorp.com,Female,EMP-0723,2024-01-28,,,,Sales,Enterprise Sales,IC5,Exempt,186000,0.1995,CA,White
EMP-1153,Kevin,Johnston,kevin.johnston@techcorp.com,Male,EMP-2297,2021-07-08,,,,Engineering,Software Engineering,IC4,Exempt,186000,0.0896,NJ,White
EMP-1154,Jeremy,Myers,jeremy.myers@techcorp.com,Male,EMP-0073,2019-02-20,,,,Finance,Accounting,IC2,Exempt,92000,0.1078,TX,Asian
EMP-1155,Patricia,Chapman,patricia.chapman@techcorp.com,Female,EMP-2100,2024-04-22,,,,Engineering,QA Engineering,IC4,Exempt,157000,0.0024,FL,White
EMP-1156,Jonathan,Cooper,jonathan.cooper@techcorp.com,Male,EMP-1106,2020-03-01,,,,Engineering,Infrastructure / DevOps,IC3,Exempt,134000,0.1055,NY,White
EMP-1157,Allison,Garcia,allison.garcia@techcorp.com,Female,EMP-2130,2025-02-22,,,,HR,HR Business Partnering,IC3,Exempt,115000,0.0858,FL,Hispanic or Latino
EMP-1158,Jennifer,Nixon,jennifer.nixon@techcorp.com,Female,EMP-1355,2023-08-15,,,,Finance,Internal Audit,IC3,Exempt,125000,0.1448,CA,White
EMP-1159,Brian,Shepard,brian.shepard@techcorp.com,Male,EMP-1782,2021-04-03,,,,Engineering,Software Engineering,IC5,Exempt,174000,0.0074,FL,Two or More Races
EMP-1160,Brenda,Collins,brenda.collins@techcorp.com,Female,EMP-0645,2024-06-15,,,,Product,Product Operations,IC1,Exempt,68000,0.1163,WA,White
EMP-1161,Jordan,Clark,jordan.clark@techcorp.com,Female,EMP-2907,2025-08-10,,,,Sales,Customer Success,IC3,Exempt,112000,0.0509,TX,Asian
EMP-1162,John,Alvarez,john.alvarez@techcorp.com,Male,EMP-2530,2019-05-04,,,,Sales,Account Management,IC3,Exempt,118000,0.0648,IL,White
EMP-1163,Jeffrey,Horton,jeffrey.horton@techcorp.com,Male,EMP-2746,2021-07-29,2024-09-06,Voluntary,Personal Reasons,Product,UX / Design,IC5,Exempt,175000,0.0528,CA,White
EMP-1164,Francis,Evans,francis.evans@techcorp.com,Male,EMP-2072,2021-10-14,,,,Engineering,Infrastructure / DevOps,IC4,Exempt,145000,0.0622,TX,White
EMP-1165,Rhonda,Wilson,rhonda.wilson@techcorp.com,Female,EMP-1784,2019-03-13,,,,Product,Product Management,IC4,Exempt,139000,0.0216,NY,White
EMP-1166,Samuel,Wong,samuel.wong@techcorp.com,Male,EMP-2451,2020-04-06,,,,HR,HR Business Partnering,IC1,Non-Exempt,79000,0.1095,WA,White
EMP-1167,Megan,Martin,megan.martin@techcorp.com,Female,EMP-0591,2020-10-01,,,,Marketing,Product Marketing,IC2,Exempt,85000,0.1587,NY,Asian
EMP-1168,William,Sanchez,william.sanchez@techcorp.com,Male,EMP-1440,2025-03-18,,,,Engineering,Infrastructure / DevOps,IC3,Exempt,107000,0.1165,FL,Hispanic or Latino
EMP-1169,Ethan,Castro,ethan.castro@techcorp.com,Non-Binary / Third Gender,EMP-0570,2018-10-11,,,,Engineering,Data Engineering,IC1,Exempt,65000,0.0868,TX,White
EMP-1170,Tina,Hall,tina.hall@techcorp.com,Female,EMP-0582,2024-09-08,,,,HR,People Operations,IC2,Exempt,102000,0.1103,IL,Black or African American
EMP-1171,Jennifer,Lopez,jennifer.lopez@techcorp.com,Female,EMP-1883,2019-09-19,,,,Marketing,Marketing Operations,IC2,Exempt,87000,0.0378,NY,White
EMP-1172,Martin,Reynolds,martin.reynolds@techcorp.com,Male,EMP-1026,2018-06-23,,,,Engineering,Security Engineering,IC1,Exempt,64000,0.113,NY,Hispanic or Latino
EMP-1173,Alyssa,Mendez,alyssa.mendez@techcorp.com,Female,EMP-2026,2018-02-28,2024-07-10,Voluntary,Compensation,Engineering,Infrastructure / DevOps,IC2,Exempt,96000,0.096,WA,White
EMP-1174,Craig,Vargas,craig.vargas@techcorp.com,Male,EMP-0645,2024-12-02,2026-06-28,Voluntary,Career Move,Engineering,QA Engineering,IC2,Exempt,87000,0.0976,NJ,White
EMP-1175,James,Bush,james.bush@techcorp.com,Male,EMP-0175,2021-09-22,2022-05-07,Voluntary,Personal Reasons,Product,Product Operations,IC1,Exempt,66000,0.1262,CA,White
EMP-1176,Daniel,Goodwin,daniel.goodwin@techcorp.com,Male,EMP-2008,2025-06-16,,,,Engineering,Security Engineering,IC5,Exempt,199000,0.0799,NY,Hispanic or Latino
EMP-1177,Rhonda,Brown,rhonda.brown@techcorp.com,Female,EMP-0576,2023-08-14,2026-01-25,Voluntary,Compensation,Engineering,Infrastructure / DevOps,IC1,Exempt,83000,0.0194,TX,Black or African American
EMP-1178,Brian,Wiggins,brian.wiggins@techcorp.com,Male,EMP-1608,2020-06-19,,,,Marketing,Content Marketing,IC3,Exempt,118000,0.0773,FL,White
EMP-1179,Mark,Ellis,mark.ellis@techcorp.com,Non-Binary / Third Gender,EMP-2174,2023-10-16,,,,HR,HR Business Partnering,IC4,Exempt,149000,0.1179,CA,White
EMP-1180,Dennis,Huffman,dennis.huffman@techcorp.com,Male,EMP-2806,2023-12-10,,,,Product,Product Management,IC3,Exempt,129000,0.0751,NY,White
EMP-1181,Kelsey,Fowler,kelsey.fowler@techcorp.com,Female,EMP-1407,2024-08-28,,,,Product,Product Management,M1,Exempt,163000,0.1392,CA,White
EMP-1182,Linda,Carr,linda.carr@techcorp.com,Female,EMP-0678,2019-05-03,,,,Finance,Treasury,M1,Exempt,152000,0.1419,CA,White
EMP-1183,Laurie,Bailey,laurie.bailey@techcorp.com,Female,EMP-1835,2024-06-05,,,,Sales,Account Management,IC1,Non-Exempt,70000,0.2531,NJ,White
EMP-1184,Sarah,Williamson,sarah.williamson@techcorp.com,Female,EMP-1659,2022-12-29,,,,Legal,Corporate Legal,M1,Exempt,158000,0.0843,TX,White
EMP-1185,Robert,Mccarthy,robert.mccarthy@techcorp.com,Male,EMP-2311,2021-08-05,,,,Sales,Revenue Operations,IC1,Non-Exempt,75000,0.1895,NY,White
EMP-1186,Edward,Mendez,edward.mendez@techcorp.com,Male,EMP-0438,2024-03-04,,,,Product,Product Operations,IC1,Exempt,69000,0.0308,CA,White
EMP-1187,Angela,Anderson,angela.anderson@techcorp.com,Female,EMP-1620,2018-11-21,,,,Sales,Sales Development,M2,Exempt,188000,0.1498,CA,White
EMP-1188,Autumn,Torres,autumn.torres@techcorp.com,Female,EMP-2974,2024-02-20,,,,Legal,Corporate Legal,M1,Exempt,140000,0.0567,NJ,White
EMP-1189,Catherine,Steele,catherine.steele@techcorp.com,Female,EMP-0982,2018-04-19,,,,Marketing,Product Marketing,IC4,Exempt,150000,0.0723,FL,Black or African American
EMP-1190,Jorge,Barnes,jorge.barnes@techcorp.com,Male,EMP-0194,2019-08-25,,,,Marketing,Marketing Operations,IC3,Exempt,122000,0.0698,TX,White
EMP-1191,Brenda,Reyes,brenda.reyes@techcorp.com,Female,EMP-1978,2025-06-07,,,,HR,People Operations,IC4,Exempt,152000,0.0613,NY,White
EMP-1192,Charlene,Reid,charlene.reid@techcorp.com,Female,EMP-1318,2023-10-26,2025-12-31,Voluntary,Career Move,Legal,Employment Law,IC3,Exempt,118000,0.0191,NY,White
EMP-1193,Michael,Brewer,michael.brewer1@techcorp.com,Male,EMP-1813,2025-08-22,,,,Legal,Compliance,IC1,Non-Exempt,69000,0.0263,NY,Hispanic or Latino
EMP-1194,Zachary,Peters,zachary.peters1@techcorp.com,Male,EMP-0308,2023-09-17,,,,Engineering,Infrastructure / DevOps,IC1,Exempt,70000,0.1458,NY,White
EMP-1195,John,Taylor,john.taylor@techcorp.com,Male,EMP-1359,2025-04-08,,,,Engineering,QA Engineering,IC2,Exempt,101000,0.0298,TX,White
EMP-1196,Ernest,Hayes,ernest.hayes@techcorp.com,Male,EMP-1825,2023-12-27,,,,Sales,Sales Development,M1,Exempt,133000,0.2097,TX,Black or African American
EMP-1197,Amy,Howard,amy.howard@techcorp.com,Female,EMP-0864,2025-01-14,,,,Engineering,QA Engineering,IC5,Exempt,187000,0.0769,CA,Two or More Races
EMP-1198,Adam,Taylor,adam.taylor@techcorp.com,Male,EMP-1939,2022-09-30,,,,Finance,Treasury,M1,Exempt,163000,0.1222,CA,White
EMP-1199,Robert,Maynard,robert.maynard@techcorp.com,Male,EMP-0072,2020-06-14,,,,Sales,Revenue Operations,M2,Exempt,191000,0.1021,CA,White
EMP-1200,Kathy,Simpson,kathy.simpson@techcorp.com,Female,EMP-2186,2020-08-14,,,,Sales,Account Management,IC1,Non-Exempt,70000,0.2904,NJ,White
EMP-1201,Melinda,Perry,melinda.perry@techcorp.com,Female,EMP-0596,2018-12-30,,,,Sales,Enterprise Sales,M1,Exempt,169000,0.2804,FL,Hispanic or Latino
EMP-1202,Ryan,Burns,ryan.burns@techcorp.com,Male,EMP-0821,2020-11-07,,,,Sales,Customer Success,IC3,Exempt,125000,0.1582,NY,Asian
EMP-1203,Angela,Johnson,angela.johnson@techcorp.com,Female,EMP-2777,2025-02-02,,,,HR,Learning & Development,IC3,Exempt,116000,0.034,CA,Hispanic or Latino
EMP-1204,Philip,Carter,philip.carter@techcorp.com,Male,EMP-2849,2024-11-02,,,,Sales,Revenue Operations,IC3,Exempt,132000,0.1911,NY,Asian
EMP-1205,Donald,Medina,donald.medina@techcorp.com,Male,EMP-0380,2021-05-13,,,,Legal,Compliance,IC2,Exempt,97000,0.0387,IL,Hispanic or Latino
EMP-1206,Carol,Ellis,carol.ellis@techcorp.com,Female,EMP-0824,2025-10-13,,,,HR,People Operations,IC3,Exempt,117000,0.0345,FL,White
EMP-1207,Patrick,Cannon,patrick.cannon@techcorp.com,Male,EMP-2689,2020-09-15,,,,Sales,Sales Development,IC2,Non-Exempt,108000,0.0572,CA,Asian
EMP-1208,Joshua,Wilson,joshua.wilson@techcorp.com,Male,EMP-2931,2020-02-06,2025-05-16,Involuntary,Performance,HR,Talent Acquisition,IC2,Exempt,100000,0.0226,NY,White
EMP-1209,Kimberly,Morrow,kimberly.morrow@techcorp.com,Non-Binary / Third Gender,EMP-2725,2021-02-12,,,,Engineering,Data Engineering,IC1,Exempt,76000,0.1383,CA,Black or African American
EMP-1210,Jacob,Carson,jacob.carson@techcorp.com,Male,EMP-0583,2020-06-20,,,,Engineering,QA Engineering,IC3,Exempt,137000,0.0816,CA,Two or More Races
EMP-1211,Andrew,Ball,andrew.ball@techcorp.com,Male,EMP-1861,2026-04-21,,,,Product,Product Management,IC1,Exempt,62000,0.1296,TX,White
EMP-1212,Kimberly,Fritz,kimberly.fritz@techcorp.com,Female,EMP-2283,2021-02-04,,,,Sales,Revenue Operations,IC4,Exempt,143000,0.1234,TX,White
EMP-1213,Brian,Greer,brian.greer@techcorp.com,Male,EMP-1816,2022-01-16,,,,Product,UX / Design,M2,Exempt,196000,0.021,NJ,Black or African American
EMP-1214,Nicole,Evans,nicole.evans@techcorp.com,Female,EMP-1994,2023-06-29,,,,Engineering,Data Engineering,IC2,Exempt,97000,0.01,TX,Hispanic or Latino
EMP-1215,Yvonne,Cole,yvonne.cole@techcorp.com,Female,EMP-1121,2019-10-09,,,,Sales,Sales Development,IC5,Exempt,177000,0.1597,IL,White
EMP-1216,Gregory,Montoya,gregory.montoya@techcorp.com,Male,EMP-2964,2018-04-18,,,,Engineering,Data Engineering,M1,Exempt,162000,0.1453,IL,White
EMP-1217,Jeffrey,Mcknight,jeffrey.mcknight@techcorp.com,Male,EMP-0995,2021-10-02,,,,Sales,Enterprise Sales,M1,Exempt,155000,0.2305,CA,Asian
EMP-1218,Patricia,Young,patricia.young@techcorp.com,Female,EMP-0029,2021-05-16,,,,Product,UX / Design,IC2,Exempt,99000,0.1435,CA,Asian
EMP-1219,Rita,Matthews,rita.matthews@techcorp.com,Female,EMP-1213,2025-10-20,,,,Sales,Account Management,IC2,Non-Exempt,100000,0.1706,TX,White
EMP-1220,Gregory,Page,gregory.page@techcorp.com,Male,EMP-0566,2023-10-19,2024-10-12,Voluntary,Personal Reasons,Sales,Revenue Operations,IC1,Non-Exempt,72000,0.1292,CA,Black or African American
EMP-1221,Mackenzie,Martin,mackenzie.martin@techcorp.com,Female,EMP-2311,2023-07-23,,,,Engineering,Security Engineering,IC5,Exempt,185000,0.0771,CA,White
EMP-1222,Brenda,Clark,brenda.clark@techcorp.com,Female,EMP-2733,2020-09-23,,,,HR,Talent Acquisition,IC5,Exempt,171000,0.0699,NY,Asian
EMP-1223,Christine,Brown,christine.brown@techcorp.com,Female,EMP-1560,2023-12-31,,,,Engineering,Infrastructure / DevOps,IC4,Exempt,139000,0.1007,NJ,White
EMP-1224,Heather,Campbell,heather.campbell@techcorp.com,Female,EMP-1480,2021-08-04,,,,Marketing,Product Marketing,IC1,Non-Exempt,69000,0.0595,NY,White
EMP-1225,Kimberly,Morris,kimberly.morris@techcorp.com,Female,EMP-2907,2025-05-13,,,,Engineering,Data Engineering,IC5,Exempt,169000,0.1213,CA,Asian
EMP-1226,Michele,Roberts,michele.roberts@techcorp.com,Female,EMP-0938,2018-02-20,,,,Engineering,Security Engineering,IC3,Exempt,116000,0.0277,CA,Asian
EMP-1227,Derek,Hodge,derek.hodge@techcorp.com,Male,EMP-1362,2018-03-19,2022-10-27,Voluntary,Career Move,Engineering,QA Engineering,IC5,Exempt,192000,0.0207,NY,White
EMP-1228,William,Shelton,william.shelton@techcorp.com,Male,EMP-0073,2019-02-27,,,,Product,UX / Design,IC5,Exempt,163000,0.048,TX,White
EMP-1229,Anna,Estes,anna.estes@techcorp.com,Female,EMP-0320,2022-10-05,2024-08-19,Voluntary,Compensation,Engineering,Data Engineering,IC3,Exempt,111000,0.111,CA,White
EMP-1230,Rachel,Sellers,rachel.sellers@techcorp.com,Female,EMP-0025,2019-06-19,,,,Engineering,Data Engineering,M2,Exempt,188000,0.0071,NY,Hispanic or Latino
EMP-1231,Wendy,Camacho,wendy.camacho@techcorp.com,Female,EMP-2034,2024-11-19,,,,Engineering,Software Engineering,IC3,Exempt,131000,0.0171,CA,White
EMP-1232,Cameron,Cline,cameron.cline@techcorp.com,Male,EMP-1120,2020-02-28,,,,Engineering,Data Engineering,IC4,Exempt,151000,0.0545,TX,Asian
EMP-1233,Danielle,Dawson,danielle.dawson@techcorp.com,Female,EMP-0144,2020-09-23,,,,Sales,Customer Success,IC4,Exempt,141000,0.2581,NY,White
EMP-1234,Sandra,Juarez,sandra.juarez@techcorp.com,Female,EMP-2678,2023-08-13,,,,Sales,Revenue Operations,M1,Exempt,140000,0.251,TX,White
EMP-1235,Michael,Burns,michael.burns@techcorp.com,Male,EMP-0451,2023-09-29,,,,Engineering,Security Engineering,IC5,Exempt,186000,0.0401,FL,Hispanic or Latino
EMP-1236,Kenneth,Adams,kenneth.adams@techcorp.com,Male,EMP-1255,2023-04-24,,,,Engineering,QA Engineering,IC1,Exempt,66000,0.1033,TX,White
EMP-1237,Jennifer,Hayes,jennifer.hayes@techcorp.com,Female,EMP-2980,2022-07-14,,,,Engineering,QA Engineering,IC1,Exempt,76000,0.0709,CA,White
EMP-1238,Madeline,Beard,madeline.beard@techcorp.com,Female,EMP-0939,2020-06-16,,,,Finance,Accounting,IC3,Exempt,125000,0.0872,NY,White
EMP-1239,Brandon,Robertson,brandon.robertson@techcorp.com,Male,EMP-0954,2021-10-16,2026-04-26,Involuntary,Reorganization,Engineering,Data Engineering,IC2,Exempt,104000,0.1048,FL,White
EMP-1240,Donald,Mayer,donald.mayer@techcorp.com,Male,EMP-0912,2023-07-16,,,,Sales,Customer Success,IC2,Non-Exempt,92000,0.0758,NY,White
EMP-1241,Jackie,Clements,jackie.clements@techcorp.com,Female,EMP-1825,2020-05-20,,,,Legal,Compliance,IC1,Non-Exempt,72000,0.0329,FL,White
EMP-1242,Garrett,Smith,garrett.smith@techcorp.com,Male,EMP-0262,2023-04-11,,,,Product,Product Management,IC3,Exempt,124000,0.1011,FL,Hispanic or Latino
EMP-1243,Raymond,Oconnor,raymond.oconnor@techcorp.com,Male,EMP-2429,2019-02-20,2021-07-21,Voluntary,Personal Reasons,Sales,Revenue Operations,IC2,Non-Exempt,102000,0.1788,CA,White
EMP-1244,Nicholas,Ellis,nicholas.ellis@techcorp.com,Male,EMP-1395,2018-08-30,,,,HR,People Operations,IC3,Exempt,126000,0.093,NJ,Asian
EMP-1245,Matthew,Howard,matthew.howard@techcorp.com,Male,EMP-0566,2023-05-29,,,,Finance,Internal Audit,IC1,Non-Exempt,78000,0.0029,IL,White
EMP-1246,Amy,Ferguson,amy.ferguson@techcorp.com,Female,EMP-0995,2019-06-24,,,,HR,Total Rewards,M1,Exempt,164000,0.1006,CA,Hispanic or Latino
EMP-1247,Daniel,Jordan,daniel.jordan@techcorp.com,Male,EMP-1549,2025-02-05,,,,Product,Product Management,IC2,Exempt,101000,0.1054,NY,White
EMP-1248,Daniel,Adams,daniel.adams@techcorp.com,Male,EMP-2370,2025-06-16,,,,Product,Product Management,M1,Exempt,171000,0.0165,TX,Hispanic or Latino
EMP-1249,Sandra,Morgan,sandra.morgan@techcorp.com,Female,EMP-2556,2025-07-16,,,,Sales,Account Management,M1,Exempt,153000,0.2723,CA,White
EMP-1250,Kenneth,Knight,kenneth.knight@techcorp.com,Male,EMP-1921,2024-05-28,,,,HR,Talent Acquisition,IC4,Exempt,143000,0.0931,CA,Hispanic or Latino
EMP-1251,Karina,Cooper,karina.cooper@techcorp.com,Female,EMP-0791,2021-01-18,,,,Engineering,Data Engineering,IC3,Exempt,119000,0.0999,NJ,Hispanic or Latino
EMP-1252,Michael,Williams,michael.williams@techcorp.com,Male,EMP-1634,2023-12-26,2024-04-06,Involuntary,Reorganization,Finance,Financial Planning & Analysis,IC3,Exempt,113000,0.1238,TX,Hispanic or Latino
EMP-1253,Ariana,Bowers,ariana.bowers@techcorp.com,Female,EMP-0175,2024-09-25,,,,Sales,Sales Development,IC3,Exempt,116000,0.2985,IL,White
EMP-1254,Joe,Martinez,joe.martinez@techcorp.com,Male,EMP-0894,2018-07-14,,,,Product,UX / Design,IC5,Exempt,204000,0.1384,IL,White
EMP-1255,Scott,Alexander,scott.alexander@techcorp.com,Male,EMP-2430,2018-05-16,,,,Sales,Account Management,M2,Exempt,242000,0.2006,CA,White
EMP-1256,April,Rubio,april.rubio@techcorp.com,Female,EMP-1345,2020-03-19,2023-04-24,Involuntary,Performance,Sales,Account Management,IC4,Exempt,149000,0.2238,TX,Hispanic or Latino
EMP-1257,Christina,Barker,christina.barker@techcorp.com,Female,EMP-2930,2025-11-14,,,,Sales,Account Management,M1,Exempt,158000,0.079,IL,Black or African American
EMP-1258,Carlos,Santos,carlos.santos@techcorp.com,Male,EMP-2497,2018-03-08,,,,Product,Product Management,IC5,Exempt,179000,0.0696,IL,White
EMP-1259,Christopher,Cantu,christopher.cantu@techcorp.com,Male,EMP-1359,2021-05-10,,,,Finance,Tax,IC2,Exempt,83000,0.0736,FL,Hispanic or Latino
EMP-1260,Denise,Pena,denise.pena@techcorp.com,Female,EMP-1861,2022-10-22,2026-05-08,Involuntary,Performance,Sales,Revenue Operations,IC4,Exempt,151000,0.0805,NJ,White
EMP-1261,David,Watson,david.watson@techcorp.com,Male,EMP-0786,2025-12-18,,,,Finance,Internal Audit,IC1,Non-Exempt,62000,0.038,NY,White
EMP-1262,Stephanie,Martin,stephanie.martin@techcorp.com,Female,EMP-2470,2019-11-16,,,,Engineering,QA Engineering,IC1,Exempt,64000,0.0984,FL,Black or African American
EMP-1263,Jennifer,Torres,jennifer.torres@techcorp.com,Female,EMP-1829,2021-03-05,,,,Marketing,Product Marketing,IC2,Exempt,93000,0.0117,FL,White
EMP-1264,Melissa,Young,melissa.young@techcorp.com,Female,EMP-2755,2022-10-11,,,,Finance,Tax,M2,Exempt,207000,0.0649,WA,White
EMP-1265,Mary,Padilla,mary.padilla@techcorp.com,Female,EMP-0791,2023-08-30,2024-11-15,Voluntary,Compensation,Engineering,QA Engineering,IC2,Exempt,102000,0.1278,CA,Hispanic or Latino
EMP-1266,April,Woods,april.woods@techcorp.com,Female,EMP-2753,2022-01-21,,,,Product,UX / Design,IC5,Exempt,195000,0.0388,IL,White
EMP-1267,Brandi,Perez,brandi.perez@techcorp.com,Female,EMP-0794,2019-04-01,,,,Product,Product Management,IC4,Exempt,155000,0.1228,TX,Asian
EMP-1268,Melanie,Smith,melanie.smith@techcorp.com,Female,EMP-0316,2019-02-25,,,,Engineering,Software Engineering,IC1,Exempt,66000,0.0957,NJ,White
EMP-1269,Melissa,Montoya,melissa.montoya@techcorp.com,Female,EMP-0073,2024-01-06,,,,Finance,Accounting,IC2,Exempt,80000,0.0611,CA,Hispanic or Latino
EMP-1270,William,Henderson,william.henderson@techcorp.com,Male,EMP-0963,2025-05-25,2025-11-13,Voluntary,Career Move,Sales,Sales Development,IC3,Exempt,109000,0.0857,CA,White
EMP-1271,Carlos,Jones,carlos.jones@techcorp.com,Male,EMP-1321,2023-11-25,2026-02-01,Voluntary,Personal Reasons,HR,HR Business Partnering,IC3,Exempt,116000,0.0727,TX,White
EMP-1272,James,Cross,james.cross@techcorp.com,Male,EMP-0733,2024-10-15,,,,Sales,Account Management,IC3,Exempt,112000,0.2725,CA,White
EMP-1273,Brian,Edwards,brian.edwards@techcorp.com,Male,EMP-2283,2021-07-11,,,,HR,HR Business Partnering,IC1,Non-Exempt,73000,0.0936,NY,White
EMP-1274,Sierra,Taylor,sierra.taylor@techcorp.com,Female,EMP-1859,2022-11-24,2026-04-26,Voluntary,Career Move,Marketing,Brand,IC2,Exempt,89000,0.126,FL,Asian
EMP-1275,Raymond,Mullins,raymond.mullins@techcorp.com,Male,EMP-2495,2018-04-08,2022-01-30,Involuntary,Performance,Sales,Enterprise Sales,IC2,Non-Exempt,83000,0.1219,IL,Asian
EMP-1276,Brandi,Haney,brandi.haney@techcorp.com,Female,EMP-1028,2023-09-23,,,,Engineering,Software Engineering,IC2,Exempt,107000,0.0394,NY,White
EMP-1277,Brenda,Moreno,brenda.moreno@techcorp.com,Female,EMP-2465,2025-03-12,,,,Product,Product Operations,IC2,Exempt,105000,0.139,CA,White
EMP-1278,Adam,Santos,adam.santos@techcorp.com,Male,EMP-0262,2020-07-20,,,,Engineering,Security Engineering,IC4,Exempt,168000,0.116,FL,White
EMP-1279,Jessica,Bowen,jessica.bowen@techcorp.com,Female,EMP-0065,2021-09-21,,,,Engineering,Infrastructure / DevOps,IC5,Exempt,185000,0.0517,NY,White
EMP-1280,Edward,Jenkins,edward.jenkins@techcorp.com,Non-Binary / Third Gender,EMP-0778,2026-04-05,,,,Finance,Financial Planning & Analysis,IC4,Exempt,156000,0.0904,NY,Hispanic or Latino
EMP-1281,Melissa,Heath,melissa.heath@techcorp.com,Female,EMP-0037,2022-01-11,,,,Finance,Accounting,IC1,Non-Exempt,70000,0.035,NY,White
EMP-1282,Angelica,Garcia,angelica.garcia@techcorp.com,Female,EMP-2130,2022-03-01,,,,Product,UX / Design,IC1,Exempt,78000,0.0124,NY,White
EMP-1283,Paul,Lawrence,paul.lawrence@techcorp.com,Male,EMP-1026,2025-06-12,2025-12-02,Voluntary,Compensation,Product,Product Operations,IC4,Exempt,137000,0.0882,TX,White
EMP-1284,Janet,Richmond,janet.richmond@techcorp.com,Female,EMP-0596,2022-06-21,,,,Finance,Internal Audit,IC2,Exempt,95000,0.096,IL,White
EMP-1285,Ernest,Taylor,ernest.taylor@techcorp.com,Male,EMP-0133,2023-08-06,,,,Engineering,Data Engineering,IC5,Exempt,171000,0.1315,CA,White
EMP-1286,Destiny,Miller,destiny.miller@techcorp.com,Female,EMP-2170,2020-10-23,,,,Legal,Compliance,IC4,Exempt,140000,0.0342,NJ,White
EMP-1287,Kristen,Greene,kristen.greene@techcorp.com,Female,EMP-0999,2022-06-20,2024-02-24,Voluntary,Career Move,Finance,Internal Audit,M2,Exempt,177000,0.1213,NY,White
EMP-1288,Lisa,Maxwell,lisa.maxwell@techcorp.com,Female,EMP-0274,2024-12-16,,,,Sales,Enterprise Sales,M1,Exempt,154000,0.1228,CA,White
EMP-1289,Michael,Abbott,michael.abbott1@techcorp.com,Male,EMP-0766,2019-07-25,,,,Engineering,Infrastructure / DevOps,IC3,Exempt,131000,0.0069,CA,Black or African American
EMP-1290,Mary,Turner,mary.turner@techcorp.com,Female,EMP-0237,2019-01-07,,,,Finance,Treasury,IC3,Exempt,117000,0.0812,WA,Hispanic or Latino
EMP-1291,Joseph,Hicks,joseph.hicks@techcorp.com,Male,EMP-0065,2022-07-22,2024-08-16,Involuntary,Performance,Product,UX / Design,IC1,Exempt,72000,0.0712,WA,White
EMP-1292,Kenneth,Brown,kenneth.brown@techcorp.com,Non-Binary / Third Gender,EMP-0031,2019-05-12,,,,Engineering,Data Engineering,IC3,Exempt,110000,0.075,NY,Black or African American
EMP-1293,Steven,Blevins,steven.blevins@techcorp.com,Male,EMP-1493,2020-05-16,,,,Sales,Enterprise Sales,Director,Exempt,257000,0.2234,NY,Hispanic or Latino
EMP-1294,Kathleen,Rodriguez,kathleen.rodriguez@techcorp.com,Female,EMP-0019,2020-01-23,,,,Marketing,Marketing Operations,IC4,Exempt,151000,0.0775,NY,White
EMP-1295,Jonathan,Wheeler,jonathan.wheeler@techcorp.com,Male,EMP-0019,2025-08-05,,,,Sales,Enterprise Sales,IC2,Non-Exempt,106000,0.066,FL,White
EMP-1296,Joseph,Levine,joseph.levine@techcorp.com,Male,EMP-1968,2021-03-16,,,,HR,People Operations,IC3,Exempt,136000,0.0881,CA,White
EMP-1297,Victoria,Peck,victoria.peck@techcorp.com,Female,EMP-2193,2022-12-24,,,,Legal,Corporate Legal,M3,Exempt,231000,0.1441,NY,Hispanic or Latino
EMP-1298,Bonnie,Valencia,bonnie.valencia@techcorp.com,Female,EMP-2758,2019-03-04,,,,Legal,Privacy & Data,IC2,Exempt,97000,0.0648,NY,White
EMP-1299,Keith,Diaz,keith.diaz@techcorp.com,Male,EMP-0451,2018-10-02,,,,Finance,Financial Planning & Analysis,IC2,Exempt,81000,0.1196,TX,Black or African American
EMP-1300,Michael,Farmer,michael.farmer@techcorp.com,Male,EMP-0884,2019-10-01,,,,Engineering,Data Engineering,IC5,Exempt,184000,0.1013,NY,Hispanic or Latino
EMP-1301,Troy,Townsend,troy.townsend@techcorp.com,Male,EMP-0444,2020-04-17,,,,HR,Total Rewards,M1,Exempt,145000,0.0181,FL,White
EMP-1302,Alan,Jones,alan.jones@techcorp.com,Male,EMP-2392,2022-02-14,,,,Product,UX / Design,IC5,Exempt,161000,0.0747,CA,Black or African American
EMP-1303,Dennis,Williams,dennis.williams@techcorp.com,Male,EMP-0274,2023-02-01,,,,Legal,Compliance,M1,Exempt,163000,0.0246,FL,White
EMP-1304,Antonio,Mccormick,antonio.mccormick@techcorp.com,Male,EMP-2984,2021-11-12,,,,HR,Learning & Development,IC5,Exempt,183000,0.0603,NY,Hispanic or Latino
EMP-1305,Jonathon,Fuller,jonathon.fuller@techcorp.com,Male,EMP-2895,2024-01-02,,,,Engineering,QA Engineering,IC5,Exempt,194000,0.0989,CA,Hispanic or Latino
EMP-1306,Kathryn,Perry,kathryn.perry@techcorp.com,Female,EMP-1756,2023-11-16,2026-06-14,Involuntary,Reorganization,Sales,Enterprise Sales,IC3,Exempt,106000,0.0659,CA,Black or African American
EMP-1307,Michael,Miller,michael.miller@techcorp.com,Male,EMP-0941,2021-11-15,,,,Engineering,Data Engineering,IC4,Exempt,169000,0.1364,NY,Black or African American
EMP-1308,Kimberly,Jensen,kimberly.jensen@techcorp.com,Female,EMP-2926,2020-12-01,2024-10-02,Involuntary,Performance,Engineering,Infrastructure / DevOps,IC5,Exempt,174000,0.044,NY,White
EMP-1309,Kyle,Dixon,kyle.dixon@techcorp.com,Non-Binary / Third Gender,EMP-2026,2024-05-13,,,,Marketing,Product Marketing,IC2,Exempt,101000,0.0961,NY,White
EMP-1310,Dalton,Morton,dalton.morton@techcorp.com,Male,EMP-1745,2025-11-16,2026-01-18,Voluntary,Personal Reasons,Sales,Account Management,IC2,Non-Exempt,95000,0.1961,CA,Hispanic or Latino
EMP-1311,Joshua,Myers,joshua.myers@techcorp.com,Male,EMP-0894,2022-11-26,,,,Engineering,QA Engineering,IC1,Exempt,85000,0.0279,NJ,White
EMP-1312,Mark,Davenport,mark.davenport@techcorp.com,Male,EMP-0303,2021-11-13,2025-09-14,Voluntary,Compensation,Sales,Revenue Operations,IC3,Exempt,123000,0.1659,IL,White
EMP-1313,Michael,Jones,michael.jones@techcorp.com,Male,EMP-2176,2019-08-13,,,,Legal,Privacy & Data,M3,Exempt,218000,0.1256,IL,Hispanic or Latino
EMP-1314,Michael,Blair,michael.blair@techcorp.com,Male,EMP-0039,2023-11-01,,,,Engineering,Security Engineering,IC3,Exempt,128000,0.0169,WA,Black or African American
EMP-1315,Sarah,Brown,sarah.brown@techcorp.com,Female,EMP-2754,2024-02-03,,,,Engineering,Data Engineering,IC2,Exempt,91000,0.1129,NY,White
EMP-1316,Brandon,Hamilton,brandon.hamilton@techcorp.com,Male,EMP-0346,2026-04-20,,,,Engineering,Software Engineering,IC1,Exempt,74000,0.0572,IL,Hispanic or Latino
EMP-1317,Jesse,Lynch,jesse.lynch@techcorp.com,Male,EMP-0330,2021-03-17,,,,Product,UX / Design,IC2,Exempt,96000,0.0899,CA,Two or More Races
EMP-1318,Ellen,Harmon,ellen.harmon@techcorp.com,Female,EMP-0434,2019-01-19,2024-04-30,Involuntary,Performance,Finance,Financial Planning & Analysis,M1,Exempt,173000,0.0811,NJ,Asian
EMP-1319,Natalie,Wilson,natalie.wilson@techcorp.com,Female,EMP-0331,2021-03-16,,,,Sales,Enterprise Sales,IC1,Non-Exempt,73000,0.0653,CA,White
EMP-1320,Michelle,Miles,michelle.miles@techcorp.com,Female,EMP-2530,2023-09-16,,,,Product,UX / Design,IC5,Exempt,163000,0.0465,NY,White
EMP-1321,Christopher,Benton,christopher.benton@techcorp.com,Male,EMP-0698,2023-09-03,,,,Finance,Financial Planning & Analysis,M1,Exempt,137000,0.0731,CA,Asian
EMP-1322,Joseph,Logan,joseph.logan@techcorp.com,Male,EMP-1620,2024-02-27,,,,Product,UX / Design,M2,Exempt,184000,0.1443,TX,White
EMP-1323,Nathan,Jackson,nathan.jackson@techcorp.com,Male,EMP-0954,2019-02-26,,,,Engineering,Security Engineering,IC2,Exempt,94000,0.0549,IL,White
EMP-1324,Cameron,Norman,cameron.norman@techcorp.com,Male,EMP-1182,2022-04-28,2022-08-21,Involuntary,Performance,Finance,Treasury,IC2,Exempt,89000,0.1104,TX,Hispanic or Latino
EMP-1325,Derrick,Tanner,derrick.tanner@techcorp.com,Male,EMP-2842,2021-09-25,,,,Legal,Employment Law,IC5,Exempt,167000,0.0545,NY,White
EMP-1326,Raymond,Johnson,raymond.johnson@techcorp.com,Male,EMP-1213,2020-09-07,,,,Product,Product Management,IC1,Exempt,72000,0.089,NJ,White
EMP-1327,Robert,Nelson,robert.nelson@techcorp.com,Male,EMP-2827,2019-08-05,,,,Marketing,Demand Generation,IC2,Exempt,92000,0.1398,NY,White
EMP-1328,Amy,Joseph,amy.joseph@techcorp.com,Female,EMP-2196,2021-01-01,,,,Sales,Revenue Operations,IC3,Exempt,132000,0.1712,IL,White
EMP-1329,Laura,Jones,laura.jones@techcorp.com,Female,EMP-1514,2023-05-16,,,,Sales,Revenue Operations,M1,Exempt,145000,0.19,TX,White
EMP-1330,Jordan,Ward,jordan.ward@techcorp.com,Female,EMP-2361,2026-04-14,,,,Legal,Corporate Legal,IC5,Exempt,166000,0.0126,TX,Asian
EMP-1331,Kathryn,Bradley,kathryn.bradley@techcorp.com,Female,EMP-0982,2020-09-04,,,,Sales,Account Management,M1,Exempt,173000,0.1668,CA,Asian
EMP-1332,Holly,Scott,holly.scott@techcorp.com,Female,EMP-0655,2020-07-05,,,,Engineering,Infrastructure / DevOps,IC2,Exempt,99000,0.1267,WA,Black or African American
EMP-1333,Ashley,Berry,ashley.berry@techcorp.com,Female,EMP-2137,2021-07-30,,,,Sales,Sales Development,IC3,Exempt,126000,0.1702,TX,White
EMP-1334,Miranda,Perez,miranda.perez@techcorp.com,Female,EMP-1476,2018-02-05,2026-06-09,Involuntary,Reorganization,Legal,Privacy & Data,IC4,Exempt,152000,0.0146,CA,White
EMP-1335,Jordan,Williams,jordan.williams@techcorp.com,Male,EMP-0338,2023-04-08,,,,Finance,Treasury,IC5,Exempt,173000,0.1154,NJ,Asian
EMP-1336,Scott,Sanchez,scott.sanchez@techcorp.com,Male,EMP-2042,2018-06-16,,,,Engineering,Infrastructure / DevOps,IC2,Exempt,95000,0.1022,TX,White
EMP-1337,John,Reyes,john.reyes@techcorp.com,Male,EMP-2715,2018-03-13,2026-05-04,Voluntary,Personal Reasons,Legal,Compliance,IC3,Exempt,141000,0.0196,IL,Black or African American
EMP-1338,Chris,Velazquez,chris.velazquez@techcorp.com,Male,EMP-0336,2020-09-25,,,,Product,Product Operations,IC3,Exempt,108000,0.0688,NY,White
EMP-1339,Shannon,Tran,shannon.tran@techcorp.com,Female,EMP-1026,2025-03-08,2026-04-04,Involuntary,Performance,Product,Product Operations,IC5,Exempt,164000,0.1362,NY,Hispanic or Latino
EMP-1340,Thomas,Yang,thomas.yang@techcorp.com,Male,EMP-0878,2022-09-13,,,,Product,Product Management,IC3,Exempt,118000,0.0049,NY,White
EMP-1341,Jason,Morris,jason.morris@techcorp.com,Male,EMP-0329,2020-04-12,,,,Sales,Sales Development,IC4,Exempt,164000,0.1769,FL,White
EMP-1342,Jennifer,Cortez,jennifer.cortez@techcorp.com,Female,EMP-2713,2025-12-21,,,,Product,Product Operations,IC3,Exempt,122000,0.1477,NY,White
EMP-1343,Devon,Miller,devon.miller@techcorp.com,Male,EMP-0007,2019-08-23,,,,Sales,Customer Success,M1,Exempt,145000,0.1482,NY,Black or African American
EMP-1344,Jake,Shaw,jake.shaw@techcorp.com,Male,EMP-2241,2018-06-11,,,,Sales,Account Management,IC4,Exempt,152000,0.2337,TX,White
EMP-1345,Stephanie,White,stephanie.white@techcorp.com,Female,EMP-0855,2018-03-13,,,,Sales,Enterprise Sales,M1,Exempt,155000,0.056,NJ,White
EMP-1346,Robert,Jarvis,robert.jarvis@techcorp.com,Male,EMP-2754,2021-08-04,2025-10-07,Voluntary,Compensation,Finance,Treasury,IC2,Exempt,114000,0.1364,NY,Hispanic or Latino
EMP-1347,Tiffany,Jones,tiffany.jones@techcorp.com,Female,EMP-1635,2018-01-15,2024-05-10,Involuntary,Reorganization,HR,Talent Acquisition,M3,Exempt,242000,0.1399,CA,White
EMP-1348,Julie,Campbell,julie.campbell@techcorp.com,Female,,2022-09-05,,,,Sales,Revenue Operations,VP,Exempt,300000,0.2655,NY,White
EMP-1349,Ryan,Murphy,ryan.murphy@techcorp.com,Male,EMP-1582,2022-10-24,,,,Engineering,Infrastructure / DevOps,IC3,Exempt,118000,0.128,IL,White
EMP-1350,Juan,Smith,juan.smith@techcorp.com,Male,EMP-2100,2020-06-21,,,,Sales,Account Management,IC2,Non-Exempt,115000,0.2658,CA,Two or More Races
EMP-1351,Curtis,Elliott,curtis.elliott@techcorp.com,Male,EMP-0954,2022-11-08,,,,Engineering,Security Engineering,IC2,Exempt,103000,0.0907,TX,White
EMP-1352,Elizabeth,Dean,elizabeth.dean@techcorp.com,Female,EMP-2686,2019-05-27,,,,Finance,Tax,IC3,Exempt,120000,0.0633,CA,Two or More Races
EMP-1353,John,Vargas,john.vargas@techcorp.com,Male,EMP-1840,2023-06-13,2026-06-16,Voluntary,Compensation,Finance,Treasury,Director,Exempt,288000,0.15,TX,White
EMP-1354,Katherine,Barton,katherine.barton@techcorp.com,Female,EMP-2963,2019-10-24,,,,Sales,Revenue Operations,M1,Exempt,174000,0.093,CA,White
EMP-1355,Christie,Mccullough,christie.mccullough@techcorp.com,Female,EMP-0968,2022-06-15,,,,Sales,Account Management,M1,Exempt,193000,0.2974,NY,White
EMP-1356,Philip,Sanchez,philip.sanchez@techcorp.com,Male,EMP-2100,2019-03-11,,,,Engineering,Data Engineering,IC1,Exempt,66000,0.0934,NY,White
EMP-1357,Aaron,Ortiz,aaron.ortiz@techcorp.com,Male,EMP-0864,2023-07-25,,,,Engineering,QA Engineering,IC3,Exempt,133000,0.0187,CA,White
EMP-1358,Crystal,Reed,crystal.reed@techcorp.com,Female,EMP-2453,2023-06-01,,,,Engineering,Infrastructure / DevOps,IC4,Exempt,165000,0.0799,CA,Asian
EMP-1359,Sara,Wiley,sara.wiley@techcorp.com,Female,EMP-1367,2018-06-11,,,,Sales,Account Management,M1,Exempt,161000,0.1403,CA,Hispanic or Latino
EMP-1360,Tiffany,Smith,tiffany.smith@techcorp.com,Female,EMP-1968,2025-11-23,,,,Engineering,Data Engineering,IC3,Exempt,132000,0.0671,NJ,White
EMP-1361,Matthew,Sweeney,matthew.sweeney@techcorp.com,Male,EMP-0451,2018-03-15,,,,Sales,Account Management,IC1,Non-Exempt,64000,0.2693,NY,White
EMP-1362,Monica,Garcia,monica.garcia@techcorp.com,Female,EMP-2513,2018-04-05,,,,Engineering,Security Engineering,M1,Exempt,153000,0.0901,CA,White
EMP-1363,Kendra,Allen,kendra.allen@techcorp.com,Female,EMP-1532,2024-10-12,,,,Engineering,Data Engineering,M1,Exempt,159000,0.0951,CA,White
EMP-1364,Johnathan,Brown,johnathan.brown@techcorp.com,Male,EMP-1733,2023-08-04,,,,Engineering,Data Engineering,IC3,Exempt,126000,0.0204,CA,White
EMP-1365,Zachary,Dawson,zachary.dawson@techcorp.com,Male,EMP-1091,2022-01-28,,,,Legal,Corporate Legal,IC5,Exempt,176000,0.0807,TX,Two or More Races
EMP-1366,Brandon,Morse,brandon.morse@techcorp.com,Male,EMP-0954,2021-06-03,,,,Sales,Revenue Operations,IC3,Exempt,127000,0.2903,NY,White
EMP-1367,Steven,Meyer,steven.meyer@techcorp.com,Male,EMP-0574,2023-07-13,2025-09-29,Involuntary,Reorganization,Product,Product Management,M2,Exempt,178000,0.0456,IL,White
EMP-1368,Mercedes,Watson,mercedes.watson@techcorp.com,Female,EMP-1135,2021-12-20,,,,Sales,Customer Success,IC1,Non-Exempt,64000,0.2369,CA,White
EMP-1369,William,Miller,william.miller@techcorp.com,Male,EMP-0864,2020-07-25,,,,Finance,Tax,IC4,Exempt,157000,0.0776,TX,Black or African American
EMP-1370,Anna,Anderson,anna.anderson@techcorp.com,Female,EMP-2916,2023-04-21,,,,HR,Total Rewards,M3,Exempt,221000,0.1499,TX,Hispanic or Latino
EMP-1371,Robert,Jones,robert.jones1@techcorp.com,Male,EMP-2907,2025-04-18,,,,Sales,Revenue Operations,IC2,Non-Exempt,99000,0.2025,CA,Black or African American
EMP-1372,Laura,Graham,laura.graham@techcorp.com,Female,EMP-1883,2026-03-05,,,,Sales,Revenue Operations,IC3,Exempt,135000,0.2226,IL,White
EMP-1373,Tracey,Young,tracey.young@techcorp.com,Female,EMP-2026,2021-06-05,,,,Legal,Corporate Legal,IC2,Exempt,100000,0.0051,FL,White
EMP-1374,Dean,Edwards,dean.edwards@techcorp.com,Male,EMP-1476,2019-12-07,,,,Sales,Customer Success,IC1,Non-Exempt,92000,0.1918,FL,White
EMP-1375,Robert,Haynes,robert.haynes@techcorp.com,Male,EMP-1546,2018-04-28,2026-03-22,Voluntary,Personal Reasons,Engineering,Software Engineering,IC1,Exempt,68000,0.0503,WA,White
EMP-1376,Nancy,Stewart,nancy.stewart1@techcorp.com,Female,EMP-1903,2021-11-07,2024-07-14,Voluntary,Compensation,Finance,Financial Planning & Analysis,IC3,Exempt,125000,0.1439,CA,White
EMP-1377,Dillon,Jones,dillon.jones@techcorp.com,Male,EMP-2048,2025-09-13,2025-12-03,Voluntary,Career Move,Marketing,Content Marketing,IC2,Exempt,101000,0.1351,TX,Black or African American
EMP-1378,Dale,Chan,dale.chan@techcorp.com,Male,,2025-05-14,,,,Finance,Tax,VP,Exempt,338000,0.15,IL,White
EMP-1379,Lauren,Moore,lauren.moore@techcorp.com,Female,EMP-1469,2020-12-18,,,,HR,HR Business Partnering,IC2,Exempt,101000,0.1009,NY,White
EMP-1380,Christopher,Owens,christopher.owens@techcorp.com,Male,EMP-0516,2020-02-28,,,,Engineering,Infrastructure / DevOps,IC1,Exempt,74000,0.0525,NY,Asian
EMP-1381,Jason,Herrera,jason.herrera@techcorp.com,Male,EMP-0641,2018-06-17,,,,HR,Learning & Development,M3,Exempt,233000,0.1312,TX,White
EMP-1382,Vincent,Clark,vincent.clark@techcorp.com,Male,EMP-1049,2021-05-31,2026-03-08,Voluntary,Personal Reasons,HR,HR Business Partnering,M1,Exempt,159000,0.0653,FL,Hispanic or Latino
EMP-1383,Elizabeth,Baker,elizabeth.baker@techcorp.com,Female,EMP-0844,2020-10-21,2026-05-28,Voluntary,Compensation,Engineering,Data Engineering,IC4,Exempt,150000,0.113,IL,Hispanic or Latino
EMP-1384,Barbara,Moore,barbara.moore@techcorp.com,Female,EMP-1288,2025-05-06,,,,Marketing,Product Marketing,IC5,Exempt,186000,0.0025,TX,White
EMP-1385,Michael,Mckenzie,michael.mckenzie@techcorp.com,Male,EMP-1329,2020-08-20,,,,Engineering,Infrastructure / DevOps,IC1,Exempt,72000,0.1425,NY,White
EMP-1386,Melissa,Williams,melissa.williams@techcorp.com,Female,EMP-2110,2025-12-27,,,,Engineering,QA Engineering,IC2,Exempt,98000,0.1232,TX,Asian
EMP-1387,Sara,Murphy,sara.murphy@techcorp.com,Female,EMP-2186,2026-02-11,,,,Product,UX / Design,M1,Exempt,160000,0.1015,CA,White
EMP-1388,Brandon,Wright,brandon.wright@techcorp.com,Male,EMP-0316,2021-11-10,2026-05-05,Voluntary,Personal Reasons,Product,Product Management,IC5,Exempt,169000,0.0975,CA,White
EMP-1389,Henry,Palmer,henry.palmer@techcorp.com,Male,EMP-0164,2022-02-28,,,,Engineering,Security Engineering,IC1,Exempt,68000,0.0277,TX,White
EMP-1390,Michael,Green,michael.green@techcorp.com,Male,EMP-2042,2026-05-24,,,,Product,UX / Design,IC4,Exempt,151000,0.0291,CA,Black or African American
EMP-1391,William,Johnson,william.johnson@techcorp.com,Male,EMP-2758,2021-05-10,,,,Engineering,Data Engineering,IC4,Exempt,151000,0.0923,CA,Black or African American
EMP-1392,Jared,Chavez,jared.chavez@techcorp.com,Male,EMP-0861,2022-07-30,,,,Engineering,Data Engineering,IC1,Exempt,74000,0.0172,FL,White
EMP-1393,Nicole,Wright,nicole.wright@techcorp.com,Female,EMP-0286,2021-10-23,,,,Engineering,Software Engineering,IC1,Exempt,86000,0.032,CA,White
EMP-1394,Julia,Lara,julia.lara@techcorp.com,Female,EMP-1950,2024-12-08,,,,Sales,Sales Development,IC2,Non-Exempt,84000,0.1984,CA,White
EMP-1395,Charles,Smith,charles.smith@techcorp.com,Male,EMP-1407,2020-06-11,,,,Finance,Tax,M1,Exempt,145000,0.0519,NJ,White
EMP-1396,Sandra,Haas,sandra.haas@techcorp.com,Female,EMP-1440,2024-12-09,,,,Engineering,Software Engineering,IC3,Exempt,116000,0.0295,CA,White
EMP-1397,Bianca,Colon,bianca.colon@techcorp.com,Female,EMP-2399,2018-01-25,,,,Engineering,Data Engineering,IC5,Exempt,196000,0.0566,NJ,White
EMP-1398,Jacqueline,Mccoy,jacqueline.mccoy@techcorp.com,Female,EMP-2026,2018-08-15,,,,HR,HR Business Partnering,IC3,Exempt,123000,0.0604,NY,White
EMP-1399,Matthew,Aguilar,matthew.aguilar@techcorp.com,Male,EMP-1216,2021-01-19,,,,Legal,Corporate Legal,IC1,Non-Exempt,72000,0.0536,CA,White
EMP-1400,David,Hess,david.hess@techcorp.com,Male,EMP-1887,2020-09-10,,,,Sales,Account Management,IC2,Non-Exempt,94000,0.2678,CA,White
EMP-1401,Alex,Brown,alex.brown@techcorp.com,Male,EMP-0300,2020-09-25,,,,Engineering,Data Engineering,IC2,Exempt,87000,0.009,TX,White
EMP-1402,Stephanie,Ramos,stephanie.ramos@techcorp.com,Female,EMP-1469,2025-05-17,,,,Sales,Customer Success,IC1,Non-Exempt,70000,0.249,CA,Hispanic or Latino
EMP-1403,Betty,Stein,betty.stein@techcorp.com,Female,EMP-0566,2026-02-12,,,,Sales,Revenue Operations,IC2,Non-Exempt,94000,0.2603,CA,White
EMP-1404,Ronald,Rivera,ronald.rivera@techcorp.com,Male,EMP-2631,2024-09-24,2026-05-22,Involuntary,Performance,Sales,Account Management,IC5,Exempt,182000,0.1776,FL,Hispanic or Latino
EMP-1405,Amanda,Murray,amanda.murray@techcorp.com,Female,EMP-0440,2023-04-26,,,,Finance,Financial Planning & Analysis,IC3,Exempt,126000,0.0651,CA,White
EMP-1406,Carol,Berry,carol.berry@techcorp.com,Female,EMP-2100,2018-01-27,,,,Product,UX / Design,IC1,Exempt,62000,0.063,NJ,Hispanic or Latino
EMP-1407,Randall,Johnson,randall.johnson@techcorp.com,Non-Binary / Third Gender,EMP-2949,2024-12-01,,,,Sales,Revenue Operations,M2,Exempt,189000,0.1474,CA,White
EMP-1408,Melinda,Thompson,melinda.thompson@techcorp.com,Female,EMP-0133,2025-07-30,,,,Finance,Internal Audit,IC4,Exempt,145000,0.1125,IL,White
EMP-1409,Daniel,Lopez,daniel.lopez@techcorp.com,Male,EMP-2048,2022-12-10,,,,Sales,Customer Success,IC1,Non-Exempt,64000,0.0563,NY,White
EMP-1410,Diana,Stephenson,diana.stephenson@techcorp.com,Female,EMP-1861,2023-11-20,,,,Finance,Treasury,IC3,Exempt,127000,0.1235,CA,Hispanic or Latino
EMP-1411,Amanda,Harvey,amanda.harvey@techcorp.com,Female,EMP-0791,2026-01-17,,,,Sales,Sales Development,IC3,Exempt,129000,0.0502,NY,Black or African American
EMP-1412,Danielle,Phillips,danielle.phillips@techcorp.com,Female,EMP-2907,2019-02-01,,,,Engineering,QA Engineering,IC1,Exempt,63000,0.1006,NY,White
EMP-1413,Jason,Pierce,jason.pierce@techcorp.com,Male,EMP-2137,2023-12-19,,,,Finance,Treasury,IC3,Exempt,111000,0.1385,CA,White
EMP-1414,Antonio,Ramirez,antonio.ramirez@techcorp.com,Male,EMP-1188,2024-01-16,,,,Engineering,Infrastructure / DevOps,IC4,Exempt,152000,0.0766,NY,White
EMP-1415,Chad,Gonzalez,chad.gonzalez@techcorp.com,Male,EMP-0111,2020-06-19,,,,Sales,Revenue Operations,IC2,Non-Exempt,105000,0.2801,CA,Hispanic or Latino
EMP-1416,Stacey,Fox,stacey.fox@techcorp.com,Female,EMP-2725,2019-08-17,,,,Engineering,Infrastructure / DevOps,IC2,Exempt,83000,0.0966,NY,White
EMP-1417,Mark,Pham,mark.pham@techcorp.com,Male,EMP-1825,2018-09-21,,,,Sales,Sales Development,IC4,Exempt,158000,0.1784,FL,Hispanic or Latino
EMP-1418,Robert,Mayo,robert.mayo@techcorp.com,Male,EMP-0861,2019-05-24,,,,Finance,Internal Audit,IC1,Non-Exempt,71000,0.0131,CA,Hispanic or Latino
EMP-1419,Richard,Howard,richard.howard@techcorp.com,Male,EMP-2457,2023-01-10,2026-05-27,Voluntary,Compensation,Finance,Internal Audit,Director,Exempt,294000,0.15,FL,Hispanic or Latino
EMP-1420,Joshua,Washington,joshua.washington@techcorp.com,Male,EMP-0485,2022-08-04,,,,Engineering,QA Engineering,IC1,Exempt,89000,0.0534,FL,White
EMP-1421,Thomas,Shaw,thomas.shaw@techcorp.com,Male,EMP-1491,2023-07-11,,,,Finance,Accounting,IC4,Exempt,145000,0.1027,WA,Hispanic or Latino
EMP-1422,Jasmine,White,jasmine.white@techcorp.com,Female,EMP-2909,2019-11-20,,,,Engineering,Infrastructure / DevOps,IC3,Exempt,119000,0.1433,NJ,White
EMP-1423,Francis,Robinson,francis.robinson@techcorp.com,Male,,2022-08-25,,,,Finance,Financial Planning & Analysis,VP,Exempt,356000,0.15,NY,White
EMP-1424,Stephanie,Osborne,stephanie.osborne@techcorp.com,Female,EMP-1127,2025-09-26,,,,Finance,Treasury,IC4,Exempt,154000,0.0522,CA,White
EMP-1425,Amy,Frey,amy.frey@techcorp.com,Female,EMP-1322,2025-10-20,,,,HR,HR Business Partnering,IC2,Exempt,86000,0.0266,WA,White
EMP-1426,Joseph,Wang,joseph.wang@techcorp.com,Male,EMP-2170,2018-05-31,,,,Engineering,Software Engineering,IC3,Exempt,114000,0.0903,CA,White
EMP-1427,Yvonne,Dickson,yvonne.dickson@techcorp.com,Female,EMP-0323,2021-04-26,2026-05-20,Involuntary,Reorganization,HR,HR Business Partnering,IC4,Exempt,161000,0.0725,CA,Hispanic or Latino
EMP-1428,Brett,Sandoval,brett.sandoval@techcorp.com,Male,,2019-03-10,,,,Finance,Treasury,VP,Exempt,361000,0.15,TX,Hispanic or Latino
EMP-1429,Derek,Velasquez,derek.velasquez@techcorp.com,Male,EMP-2240,2018-10-01,,,,Sales,Enterprise Sales,IC2,Non-Exempt,101000,0.2669,IL,Asian
EMP-1430,Brian,Davies,brian.davies@techcorp.com,Non-Binary / Third Gender,EMP-1474,2020-01-17,,,,Engineering,Data Engineering,IC1,Exempt,68000,0.1085,FL,White
EMP-1431,Daniel,Bradford,daniel.bradford@techcorp.com,Male,EMP-1648,2021-07-27,,,,Sales,Sales Development,IC5,Exempt,163000,0.1474,NJ,Hispanic or Latino
EMP-1432,Robert,Kelly,robert.kelly@techcorp.com,Male,EMP-0335,2023-04-11,,,,HR,Learning & Development,IC2,Exempt,90000,0.0794,NY,Asian
EMP-1433,Ryan,Bruce,ryan.bruce@techcorp.com,Male,EMP-2571,2025-10-20,,,,Sales,Enterprise Sales,IC5,Exempt,173000,0.2471,TX,White
EMP-1434,Christopher,Watkins,christopher.watkins@techcorp.com,Male,EMP-2827,2024-04-22,2025-07-29,Voluntary,Compensation,Engineering,Security Engineering,IC4,Exempt,150000,0.0601,CA,White
EMP-1435,Robert,Wolfe,robert.wolfe@techcorp.com,Male,EMP-0912,2023-04-12,,,,Product,Product Management,IC5,Exempt,216000,0.0679,NY,White
EMP-1436,Thomas,Johnson,thomas.johnson@techcorp.com,Male,EMP-1927,2025-04-18,,,,Engineering,Data Engineering,IC5,Exempt,192000,0.1102,WA,White
EMP-1437,Mercedes,Meza,mercedes.meza@techcorp.com,Female,EMP-1745,2020-10-03,,,,Marketing,Content Marketing,IC3,Exempt,134000,0.0781,NY,White
EMP-1438,Kristy,Hart,kristy.hart@techcorp.com,Female,EMP-2060,2021-01-13,,,,Legal,Compliance,IC1,Non-Exempt,81000,0.0439,CA,White
EMP-1439,Cole,Travis,cole.travis@techcorp.com,Male,EMP-0922,2023-10-10,,,,Engineering,Security Engineering,IC4,Exempt,143000,0.147,NY,White
EMP-1440,Stephen,Vasquez,stephen.vasquez@techcorp.com,Male,EMP-1590,2024-12-18,,,,Product,Product Operations,M1,Exempt,152000,0.0097,CA,White
EMP-1441,Eric,Henry,eric.henry@techcorp.com,Male,EMP-0228,2021-05-14,,,,Engineering,QA Engineering,IC1,Exempt,92000,0.1027,TX,White
EMP-1442,Brandon,Hall,brandon.hall@techcorp.com,Male,EMP-1097,2020-01-13,,,,Legal,Privacy & Data,IC5,Exempt,181000,0.06,TX,White
EMP-1443,Colleen,Fox,colleen.fox@techcorp.com,Female,EMP-2809,2024-05-23,2026-06-03,Voluntary,Personal Reasons,Marketing,Brand,IC3,Exempt,135000,0.0967,CA,White
EMP-1444,April,Hardin,april.hardin@techcorp.com,Female,EMP-1264,2022-10-06,,,,Engineering,Data Engineering,IC4,Exempt,148000,0.0282,NY,White
EMP-1445,Dakota,Anderson,dakota.anderson@techcorp.com,Male,EMP-0202,2024-10-12,,,,Product,UX / Design,IC4,Exempt,159000,0.0264,NY,White
EMP-1446,Michelle,Sellers,michelle.sellers@techcorp.com,Female,EMP-1297,2024-04-21,,,,Product,Product Management,M1,Exempt,143000,0.093,CA,White
EMP-1447,Ryan,Morris,ryan.morris@techcorp.com,Male,EMP-2316,2021-10-24,,,,Sales,Account Management,IC1,Non-Exempt,81000,0.1368,WA,Black or African American
EMP-1448,Alex,Willis,alex.willis@techcorp.com,Male,EMP-2970,2023-05-19,,,,Engineering,Software Engineering,IC5,Exempt,183000,0.064,IL,Black or African American
EMP-1449,Sylvia,Schroeder,sylvia.schroeder@techcorp.com,Female,EMP-2580,2018-07-03,,,,Product,Product Operations,IC3,Exempt,119000,0.0763,TX,White
EMP-1450,Sarah,Valencia,sarah.valencia@techcorp.com,Female,EMP-0566,2021-01-30,,,,Marketing,Marketing Operations,IC3,Exempt,126000,0.1043,NY,White
EMP-1451,Tyler,Brooks,tyler.brooks@techcorp.com,Male,EMP-1500,2025-03-16,2026-06-19,Voluntary,Personal Reasons,Engineering,Software Engineering,IC1,Exempt,81000,0.0039,NY,White
EMP-1452,Teresa,Foster,teresa.foster@techcorp.com,Female,EMP-1930,2022-09-12,,,,Engineering,Security Engineering,IC1,Exempt,80000,0.0,NY,White
EMP-1453,Brian,Turner,brian.turner@techcorp.com,Male,EMP-1440,2026-02-10,,,,Engineering,Data Engineering,IC1,Exempt,70000,0.1041,WA,White
EMP-1454,Breanna,Moore,breanna.moore@techcorp.com,Female,EMP-2916,2022-08-01,,,,Legal,Employment Law,M3,Exempt,256000,0.105,NY,White
EMP-1455,Travis,Conner,travis.conner@techcorp.com,Male,EMP-0440,2019-05-25,,,,Legal,Privacy & Data,IC3,Exempt,134000,0.0428,NY,Two or More Races
EMP-1456,Toni,Banks,toni.banks@techcorp.com,Female,,2022-03-22,,,,Product,UX / Design,VP,Exempt,331000,0.15,TX,Hispanic or Latino
EMP-1457,Christopher,Novak,christopher.novak@techcorp.com,Male,EMP-0346,2024-06-04,2025-08-08,Involuntary,Performance,Product,Product Management,IC3,Exempt,128000,0.108,TX,White
EMP-1458,Michael,Mcfarland,michael.mcfarland@techcorp.com,Male,EMP-0878,2022-12-05,2025-11-04,Voluntary,Compensation,Engineering,Infrastructure / DevOps,IC2,Exempt,102000,0.0902,CA,Black or African American
EMP-1459,Rachel,Walker,rachel.walker@techcorp.com,Female,EMP-1546,2022-03-21,,,,HR,Total Rewards,IC5,Exempt,162000,0.0816,NY,White
EMP-1460,Leah,Thompson,leah.thompson@techcorp.com,Female,EMP-0742,2024-09-03,2024-12-15,Involuntary,Performance,Engineering,QA Engineering,IC1,Exempt,68000,0.1171,NY,Hispanic or Latino
EMP-1461,Elizabeth,Barker,elizabeth.barker@techcorp.com,Female,EMP-2843,2020-03-14,,,,Sales,Account Management,IC2,Non-Exempt,89000,0.2715,CA,Hispanic or Latino
EMP-1462,Jessica,Rush,jessica.rush@techcorp.com,Non-Binary / Third Gender,EMP-1672,2022-01-03,,,,Product,Product Operations,IC5,Exempt,176000,0.0062,FL,Black or African American
EMP-1463,Peter,Gamble,peter.gamble@techcorp.com,Non-Binary / Third Gender,EMP-0974,2024-03-20,,,,Legal,Privacy & Data,M1,Exempt,172000,0.0265,NY,Hispanic or Latino
EMP-1464,Traci,Johnson,traci.johnson@techcorp.com,Female,EMP-0261,2025-12-29,,,,Product,UX / Design,IC2,Exempt,91000,0.0531,CA,Hispanic or Latino
EMP-1465,Lindsey,Mccall,lindsey.mccall@techcorp.com,Female,EMP-1547,2022-09-16,,,,Sales,Enterprise Sales,IC2,Non-Exempt,82000,0.1992,IL,White
EMP-1466,Walter,Walker,walter.walker@techcorp.com,Male,EMP-1990,2023-04-14,,,,Product,Product Management,IC2,Exempt,96000,0.0312,TX,White
EMP-1467,Keith,Zuniga,keith.zuniga@techcorp.com,Male,EMP-2028,2024-05-27,,,,HR,Total Rewards,M2,Exempt,209000,0.0956,NY,White
EMP-1468,Brenda,Mcgee,brenda.mcgee@techcorp.com,Female,EMP-1710,2021-09-28,2025-07-08,Voluntary,Compensation,Engineering,Software Engineering,IC5,Exempt,173000,0.1293,CA,White
EMP-1469,Cynthia,Haas,cynthia.haas@techcorp.com,Female,EMP-2193,2026-04-07,,,,Engineering,Software Engineering,M2,Exempt,167000,0.1103,NJ,White
EMP-1470,Christopher,Mcclure,christopher.mcclure@techcorp.com,Male,EMP-2903,2022-01-21,,,,Engineering,Security Engineering,IC2,Exempt,92000,0.09,NJ,White
EMP-1471,Brandon,Fletcher,brandon.fletcher@techcorp.com,Male,EMP-1565,2025-08-28,,,,Product,UX / Design,Director,Exempt,250000,0.15,NY,Asian
EMP-1472,Mark,Tanner,mark.tanner@techcorp.com,Male,EMP-1187,2023-09-23,,,,Finance,Treasury,IC3,Exempt,133000,0.1003,NY,White
EMP-1473,Jillian,Baker,jillian.baker@techcorp.com,Female,EMP-1382,2019-08-27,,,,Marketing,Marketing Operations,IC3,Exempt,115000,0.0122,CA,White
EMP-1474,Carlos,Scott,carlos.scott@techcorp.com,Non-Binary / Third Gender,EMP-0328,2024-06-10,,,,Finance,Accounting,M2,Exempt,196000,0.1362,IL,White
EMP-1475,Brian,Smith,brian.smith@techcorp.com,Male,EMP-0262,2018-10-02,,,,Finance,Accounting,IC3,Exempt,107000,0.032,IL,White
EMP-1476,James,Oconnor,james.oconnor@techcorp.com,Male,EMP-0713,2019-01-05,,,,Engineering,QA Engineering,M1,Exempt,146000,0.1111,NY,White
EMP-1477,Tracy,Wilkerson,tracy.wilkerson@techcorp.com,Female,EMP-1009,2019-06-10,,,,HR,Talent Acquisition,IC5,Exempt,186000,0.0727,NY,White
EMP-1478,Johnny,Gray,johnny.gray@techcorp.com,Male,EMP-2497,2026-05-21,2026-06-21,Involuntary,Reorganization,Sales,Revenue Operations,IC1,Non-Exempt,68000,0.2814,IL,White
EMP-1479,Kimberly,Garcia,kimberly.garcia@techcorp.com,Female,EMP-1093,2018-11-09,,,,Engineering,Infrastructure / DevOps,IC4,Exempt,152000,0.0013,NY,White
EMP-1480,Karen,Shields,karen.shields@techcorp.com,Female,EMP-0527,2022-09-10,,,,Sales,Account Management,M1,Exempt,149000,0.1722,CA,Hispanic or Latino
EMP-1481,Matthew,Mcdaniel,matthew.mcdaniel@techcorp.com,Male,EMP-0300,2021-11-08,,,,Marketing,Demand Generation,IC3,Exempt,144000,0.0678,TX,White
EMP-1482,Christopher,Jones,christopher.jones1@techcorp.com,Male,EMP-2392,2024-12-17,,,,Sales,Sales Development,IC2,Non-Exempt,85000,0.1014,IL,White
EMP-1483,Sarah,Phillips,sarah.phillips@techcorp.com,Female,EMP-2035,2024-05-31,,,,Engineering,Software Engineering,IC1,Exempt,71000,0.1075,CA,White
EMP-1484,Emma,Lynn,emma.lynn@techcorp.com,Female,EMP-2984,2020-11-23,2024-11-03,Voluntary,Personal Reasons,HR,People Operations,IC4,Exempt,140000,0.0153,TX,Black or African American
EMP-1485,Angela,Jackson,angela.jackson@techcorp.com,Female,EMP-0476,2024-06-10,2025-06-06,Voluntary,Career Move,Engineering,Security Engineering,IC3,Exempt,120000,0.0363,NJ,White
EMP-1486,Jaime,Dennis,jaime.dennis@techcorp.com,Female,EMP-0129,2021-04-26,,,,Engineering,Security Engineering,IC5,Exempt,162000,0.0374,NY,Hispanic or Latino
EMP-1487,Kimberly,Villanueva,kimberly.villanueva@techcorp.com,Female,EMP-2938,2020-02-17,,,,Sales,Account Management,IC3,Exempt,140000,0.1242,NY,White
EMP-1488,Brandon,Wheeler,brandon.wheeler@techcorp.com,Male,EMP-2034,2024-02-27,2025-07-02,Voluntary,Career Move,HR,Total Rewards,IC4,Exempt,161000,0.0375,NY,Hispanic or Latino
EMP-1489,Louis,Webb,louis.webb@techcorp.com,Male,EMP-1093,2019-08-03,,,,Engineering,Security Engineering,IC2,Exempt,103000,0.1287,TX,White
EMP-1490,Andre,Dunlap,andre.dunlap@techcorp.com,Male,EMP-0116,2018-12-03,,,,Finance,Internal Audit,IC2,Exempt,99000,0.1206,CA,Two or More Races
EMP-1491,Carmen,Preston,carmen.preston@techcorp.com,Female,EMP-2974,2025-11-16,,,,Marketing,Marketing Operations,M1,Exempt,152000,0.0288,CA,Black or African American
EMP-1492,Christopher,Garcia,christopher.garcia@techcorp.com,Male,EMP-0321,2022-09-06,,,,Legal,Privacy & Data,IC2,Exempt,103000,0.0836,CA,Black or African American
EMP-1493,Christine,Lee,christine.lee@techcorp.com,Female,,2022-04-12,,,,Engineering,Data Engineering,VP,Exempt,317000,0.15,CA,White
EMP-1494,Melissa,Bowen,melissa.bowen@techcorp.com,Female,EMP-0855,2019-06-28,,,,Engineering,Infrastructure / DevOps,IC2,Exempt,96000,0.0074,CA,White
EMP-1495,Monica,Baker,monica.baker@techcorp.com,Female,,2023-03-13,,,,Engineering,QA Engineering,VP,Exempt,336000,0.15,FL,White
EMP-1496,Diane,Young,diane.young@techcorp.com,Female,EMP-0322,2019-05-16,2025-03-21,Voluntary,Compensation,Engineering,Data Engineering,M3,Exempt,269000,0.15,NY,Asian
EMP-1497,Amber,Armstrong,amber.armstrong@techcorp.com,Female,EMP-2091,2018-04-28,,,,Sales,Sales Development,IC1,Non-Exempt,80000,0.2579,CA,White
EMP-1498,Ryan,Hernandez,ryan.hernandez@techcorp.com,Male,EMP-2758,2024-10-22,2026-06-15,Voluntary,Personal Reasons,Finance,Tax,IC4,Exempt,136000,0.0306,CA,White
EMP-1499,Isaac,Patterson,isaac.patterson@techcorp.com,Male,EMP-0116,2022-11-03,,,,Legal,Employment Law,IC2,Exempt,86000,0.0074,TX,Asian
EMP-1500,Edward,Stanley,edward.stanley@techcorp.com,Male,EMP-0404,2018-08-03,,,,Sales,Revenue Operations,M1,Exempt,182000,0.2713,CA,White
EMP-1501,Lindsay,Gonzalez,lindsay.gonzalez@techcorp.com,Female,EMP-0938,2023-01-06,,,,Engineering,Software Engineering,IC4,Exempt,154000,0.0923,CA,White
EMP-1502,Allison,Jackson,allison.jackson@techcorp.com,Female,EMP-2572,2026-03-11,,,,Engineering,QA Engineering,M3,Exempt,256000,0.15,NJ,Hispanic or Latino
EMP-1503,Dorothy,Miller,dorothy.miller@techcorp.com,Female,EMP-1576,2024-08-10,,,,Marketing,Demand Generation,IC1,Non-Exempt,65000,0.1456,FL,Asian
EMP-1504,Ryan,Parker,ryan.parker@techcorp.com,Male,EMP-1196,2024-04-16,2025-12-14,Voluntary,Career Move,Finance,Accounting,IC4,Exempt,150000,0.1324,WA,White
EMP-1505,James,Burns,james.burns@techcorp.com,Male,EMP-2034,2019-06-01,,,,Engineering,Security Engineering,IC5,Exempt,189000,0.1212,CA,White
EMP-1506,Mary,Davis,mary.davis@techcorp.com,Female,EMP-2131,2025-05-30,,,,HR,HR Business Partnering,IC1,Non-Exempt,75000,0.02,NJ,Asian
EMP-1507,Kimberly,Lopez,kimberly.lopez@techcorp.com,Female,EMP-1861,2018-01-07,,,,HR,People Operations,IC1,Non-Exempt,71000,0.0603,NY,White
EMP-1508,Stephen,Wood,stephen.wood@techcorp.com,Male,EMP-2713,2022-06-24,,,,Sales,Enterprise Sales,IC5,Exempt,171000,0.1879,NY,White
EMP-1509,Jeremy,Baker,jeremy.baker@techcorp.com,Male,EMP-1861,2024-06-12,,,,Sales,Revenue Operations,IC2,Non-Exempt,107000,0.0698,NY,White
EMP-1510,John,Perez,john.perez1@techcorp.com,Male,EMP-2509,2025-12-12,,,,Sales,Revenue Operations,IC2,Non-Exempt,104000,0.0717,FL,Hispanic or Latino
EMP-1511,Debra,Brown,debra.brown@techcorp.com,Female,EMP-0851,2025-09-02,,,,Sales,Sales Development,IC3,Exempt,118000,0.1308,CA,Hispanic or Latino
EMP-1512,Paul,Contreras,paul.contreras@techcorp.com,Male,EMP-2034,2023-07-13,,,,Product,UX / Design,IC4,Exempt,141000,0.0336,TX,White
EMP-1513,Brady,Cooper,brady.cooper@techcorp.com,Male,EMP-1546,2025-03-11,,,,Product,UX / Design,IC5,Exempt,188000,0.0167,NY,White
EMP-1514,Kimberly,Arellano,kimberly.arellano@techcorp.com,Female,EMP-1571,2020-04-26,,,,Sales,Enterprise Sales,M3,Exempt,251000,0.2727,CA,White
EMP-1515,Leah,Spencer,leah.spencer@techcorp.com,Female,EMP-1949,2019-09-28,,,,Legal,Employment Law,IC2,Exempt,103000,0.048,TX,Hispanic or Latino
EMP-1516,Sara,Cardenas,sara.cardenas@techcorp.com,Female,EMP-2025,2018-07-19,,,,Engineering,Infrastructure / DevOps,IC5,Exempt,213000,0.1149,NY,Hispanic or Latino
EMP-1517,Jason,Nichols,jason.nichols@techcorp.com,Male,EMP-2725,2018-10-22,,,,Sales,Enterprise Sales,IC3,Exempt,141000,0.1597,CA,Black or African American
EMP-1518,Sharon,Wells,sharon.wells@techcorp.com,Female,EMP-2165,2021-01-21,,,,Engineering,Security Engineering,IC3,Exempt,131000,0.0518,TX,Black or African American
EMP-1519,Stephen,Alvarez,stephen.alvarez@techcorp.com,Male,EMP-1825,2023-06-08,,,,Finance,Tax,IC2,Exempt,113000,0.1237,NY,Hispanic or Latino
EMP-1520,Blake,Orr,blake.orr@techcorp.com,Male,EMP-2497,2021-05-09,,,,Legal,Employment Law,IC4,Exempt,156000,0.0803,FL,Hispanic or Latino
EMP-1521,Miguel,Shaw,miguel.shaw@techcorp.com,Male,EMP-0115,2022-01-03,,,,Marketing,Brand,IC2,Exempt,105000,0.153,TX,Hispanic or Latino
EMP-1522,Steven,Mcbride,steven.mcbride@techcorp.com,Male,EMP-0130,2019-01-01,,,,HR,People Operations,IC1,Non-Exempt,68000,0.0003,CA,Hispanic or Latino
EMP-1523,Megan,Oliver,megan.oliver@techcorp.com,Female,EMP-2768,2018-04-02,,,,Sales,Revenue Operations,IC5,Exempt,196000,0.0705,NJ,White
EMP-1524,Bryan,Todd,bryan.todd@techcorp.com,Male,EMP-2556,2018-10-08,,,,Legal,Corporate Legal,IC3,Exempt,122000,0.0429,NY,Black or African American
EMP-1525,Carrie,Joyce,carrie.joyce@techcorp.com,Female,EMP-0702,2024-01-27,,,,Product,Product Management,IC2,Exempt,93000,0.1009,CA,Black or African American
EMP-1526,William,Stokes,william.stokes@techcorp.com,Male,EMP-1476,2021-01-19,2022-12-17,Voluntary,Compensation,Finance,Treasury,IC3,Exempt,118000,0.0526,NJ,White
EMP-1527,Cameron,Henderson,cameron.henderson@techcorp.com,Male,EMP-2530,2020-12-14,,,,Finance,Financial Planning & Analysis,IC2,Exempt,100000,0.0504,NJ,White
EMP-1528,William,Graham,william.graham@techcorp.com,Male,EMP-1322,2024-04-27,2025-03-23,Voluntary,Personal Reasons,Legal,Employment Law,IC2,Exempt,104000,0.0298,NJ,White
EMP-1529,Yolanda,Burton,yolanda.burton@techcorp.com,Female,EMP-2954,2023-03-27,,,,Sales,Enterprise Sales,IC3,Exempt,135000,0.2036,CA,Asian
EMP-1530,Roy,Scott,roy.scott@techcorp.com,Male,,2025-06-09,,,,Engineering,Software Engineering,VP,Exempt,362000,0.15,FL,White
EMP-1531,Thomas,Sloan,thomas.sloan@techcorp.com,Male,EMP-0065,2023-04-03,2026-06-20,Voluntary,Personal Reasons,Sales,Customer Success,IC2,Non-Exempt,88000,0.2163,CA,White
EMP-1532,Austin,Hughes,austin.hughes@techcorp.com,Male,EMP-0025,2021-12-02,,,,Product,Product Operations,M2,Exempt,182000,0.1163,FL,Black or African American
EMP-1533,James,Nguyen,james.nguyen@techcorp.com,Male,EMP-0583,2019-09-29,,,,Engineering,Infrastructure / DevOps,IC4,Exempt,153000,0.0394,TX,Hispanic or Latino
EMP-1534,Desiree,Ellis,desiree.ellis@techcorp.com,Female,EMP-1994,2025-02-26,,,,Marketing,Brand,IC1,Non-Exempt,79000,0.0541,NY,White
EMP-1535,Shane,Buchanan,shane.buchanan@techcorp.com,Male,EMP-1833,2019-05-25,2025-10-21,Voluntary,Compensation,Engineering,Infrastructure / DevOps,M1,Exempt,151000,0.0479,NY,White
EMP-1536,Marcus,Mills,marcus.mills@techcorp.com,Male,EMP-2008,2022-05-10,,,,Engineering,Security Engineering,IC3,Exempt,114000,0.069,TX,White
EMP-1537,Jennifer,Perry,jennifer.perry@techcorp.com,Female,EMP-2346,2019-12-31,,,,Marketing,Marketing Operations,M2,Exempt,176000,0.1224,NY,Hispanic or Latino
EMP-1538,Brittany,Matthews,brittany.matthews@techcorp.com,Female,EMP-0647,2024-06-26,,,,Product,UX / Design,IC3,Exempt,125000,0.073,IL,White
EMP-1539,Olivia,Ayers,olivia.ayers@techcorp.com,Female,EMP-0793,2025-07-22,,,,Finance,Tax,IC1,Non-Exempt,74000,0.0892,CA,White
EMP-1540,Tammy,Hart,tammy.hart@techcorp.com,Female,EMP-1198,2020-05-28,,,,Engineering,QA Engineering,IC4,Exempt,154000,0.1451,CA,White
EMP-1541,Ashlee,Mitchell,ashlee.mitchell@techcorp.com,Female,EMP-2493,2018-01-30,,,,Product,Product Management,M1,Exempt,140000,0.0071,NY,Black or African American
EMP-1542,Joseph,Cooper,joseph.cooper@techcorp.com,Male,EMP-0884,2024-11-21,2026-06-17,Involuntary,Performance,Engineering,QA Engineering,IC2,Exempt,91000,0.078,IL,White
EMP-1543,Jason,Reyes,jason.reyes@techcorp.com,Male,EMP-1491,2025-06-13,,,,Sales,Account Management,IC2,Non-Exempt,108000,0.2184,CA,White
EMP-1544,John,Lynch,john.lynch@techcorp.com,Male,EMP-2769,2021-11-04,,,,Sales,Sales Development,IC1,Non-Exempt,94000,0.2173,CA,Hispanic or Latino
EMP-1545,Andrew,Hill,andrew.hill@techcorp.com,Male,EMP-1097,2019-03-01,,,,HR,Talent Acquisition,IC3,Exempt,129000,0.0807,WA,Black or African American
EMP-1546,Charles,Franklin,charles.franklin@techcorp.com,Male,EMP-2621,2025-05-17,,,,Sales,Enterprise Sales,M2,Exempt,176000,0.2525,NY,Asian
EMP-1547,Michael,Williams,michael.williams1@techcorp.com,Male,EMP-1313,2022-06-04,,,,Engineering,QA Engineering,M1,Exempt,159000,0.0396,TX,White
EMP-1548,Steve,Rivera,steve.rivera@techcorp.com,Male,EMP-1883,2018-11-09,,,,Engineering,Software Engineering,IC5,Exempt,173000,0.1196,FL,Hispanic or Latino
EMP-1549,Cynthia,Reese,cynthia.reese@techcorp.com,Female,EMP-2545,2023-09-25,,,,Engineering,Software Engineering,M2,Exempt,198000,0.0217,CA,Black or African American
EMP-1550,Tammie,Prince,tammie.prince@techcorp.com,Female,EMP-2903,2019-02-13,,,,Sales,Customer Success,IC5,Exempt,193000,0.1199,NY,White
EMP-1551,Alejandro,Roth,alejandro.roth@techcorp.com,Male,EMP-2241,2023-11-10,,,,Legal,Employment Law,IC5,Exempt,167000,0.0324,WA,Black or African American
EMP-1552,Elizabeth,Ramirez,elizabeth.ramirez@techcorp.com,Female,EMP-0200,2024-01-28,2026-03-27,Involuntary,Reorganization,HR,Talent Acquisition,IC3,Exempt,132000,0.0879,CA,White
EMP-1553,Heather,Garcia,heather.garcia@techcorp.com,Non-Binary / Third Gender,EMP-0029,2022-11-19,2025-05-24,Voluntary,Career Move,Legal,Privacy & Data,IC1,Non-Exempt,79000,0.0689,NY,White
EMP-1554,Dennis,Mccann,dennis.mccann@techcorp.com,Non-Binary / Third Gender,EMP-0824,2023-08-06,,,,HR,HR Business Partnering,IC2,Exempt,81000,0.0655,IL,White
EMP-1555,Jessica,Petersen,jessica.petersen@techcorp.com,Female,EMP-2025,2023-08-15,,,,Sales,Revenue Operations,IC1,Non-Exempt,76000,0.1056,CA,Black or African American
EMP-1556,Debra,Butler,debra.butler@techcorp.com,Female,EMP-0703,2025-05-04,2025-12-20,Involuntary,Performance,HR,HR Business Partnering,IC5,Exempt,188000,0.0731,NY,White
EMP-1557,Maria,Lopez,maria.lopez@techcorp.com,Female,EMP-0968,2024-05-01,,,,Sales,Revenue Operations,IC1,Non-Exempt,86000,0.1074,CA,Black or African American
EMP-1558,Daniel,Holloway,daniel.holloway@techcorp.com,Male,EMP-2620,2019-02-13,,,,Engineering,Data Engineering,IC3,Exempt,117000,0.0817,TX,White
EMP-1559,Patrick,Malone,patrick.malone@techcorp.com,Male,EMP-0203,2019-04-28,2023-12-10,Voluntary,Compensation,Product,UX / Design,IC2,Exempt,110000,0.01,CA,Asian
EMP-1560,Sharon,Nicholson,sharon.nicholson@techcorp.com,Female,EMP-2580,2018-04-13,,,,Engineering,Infrastructure / DevOps,M1,Exempt,155000,0.0683,NJ,White
EMP-1561,Kaylee,Moore,kaylee.moore@techcorp.com,Female,EMP-1978,2024-10-07,,,,Finance,Accounting,IC3,Exempt,121000,0.1328,TX,Hispanic or Latino
EMP-1562,Eric,Hunter,eric.hunter@techcorp.com,Male,EMP-2727,2018-12-12,,,,Sales,Revenue Operations,IC5,Exempt,191000,0.2796,NY,White
EMP-1563,Chad,York,chad.york@techcorp.com,Male,EMP-0831,2021-05-31,,,,Engineering,Software Engineering,IC1,Exempt,78000,0.1148,CA,White
EMP-1564,Sherry,Johnson,sherry.johnson@techcorp.com,Female,EMP-1746,2022-02-14,,,,Finance,Financial Planning & Analysis,IC2,Exempt,115000,0.1286,NY,White
EMP-1565,Cheryl,Whitaker,cheryl.whitaker@techcorp.com,Female,,2020-02-27,2024-07-09,Voluntary,Career Move,Sales,Account Management,VP,Exempt,315000,0.225,IL,Black or African American
EMP-1566,Russell,Wright,russell.wright@techcorp.com,Male,EMP-2686,2022-05-26,,,,Sales,Enterprise Sales,IC4,Exempt,149000,0.108,TX,White
EMP-1567,Joyce,Hull,joyce.hull@techcorp.com,Female,EMP-1476,2022-04-27,,,,Engineering,Software Engineering,IC3,Exempt,113000,0.0582,NY,Black or African American
EMP-1568,Michele,Hill,michele.hill@techcorp.com,Female,EMP-2530,2021-08-22,,,,Marketing,Marketing Operations,IC5,Exempt,218000,0.0819,TX,Black or African American
EMP-1569,Rodney,Wagner,rodney.wagner@techcorp.com,Male,EMP-0301,2026-02-07,,,,Engineering,Security Engineering,M1,Exempt,158000,0.1132,NY,Two or More Races
EMP-1570,Mark,Martinez,mark.martinez@techcorp.com,Male,EMP-1591,2020-06-08,,,,Finance,Internal Audit,IC1,Non-Exempt,75000,0.1169,NY,Black or African American
EMP-1571,Andre,Watson,andre.watson@techcorp.com,Male,EMP-2190,2022-08-21,,,,Legal,Compliance,Director,Exempt,226000,0.1291,WA,White
EMP-1572,Linda,Thompson,linda.thompson@techcorp.com,Female,EMP-2843,2023-09-28,,,,Sales,Customer Success,IC4,Exempt,155000,0.0879,NY,White
EMP-1573,Seth,Matthews,seth.matthews@techcorp.com,Male,EMP-2556,2025-08-18,,,,Engineering,Software Engineering,IC3,Exempt,140000,0.087,TX,White
EMP-1574,Hannah,Martin,hannah.martin@techcorp.com,Female,EMP-2904,2022-04-02,2024-08-18,Involuntary,Reorganization,Legal,Employment Law,IC4,Exempt,158000,0.0954,FL,White
EMP-1575,Stephanie,Curry,stephanie.curry@techcorp.com,Female,EMP-0939,2018-05-19,,,,Sales,Customer Success,IC3,Exempt,125000,0.1607,NY,White
EMP-1576,Melissa,Mitchell,melissa.mitchell@techcorp.com,Female,EMP-1827,2022-07-23,2026-04-28,Voluntary,Career Move,Sales,Sales Development,M1,Exempt,176000,0.1743,TX,Black or African American
EMP-1577,Jasmine,Martin,jasmine.martin@techcorp.com,Female,EMP-0391,2025-05-30,,,,Sales,Account Management,IC5,Exempt,174000,0.2917,TX,White
EMP-1578,Kenneth,Hanna,kenneth.hanna@techcorp.com,Male,EMP-2895,2025-09-04,,,,Legal,Employment Law,IC4,Exempt,136000,0.0143,TX,Asian
EMP-1579,Shannon,Holland,shannon.holland@techcorp.com,Female,EMP-2904,2022-07-02,,,,Sales,Account Management,IC1,Non-Exempt,77000,0.288,NY,Two or More Races
EMP-1580,Michael,Adams,michael.adams@techcorp.com,Male,EMP-1706,2018-01-10,2024-10-20,Involuntary,Reorganization,Product,UX / Design,Director,Exempt,279000,0.15,CA,White
EMP-1581,Jason,Smith,jason.smith@techcorp.com,Male,EMP-2777,2020-11-05,,,,Finance,Internal Audit,IC4,Exempt,175000,0.0834,NY,White
EMP-1582,Phyllis,Saunders,phyllis.saunders@techcorp.com,Female,EMP-0568,2022-01-23,,,,Sales,Enterprise Sales,M2,Exempt,199000,0.2761,TX,White
EMP-1583,Alexa,Buck,alexa.buck@techcorp.com,Female,EMP-1343,2021-05-24,,,,Finance,Internal Audit,IC2,Exempt,98000,0.0595,NY,Black or African American
EMP-1584,Matthew,Burke,matthew.burke@techcorp.com,Male,EMP-0310,2019-11-23,,,,Product,Product Management,IC1,Exempt,65000,0.0113,NY,Asian
EMP-1585,Adam,King,adam.king@techcorp.com,Male,EMP-2509,2021-08-28,,,,Finance,Internal Audit,IC1,Non-Exempt,68000,0.0787,CA,White
EMP-1586,Renee,Torres,renee.torres@techcorp.com,Female,EMP-0391,2023-10-29,2025-10-28,Voluntary,Career Move,Legal,Privacy & Data,IC1,Non-Exempt,64000,0.031,CA,Black or African American
EMP-1587,Walter,Day,walter.day@techcorp.com,Male,EMP-1198,2024-01-29,,,,Finance,Internal Audit,IC2,Exempt,93000,0.0707,CA,White
EMP-1588,Jessica,Bennett,jessica.bennett@techcorp.com,Female,EMP-1968,2021-07-02,,,,Marketing,Brand,IC4,Exempt,158000,0.027,CA,Hispanic or Latino
EMP-1589,Gregory,King,gregory.king@techcorp.com,Male,EMP-2665,2022-02-10,2025-04-15,Voluntary,Personal Reasons,Finance,Tax,IC3,Exempt,132000,0.0975,NY,White
EMP-1590,Julie,Byrd,julie.byrd@techcorp.com,Female,EMP-1580,2025-08-21,,,,Product,UX / Design,M3,Exempt,210000,0.15,CA,Black or African American
EMP-1591,Roger,Sanders,roger.sanders@techcorp.com,Male,EMP-2193,2020-02-12,,,,Sales,Sales Development,M2,Exempt,178000,0.2919,TX,White
EMP-1592,Ashley,Hunt,ashley.hunt@techcorp.com,Female,EMP-0995,2018-12-27,,,,Sales,Enterprise Sales,M1,Exempt,153000,0.2945,CA,White
EMP-1593,Mary,Bridges,mary.bridges@techcorp.com,Female,EMP-0165,2023-03-01,,,,HR,Talent Acquisition,IC2,Exempt,85000,0.0053,CA,White
EMP-1594,James,Holland,james.holland@techcorp.com,Male,EMP-1549,2024-05-29,,,,Legal,Employment Law,IC5,Exempt,165000,0.0848,CA,Hispanic or Latino
EMP-1595,Lee,Evans,lee.evans@techcorp.com,Male,EMP-0565,2018-01-16,,,,Product,UX / Design,IC3,Exempt,129000,0.1276,FL,White
EMP-1596,Ashley,Brown,ashley.brown@techcorp.com,Female,EMP-2186,2019-05-27,2019-09-13,Involuntary,Reorganization,Sales,Account Management,IC1,Non-Exempt,69000,0.1028,TX,White
EMP-1597,William,Davidson,william.davidson@techcorp.com,Male,EMP-0323,2021-10-01,,,,Legal,Privacy & Data,IC3,Exempt,109000,0.0859,WA,Asian
EMP-1598,Shannon,Green,shannon.green@techcorp.com,Female,EMP-0196,2023-10-20,,,,Sales,Customer Success,IC3,Exempt,131000,0.0675,NY,White
EMP-1599,Michelle,Stafford,michelle.stafford@techcorp.com,Female,EMP-2884,2020-11-22,,,,Sales,Enterprise Sales,IC3,Exempt,111000,0.1264,TX,White
EMP-1600,Edwin,Hernandez,edwin.hernandez@techcorp.com,Male,EMP-2580,2023-10-27,,,,Engineering,Security Engineering,IC1,Exempt,63000,0.1462,NY,White
EMP-1601,Ralph,Yoder,ralph.yoder@techcorp.com,Male,EMP-1706,2025-12-22,,,,Marketing,Brand,M3,Exempt,209000,0.1656,FL,White
EMP-1602,Renee,Lang,renee.lang@techcorp.com,Female,EMP-1355,2018-07-12,,,,Engineering,Data Engineering,IC1,Exempt,65000,0.0801,CA,White
EMP-1603,Lindsay,Guerrero,lindsay.guerrero@techcorp.com,Female,EMP-1463,2022-09-12,,,,Finance,Financial Planning & Analysis,IC4,Exempt,151000,0.1081,TX,White
EMP-1604,Michael,Griffith,michael.griffith@techcorp.com,Male,EMP-1835,2023-06-02,,,,HR,HR Business Partnering,IC5,Exempt,186000,0.0153,IL,White
EMP-1605,Mary,Bright,mary.bright@techcorp.com,Female,EMP-2785,2020-06-23,2025-04-14,Voluntary,Career Move,Engineering,Security Engineering,IC5,Exempt,193000,0.0346,TX,White
EMP-1606,David,Barnes,david.barnes@techcorp.com,Male,EMP-1887,2022-06-11,2026-02-06,Involuntary,Performance,Product,UX / Design,M1,Exempt,176000,0.0388,WA,White
EMP-1607,Jasmine,Johnson,jasmine.johnson@techcorp.com,Female,EMP-1745,2021-09-13,,,,Product,Product Operations,IC3,Exempt,121000,0.1105,NY,White
EMP-1608,Michelle,Armstrong,michelle.armstrong@techcorp.com,Female,EMP-2515,2020-09-19,,,,Marketing,Brand,M1,Exempt,160000,0.1232,IL,White
EMP-1609,Cheryl,Barber,cheryl.barber@techcorp.com,Female,EMP-2186,2019-11-12,,,,Engineering,Security Engineering,IC1,Exempt,75000,0.0245,NY,Hispanic or Latino
EMP-1610,Courtney,Nichols,courtney.nichols@techcorp.com,Female,EMP-0440,2018-06-24,,,,Finance,Treasury,IC1,Non-Exempt,63000,0.0101,TX,Hispanic or Latino
EMP-1611,Rebecca,Powers,rebecca.powers@techcorp.com,Non-Binary / Third Gender,EMP-0164,2021-06-30,,,,Sales,Enterprise Sales,IC4,Exempt,139000,0.1758,CA,Hispanic or Latino
EMP-1612,Jordan,Bruce,jordan.bruce@techcorp.com,Male,EMP-0073,2018-08-04,,,,Engineering,QA Engineering,IC3,Exempt,110000,0.0373,NY,White
EMP-1613,Ryan,Walter,ryan.walter@techcorp.com,Male,EMP-1446,2018-09-08,,,,Sales,Revenue Operations,IC4,Exempt,146000,0.1409,IL,Asian
EMP-1614,Catherine,Davis,catherine.davis@techcorp.com,Female,EMP-0821,2020-08-04,,,,Product,Product Operations,IC5,Exempt,197000,0.0881,CA,Black or African American
EMP-1615,Carl,Green,carl.green@techcorp.com,Male,EMP-0265,2024-04-04,,,,Engineering,Data Engineering,IC2,Exempt,88000,0.0297,NJ,Black or African American
EMP-1616,Robert,Hines,robert.hines@techcorp.com,Male,EMP-2241,2018-03-22,,,,Finance,Treasury,IC4,Exempt,141000,0.0511,TX,Black or African American
EMP-1617,Catherine,Frazier,catherine.frazier@techcorp.com,Female,EMP-0884,2020-07-31,,,,Engineering,Security Engineering,IC3,Exempt,128000,0.1268,CA,Hispanic or Latino
EMP-1618,George,Davis,george.davis@techcorp.com,Male,EMP-0922,2018-07-03,,,,Sales,Enterprise Sales,IC4,Exempt,158000,0.1499,CA,Black or African American
EMP-1619,Heather,Garner,heather.garner@techcorp.com,Female,EMP-1121,2023-06-20,,,,Marketing,Demand Generation,IC3,Exempt,124000,0.0642,TX,White
EMP-1620,Eric,French,eric.french@techcorp.com,Male,EMP-0221,2021-05-10,,,,HR,Total Rewards,M3,Exempt,237000,0.1479,TX,White
EMP-1621,Gary,Green,gary.green@techcorp.com,Male,EMP-1836,2026-03-21,,,,HR,Total Rewards,IC3,Exempt,132000,0.0419,FL,Hispanic or Latino
EMP-1622,Elizabeth,York,elizabeth.york@techcorp.com,Female,EMP-2551,2018-10-08,,,,Engineering,Security Engineering,M1,Exempt,155000,0.0648,NY,White
EMP-1623,John,Delacruz,john.delacruz@techcorp.com,Male,EMP-0885,2023-10-11,,,,Engineering,Data Engineering,IC4,Exempt,160000,0.0614,CA,Black or African American
EMP-1624,Lauren,Blackburn,lauren.blackburn@techcorp.com,Female,EMP-2871,2018-11-01,,,,Finance,Internal Audit,IC2,Exempt,96000,0.1338,FL,White
EMP-1625,Andrea,Preston,andrea.preston@techcorp.com,Female,EMP-2025,2018-01-04,,,,HR,People Operations,IC1,Non-Exempt,69000,0.0088,CA,White
EMP-1626,Jonathan,Dillon,jonathan.dillon@techcorp.com,Male,EMP-2758,2022-04-28,2026-04-18,Voluntary,Career Move,Product,Product Operations,IC3,Exempt,133000,0.1001,NY,White
EMP-1627,James,Evans,james.evans@techcorp.com,Male,EMP-1355,2018-11-19,2024-09-21,Voluntary,Compensation,Marketing,Brand,IC3,Exempt,128000,0.0752,CA,White
EMP-1628,Amy,Dickerson,amy.dickerson@techcorp.com,Female,EMP-1201,2019-02-07,,,,Product,Product Operations,IC3,Exempt,133000,0.0057,NJ,Black or African American
EMP-1629,Chad,Gonzalez,chad.gonzalez1@techcorp.com,Male,EMP-2612,2023-09-13,,,,Sales,Revenue Operations,IC2,Non-Exempt,101000,0.2335,CA,Black or African American
EMP-1630,Jason,Hudson,jason.hudson@techcorp.com,Male,EMP-0791,2025-05-30,,,,HR,Learning & Development,IC4,Exempt,145000,0.1192,FL,White
EMP-1631,Susan,Ellis,susan.ellis@techcorp.com,Female,EMP-2008,2023-11-17,,,,Product,Product Management,IC2,Exempt,80000,0.1424,FL,White
EMP-1632,Eugene,Baldwin,eugene.baldwin@techcorp.com,Male,EMP-1097,2024-03-19,,,,Engineering,Software Engineering,IC4,Exempt,152000,0.1415,NY,White
EMP-1633,Richard,Freeman,richard.freeman@techcorp.com,Male,EMP-0115,2022-09-17,,,,Engineering,QA Engineering,IC5,Exempt,161000,0.0774,FL,Hispanic or Latino
EMP-1634,Lynn,Thompson,lynn.thompson@techcorp.com,Female,EMP-2980,2018-07-23,,,,Legal,Compliance,M1,Exempt,151000,0.0347,TX,White
EMP-1635,Mark,Smith,mark.smith@techcorp.com,Male,EMP-2307,2024-02-26,2026-04-28,Voluntary,Personal Reasons,Marketing,Product Marketing,Director,Exempt,245000,0.1635,CA,White
EMP-1636,Denise,Juarez,denise.juarez@techcorp.com,Female,EMP-2025,2019-02-18,,,,Finance,Financial Planning & Analysis,IC2,Exempt,88000,0.0531,CA,Hispanic or Latino
EMP-1637,Christopher,Duran,christopher.duran@techcorp.com,Male,EMP-2733,2019-01-02,,,,Sales,Customer Success,IC2,Non-Exempt,81000,0.2065,NY,White
EMP-1638,John,Gallagher,john.gallagher@techcorp.com,Male,EMP-2110,2019-07-06,,,,Marketing,Brand,IC3,Exempt,121000,0.173,NY,Hispanic or Latino
EMP-1639,Brandon,Mendez,brandon.mendez@techcorp.com,Male,EMP-2935,2025-11-21,2026-06-20,Voluntary,Compensation,Finance,Accounting,IC2,Exempt,92000,0.1259,FL,White
EMP-1640,Madeline,Powell,madeline.powell@techcorp.com,Female,EMP-2091,2019-09-22,,,,Sales,Account Management,IC3,Exempt,131000,0.2992,FL,White
EMP-1641,Vincent,Reyes,vincent.reyes@techcorp.com,Male,EMP-2035,2018-05-09,,,,Product,Product Operations,IC2,Exempt,113000,0.108,FL,White
EMP-1642,Andrew,Gonzalez,andrew.gonzalez@techcorp.com,Male,EMP-0831,2023-09-20,,,,Product,UX / Design,IC3,Exempt,121000,0.0566,NY,White
EMP-1643,Jacqueline,Smith,jacqueline.smith@techcorp.com,Female,EMP-1949,2018-09-01,,,,Engineering,Software Engineering,IC1,Exempt,61000,0.0119,CA,White
EMP-1644,Erica,Whitaker,erica.whitaker@techcorp.com,Female,EMP-0202,2018-03-14,2026-06-14,Voluntary,Career Move,Product,UX / Design,IC2,Exempt,97000,0.1132,CA,Two or More Races
EMP-1645,Connor,Rhodes,connor.rhodes@techcorp.com,Male,EMP-2465,2022-01-11,2024-02-18,Voluntary,Personal Reasons,Sales,Account Management,IC2,Non-Exempt,96000,0.2496,CA,White
EMP-1646,Mark,Wright,mark.wright@techcorp.com,Male,EMP-0855,2018-06-09,,,,Sales,Enterprise Sales,IC4,Exempt,145000,0.167,IL,Two or More Races
EMP-1647,Michael,Cooper,michael.cooper@techcorp.com,Male,EMP-1903,2025-05-24,,,,Engineering,QA Engineering,IC3,Exempt,131000,0.1105,NJ,White
EMP-1648,Betty,Reyes,betty.reyes@techcorp.com,Female,EMP-2509,2018-02-19,,,,Sales,Enterprise Sales,M1,Exempt,132000,0.1506,CA,White
EMP-1649,Kevin,Jackson,kevin.jackson@techcorp.com,Male,EMP-0476,2024-06-30,2026-05-05,Voluntary,Compensation,Engineering,Data Engineering,IC1,Exempt,77000,0.083,NJ,White
EMP-1650,Samantha,Evans,samantha.evans@techcorp.com,Female,EMP-2110,2021-08-15,2023-02-27,Involuntary,Performance,Sales,Customer Success,IC2,Non-Exempt,100000,0.2639,NY,White
EMP-1651,Donna,Luna,donna.luna@techcorp.com,Female,EMP-0130,2020-10-25,,,,Engineering,Infrastructure / DevOps,IC4,Exempt,144000,0.0589,FL,White
EMP-1652,Linda,Morgan,linda.morgan@techcorp.com,Female,EMP-2930,2018-10-29,,,,Engineering,Software Engineering,IC2,Exempt,113000,0.0047,CA,Hispanic or Latino
EMP-1653,Stacy,Cowan,stacy.cowan@techcorp.com,Female,EMP-2542,2022-08-02,,,,HR,Talent Acquisition,IC5,Exempt,173000,0.0029,NY,Black or African American
EMP-1654,Grace,Valenzuela,grace.valenzuela@techcorp.com,Female,EMP-2268,2026-05-07,,,,Sales,Account Management,IC3,Exempt,130000,0.2536,NJ,Hispanic or Latino
EMP-1655,Ian,Lopez,ian.lopez@techcorp.com,Male,EMP-1463,2022-03-30,,,,Sales,Customer Success,IC4,Exempt,159000,0.1259,NY,White
EMP-1656,Travis,Hull,travis.hull@techcorp.com,Male,EMP-0115,2018-11-18,,,,Product,UX / Design,IC3,Exempt,120000,0.1133,TX,White
EMP-1657,Jamie,Perez,jamie.perez@techcorp.com,Male,EMP-2871,2022-12-28,,,,Sales,Customer Success,IC2,Non-Exempt,107000,0.1274,NY,White
EMP-1658,Nicholas,Anderson,nicholas.anderson@techcorp.com,Male,EMP-0316,2021-04-27,,,,Engineering,Infrastructure / DevOps,IC2,Exempt,99000,0.0319,CA,White
EMP-1659,Nicholas,Lawrence,nicholas.lawrence@techcorp.com,Male,EMP-1944,2025-06-02,,,,Engineering,Security Engineering,M3,Exempt,224000,0.15,NY,White
EMP-1660,Caroline,Richardson,caroline.richardson@techcorp.com,Female,EMP-2034,2023-01-17,,,,Sales,Enterprise Sales,IC4,Exempt,138000,0.2068,TX,Asian
EMP-1661,Marie,Johnson,marie.johnson@techcorp.com,Female,EMP-2419,2026-05-21,2026-06-26,Voluntary,Career Move,Engineering,Infrastructure / DevOps,Director,Exempt,237000,0.15,TX,Asian
EMP-1662,Sherri,Scott,sherri.scott@techcorp.com,Female,EMP-1782,2022-10-14,,,,Engineering,Security Engineering,IC2,Exempt,89000,0.141,FL,White
EMP-1663,Kimberly,Williams,kimberly.williams@techcorp.com,Female,EMP-0237,2022-06-13,,,,Finance,Financial Planning & Analysis,IC2,Exempt,82000,0.0249,CA,Two or More Races
EMP-1664,Zachary,Stanley,zachary.stanley@techcorp.com,Male,EMP-2843,2018-06-03,,,,Engineering,Security Engineering,IC1,Exempt,88000,0.0032,NY,White
EMP-1665,Martha,Smith,martha.smith@techcorp.com,Female,EMP-0655,2025-02-18,,,,Sales,Customer Success,IC3,Exempt,138000,0.1977,TX,White
EMP-1666,Melissa,Butler,melissa.butler@techcorp.com,Female,EMP-1972,2018-08-08,,,,Engineering,Security Engineering,M2,Exempt,214000,0.0006,CA,White
EMP-1667,James,Kelley,james.kelley@techcorp.com,Male,EMP-0265,2019-02-27,,,,Sales,Account Management,IC4,Exempt,167000,0.0685,CA,Hispanic or Latino
EMP-1668,Kara,Hernandez,kara.hernandez@techcorp.com,Female,EMP-0303,2019-01-16,,,,Legal,Privacy & Data,IC3,Exempt,114000,0.0985,WA,White
EMP-1669,Michael,Mccoy,michael.mccoy@techcorp.com,Male,EMP-0310,2022-03-13,,,,Engineering,Data Engineering,IC4,Exempt,155000,0.1478,NY,Hispanic or Latino
EMP-1670,Elizabeth,Stanley,elizabeth.stanley@techcorp.com,Female,EMP-1061,2024-07-26,,,,Engineering,Infrastructure / DevOps,M1,Exempt,148000,0.094,WA,White
EMP-1671,Mary,Nelson,mary.nelson@techcorp.com,Female,EMP-2022,2023-02-05,,,,Product,Product Management,IC3,Exempt,134000,0.1304,NJ,Hispanic or Latino
EMP-1672,Larry,Taylor,larry.taylor@techcorp.com,Male,EMP-0201,2026-01-18,,,,Sales,Sales Development,M2,Exempt,198000,0.099,FL,White
EMP-1673,Sandra,Garcia,sandra.garcia@techcorp.com,Female,EMP-1395,2021-09-11,,,,Product,Product Operations,IC5,Exempt,178000,0.0933,IL,Hispanic or Latino
EMP-1674,Michelle,Wilson,michelle.wilson@techcorp.com,Female,EMP-2435,2020-09-15,,,,Engineering,QA Engineering,IC5,Exempt,192000,0.1187,IL,White
EMP-1675,Brian,Rodriguez,brian.rodriguez1@techcorp.com,Male,EMP-1835,2025-03-10,,,,Product,Product Management,IC2,Exempt,92000,0.0343,NY,Hispanic or Latino
EMP-1676,Craig,Gonzalez,craig.gonzalez@techcorp.com,Male,EMP-1446,2022-05-11,,,,HR,HR Business Partnering,IC2,Exempt,88000,0.0472,NJ,White
EMP-1677,Deborah,Mills,deborah.mills@techcorp.com,Female,EMP-2007,2026-05-31,,,,Engineering,QA Engineering,IC3,Exempt,117000,0.0601,NJ,White
EMP-1678,Christina,Warner,christina.warner@techcorp.com,Female,EMP-1355,2018-03-05,,,,Engineering,Software Engineering,IC1,Exempt,83000,0.0994,TX,White
EMP-1679,Edward,Williams,edward.williams1@techcorp.com,Male,EMP-1329,2019-02-10,,,,Finance,Internal Audit,IC3,Exempt,149000,0.0596,FL,Asian
EMP-1680,Kathleen,Clark,kathleen.clark@techcorp.com,Female,EMP-1576,2024-12-19,,,,Finance,Financial Planning & Analysis,IC1,Non-Exempt,75000,0.1269,CA,White
EMP-1681,Timothy,Rivera,timothy.rivera@techcorp.com,Male,EMP-2707,2024-04-20,,,,Marketing,Brand,IC3,Exempt,129000,0.1742,FL,Hispanic or Latino
EMP-1682,April,Powers,april.powers@techcorp.com,Female,EMP-1591,2020-08-04,,,,Engineering,Software Engineering,IC5,Exempt,162000,0.111,TX,Hispanic or Latino
EMP-1683,Terry,Conley,terry.conley@techcorp.com,Male,EMP-0202,2025-06-20,,,,HR,People Operations,IC2,Exempt,112000,0.0749,NJ,Hispanic or Latino
EMP-1684,Maureen,Hernandez,maureen.hernandez@techcorp.com,Female,,2023-12-08,,,,Sales,Account Management,VP,Exempt,329000,0.2833,WA,Asian
EMP-1685,Brandon,Hunt,brandon.hunt@techcorp.com,Male,EMP-2042,2022-01-26,,,,Product,Product Management,IC4,Exempt,153000,0.0616,CA,Two or More Races
EMP-1686,Misty,Garcia,misty.garcia@techcorp.com,Female,EMP-0824,2023-11-26,,,,Sales,Revenue Operations,IC2,Non-Exempt,81000,0.0804,NY,Hispanic or Latino
EMP-1687,David,Hall,david.hall@techcorp.com,Male,EMP-1530,2020-12-08,,,,Product,Product Management,Director,Exempt,261000,0.15,CA,White
EMP-1688,Virginia,Phillips,virginia.phillips@techcorp.com,Female,EMP-1825,2024-08-17,,,,Engineering,Software Engineering,IC2,Exempt,90000,0.0694,CA,Black or African American
EMP-1689,John,Garcia,john.garcia@techcorp.com,Male,EMP-1672,2025-06-22,,,,Sales,Account Management,IC5,Exempt,185000,0.2335,TX,Two or More Races
EMP-1690,Carrie,Williams,carrie.williams1@techcorp.com,Female,EMP-0202,2019-09-04,,,,Legal,Privacy & Data,IC2,Exempt,100000,0.0912,CA,Black or African American
EMP-1691,Donna,Solis,donna.solis@techcorp.com,Female,EMP-0151,2024-10-14,,,,Product,Product Operations,M3,Exempt,223000,0.15,CA,White
EMP-1692,Emily,Rodgers,emily.rodgers@techcorp.com,Female,EMP-1592,2020-11-19,,,,Marketing,Marketing Operations,IC5,Exempt,190000,0.0783,NJ,White
EMP-1693,Brandon,Chang,brandon.chang@techcorp.com,Male,EMP-2758,2020-06-30,,,,Sales,Sales Development,IC1,Non-Exempt,61000,0.1144,TX,White
EMP-1694,Amber,Christian,amber.christian@techcorp.com,Female,EMP-0031,2018-12-15,,,,Engineering,QA Engineering,IC3,Exempt,115000,0.0522,FL,Black or African American
EMP-1695,George,Howard,george.howard@techcorp.com,Non-Binary / Third Gender,EMP-1576,2022-05-11,2026-05-09,Voluntary,Compensation,Engineering,Data Engineering,IC4,Exempt,155000,0.0796,IL,White
EMP-1696,Jessica,Howell,jessica.howell@techcorp.com,Female,EMP-0723,2022-06-14,,,,Finance,Treasury,IC1,Non-Exempt,74000,0.0325,CA,White
EMP-1697,Christopher,Briggs,christopher.briggs@techcorp.com,Non-Binary / Third Gender,EMP-2556,2019-12-19,,,,Engineering,Infrastructure / DevOps,IC1,Exempt,74000,0.0987,TX,Asian
EMP-1698,Clayton,Morales,clayton.morales@techcorp.com,Male,EMP-2725,2022-01-10,,,,Sales,Revenue Operations,IC3,Exempt,119000,0.129,NY,White
EMP-1699,Victor,Nelson,victor.nelson@techcorp.com,Male,EMP-1784,2018-10-29,,,,Finance,Financial Planning & Analysis,IC3,Exempt,119000,0.0325,NY,Asian
EMP-1700,Janice,Jefferson,janice.jefferson@techcorp.com,Female,EMP-2160,2022-10-10,2025-12-20,Voluntary,Career Move,Marketing,Content Marketing,IC3,Exempt,134000,0.0707,TX,Black or African American
EMP-1701,Robert,Banks,robert.banks@techcorp.com,Male,EMP-0196,2020-04-20,,,,Engineering,Data Engineering,IC4,Exempt,136000,0.0022,CA,White
EMP-1702,Robert,Wilson,robert.wilson@techcorp.com,Male,EMP-1930,2023-09-13,,,,Engineering,Data Engineering,IC3,Exempt,122000,0.0249,CA,Hispanic or Latino
EMP-1703,Michael,Brown,michael.brown2@techcorp.com,Male,EMP-2166,2019-12-03,,,,Legal,Corporate Legal,IC2,Exempt,81000,0.0472,FL,White
EMP-1704,Terri,Moore,terri.moore@techcorp.com,Female,EMP-2283,2020-07-29,,,,Marketing,Product Marketing,IC4,Exempt,160000,0.1372,NY,White
EMP-1705,Jason,Garza,jason.garza@techcorp.com,Male,EMP-1198,2018-01-27,2026-05-23,Involuntary,Performance,Marketing,Demand Generation,IC2,Exempt,97000,0.1521,TX,White
EMP-1706,Robert,Gregory,robert.gregory@techcorp.com,Male,,2025-01-21,,,,Finance,Treasury,VP,Exempt,313000,0.15,FL,White
EMP-1707,Catherine,James,catherine.james@techcorp.com,Female,EMP-1123,2018-03-21,,,,Engineering,Software Engineering,IC5,Exempt,193000,0.1328,CA,White
EMP-1708,Heather,Johnson,heather.johnson@techcorp.com,Female,EMP-2900,2020-11-14,2023-06-27,Voluntary,Career Move,HR,HR Business Partnering,IC2,Exempt,83000,0.1053,CA,White
EMP-1709,Michael,Roberson,michael.roberson@techcorp.com,Male,EMP-0203,2021-08-12,,,,Engineering,Software Engineering,IC2,Exempt,84000,0.0981,CA,Hispanic or Latino
EMP-1710,Valerie,Anderson,valerie.anderson@techcorp.com,Female,EMP-2842,2019-08-07,,,,Sales,Enterprise Sales,M1,Exempt,170000,0.1642,NJ,White
EMP-1711,Tami,Rodriguez,tami.rodriguez@techcorp.com,Female,EMP-1367,2022-09-25,,,,Engineering,Security Engineering,IC3,Exempt,123000,0.1254,NY,Hispanic or Latino
EMP-1712,Jason,Williams,jason.williams@techcorp.com,Male,EMP-1975,2018-01-06,,,,Engineering,QA Engineering,IC4,Exempt,144000,0.1365,CA,White
EMP-1713,Dennis,Edwards,dennis.edwards@techcorp.com,Male,EMP-1950,2024-07-04,2025-07-06,Involuntary,Performance,Sales,Revenue Operations,IC2,Non-Exempt,80000,0.2214,NY,Black or African American
EMP-1714,Michael,Gregory,michael.gregory@techcorp.com,Male,EMP-0702,2023-06-30,,,,Engineering,Security Engineering,M1,Exempt,146000,0.087,NY,Hispanic or Latino
EMP-1715,Patricia,Ray,patricia.ray@techcorp.com,Female,EMP-0335,2018-03-16,,,,Sales,Customer Success,IC2,Non-Exempt,104000,0.152,TX,Hispanic or Latino
EMP-1716,Karl,Levine,karl.levine@techcorp.com,Male,EMP-0311,2020-03-10,2026-06-20,Involuntary,Reorganization,Engineering,Software Engineering,IC4,Exempt,143000,0.0244,NY,White
EMP-1717,Mckenzie,Morgan,mckenzie.morgan@techcorp.com,Female,EMP-0521,2023-08-24,,,,Sales,Customer Success,Director,Exempt,232000,0.2184,NY,White
EMP-1718,Kelly,Haynes,kelly.haynes@techcorp.com,Female,EMP-1213,2018-08-23,,,,Engineering,Software Engineering,IC3,Exempt,120000,0.0174,IL,Hispanic or Latino
EMP-1719,Brandon,Stanley,brandon.stanley@techcorp.com,Male,EMP-2384,2019-10-14,,,,Finance,Financial Planning & Analysis,IC5,Exempt,171000,0.0332,NJ,White
EMP-1720,Danielle,Reed,danielle.reed@techcorp.com,Female,EMP-1887,2021-02-05,,,,Marketing,Demand Generation,IC5,Exempt,181000,0.1272,CA,Asian
EMP-1721,Michael,Cruz,michael.cruz@techcorp.com,Male,EMP-0742,2019-04-28,,,,Legal,Compliance,IC4,Exempt,162000,0.0661,IL,White
EMP-1722,Sara,Grant,sara.grant@techcorp.com,Female,EMP-1128,2020-01-12,,,,Product,Product Management,IC2,Exempt,85000,0.119,TX,White
EMP-1723,William,Brown,william.brown@techcorp.com,Male,EMP-0404,2024-08-23,,,,Product,Product Operations,IC3,Exempt,123000,0.1063,FL,White
EMP-1724,Maria,Moore,maria.moore@techcorp.com,Female,EMP-2494,2024-05-25,,,,Engineering,Security Engineering,Director,Exempt,302000,0.15,FL,Black or African American
EMP-1725,Sarah,Christian,sarah.christian@techcorp.com,Female,EMP-2130,2023-11-07,2026-04-08,Voluntary,Career Move,Engineering,Infrastructure / DevOps,IC5,Exempt,195000,0.0091,IL,White
EMP-1726,Sean,Jones,sean.jones@techcorp.com,Male,EMP-2026,2026-04-21,,,,Engineering,Software Engineering,IC5,Exempt,186000,0.1096,TX,Hispanic or Latino
EMP-1727,John,Allen,john.allen@techcorp.com,Male,EMP-1546,2024-08-31,,,,Finance,Accounting,IC4,Exempt,166000,0.095,IL,Hispanic or Latino
EMP-1728,Wayne,Williams,wayne.williams@techcorp.com,Male,EMP-2042,2026-03-25,,,,Product,Product Operations,IC5,Exempt,217000,0.0841,TX,White
EMP-1729,Daniel,Schneider,daniel.schneider@techcorp.com,Male,EMP-1921,2020-09-21,,,,Engineering,Software Engineering,IC3,Exempt,126000,0.1345,CA,White
EMP-1730,Jennifer,Young,jennifer.young@techcorp.com,Female,EMP-0885,2024-11-25,,,,Product,Product Operations,IC1,Exempt,80000,0.1274,WA,Hispanic or Latino
EMP-1731,Jimmy,Solis,jimmy.solis@techcorp.com,Male,EMP-1547,2023-03-10,,,,Engineering,QA Engineering,IC4,Exempt,164000,0.0465,CA,Asian
EMP-1732,Jerome,Gates,jerome.gates@techcorp.com,Male,EMP-0943,2020-08-09,,,,Sales,Enterprise Sales,IC5,Exempt,180000,0.2576,WA,White
EMP-1733,Jillian,Wilson,jillian.wilson@techcorp.com,Female,EMP-1091,2020-05-07,,,,Engineering,Infrastructure / DevOps,M1,Exempt,162000,0.1432,TX,Black or African American
EMP-1734,Kathleen,Valdez,kathleen.valdez@techcorp.com,Female,EMP-0974,2021-07-11,,,,Marketing,Product Marketing,IC1,Non-Exempt,74000,0.0401,FL,White
EMP-1735,Brian,Gutierrez,brian.gutierrez@techcorp.com,Male,EMP-0316,2020-06-12,,,,Product,UX / Design,IC5,Exempt,192000,0.0733,WA,White
EMP-1736,Justin,Smith,justin.smith@techcorp.com,Male,EMP-0582,2020-03-02,,,,Marketing,Brand,IC1,Non-Exempt,73000,0.1155,CA,White
EMP-1737,Brandon,Munoz,brandon.munoz@techcorp.com,Male,EMP-2176,2019-09-01,,,,Sales,Sales Development,M3,Exempt,226000,0.1836,NY,White
EMP-1738,Manuel,Torres,manuel.torres@techcorp.com,Male,EMP-1354,2019-07-21,,,,Marketing,Product Marketing,IC2,Exempt,91000,0.0286,CA,Hispanic or Latino
EMP-1739,Katie,Clark,katie.clark@techcorp.com,Female,EMP-1887,2025-09-27,,,,Product,Product Management,IC1,Exempt,64000,0.1453,CA,White
EMP-1740,Michael,Clements,michael.clements@techcorp.com,Male,EMP-0875,2024-11-13,,,,Engineering,QA Engineering,IC2,Exempt,102000,0.0878,FL,White
EMP-1741,Heidi,Brown,heidi.brown@techcorp.com,Female,EMP-1592,2018-06-21,,,,Sales,Sales Development,IC2,Non-Exempt,103000,0.1528,NY,White
EMP-1742,Courtney,Gibson,courtney.gibson@techcorp.com,Female,EMP-0419,2021-01-27,,,,Legal,Privacy & Data,IC4,Exempt,155000,0.0111,CA,White
EMP-1743,Kristin,Harvey,kristin.harvey@techcorp.com,Female,EMP-1546,2019-01-17,,,,Engineering,Data Engineering,IC2,Exempt,92000,0.1099,NJ,Black or African American
EMP-1744,Kara,Sandoval,kara.sandoval@techcorp.com,Female,EMP-2166,2022-07-18,,,,Sales,Account Management,IC5,Exempt,198000,0.0922,CA,Two or More Races
EMP-1745,Michelle,Wilson,michelle.wilson1@techcorp.com,Female,EMP-2994,2022-09-14,,,,Marketing,Marketing Operations,M2,Exempt,196000,0.0447,CA,White
EMP-1746,Olivia,Walker,olivia.walker@techcorp.com,Female,EMP-2926,2021-09-25,,,,Sales,Revenue Operations,M1,Exempt,141000,0.1746,NJ,Hispanic or Latino
EMP-1747,Glenn,Gallegos,glenn.gallegos@techcorp.com,Male,EMP-2806,2020-02-25,,,,Engineering,Infrastructure / DevOps,IC5,Exempt,185000,0.0093,FL,White
EMP-1748,Vincent,Carter,vincent.carter@techcorp.com,Male,EMP-2909,2026-04-27,2026-06-23,Involuntary,Performance,Sales,Sales Development,IC1,Non-Exempt,68000,0.1443,FL,Black or African American
EMP-1749,Joseph,Park,joseph.park@techcorp.com,Male,EMP-0485,2020-01-23,2020-07-23,Voluntary,Personal Reasons,Sales,Sales Development,IC1,Non-Exempt,63000,0.1911,NY,White
EMP-1750,Angel,Martin,angel.martin@techcorp.com,Male,EMP-0440,2018-04-08,,,,Marketing,Demand Generation,IC3,Exempt,123000,0.1221,CA,White
EMP-1751,Brenda,Love,brenda.love@techcorp.com,Female,EMP-0308,2024-09-20,,,,Engineering,Security Engineering,IC2,Exempt,112000,0.1369,NY,Hispanic or Latino
EMP-1752,Mikayla,Rodriguez,mikayla.rodriguez@techcorp.com,Female,EMP-0029,2025-02-14,2025-07-24,Voluntary,Personal Reasons,Engineering,Software Engineering,IC5,Exempt,172000,0.0236,IL,Black or African American
EMP-1753,Lisa,Lopez,lisa.lopez@techcorp.com,Female,EMP-0645,2018-06-22,,,,Sales,Account Management,IC4,Exempt,154000,0.0815,CA,White
EMP-1754,Timothy,Long,timothy.long@techcorp.com,Male,EMP-2878,2024-12-16,,,,Sales,Customer Success,IC2,Non-Exempt,88000,0.2338,TX,White
EMP-1755,Jim,Harrington,jim.harrington@techcorp.com,Male,EMP-2686,2019-08-19,,,,Sales,Account Management,IC1,Non-Exempt,76000,0.0877,FL,White
EMP-1756,Mitchell,Rodriguez,mitchell.rodriguez@techcorp.com,Male,EMP-0357,2024-06-21,,,,Engineering,Infrastructure / DevOps,M2,Exempt,185000,0.0437,NY,White
EMP-1757,Jason,House,jason.house@techcorp.com,Male,EMP-2689,2024-05-14,,,,Sales,Revenue Operations,IC4,Exempt,147000,0.2555,TX,Black or African American
EMP-1758,Brianna,Barton,brianna.barton@techcorp.com,Non-Binary / Third Gender,EMP-2715,2023-03-23,,,,Sales,Enterprise Sales,IC2,Non-Exempt,92000,0.1869,TX,White
EMP-1759,Jerry,Barrett,jerry.barrett@techcorp.com,Male,EMP-2785,2024-10-18,,,,Product,UX / Design,IC5,Exempt,201000,0.0718,NY,Black or African American
EMP-1760,Tyler,Taylor,tyler.taylor@techcorp.com,Male,EMP-1622,2024-09-18,,,,Engineering,Data Engineering,IC5,Exempt,178000,0.1483,IL,Hispanic or Latino
EMP-1761,Kathleen,Moreno,kathleen.moreno@techcorp.com,Female,EMP-1121,2022-03-27,,,,Legal,Compliance,IC4,Exempt,138000,0.0027,NY,Black or African American
EMP-1762,Anthony,Mcconnell,anthony.mcconnell@techcorp.com,Male,EMP-2264,2022-10-04,,,,Sales,Account Management,IC4,Exempt,160000,0.2322,NY,White
EMP-1763,Sara,Webb,sara.webb@techcorp.com,Female,EMP-0303,2023-04-18,2024-05-08,Involuntary,Reorganization,Finance,Internal Audit,IC4,Exempt,156000,0.0954,CA,White
EMP-1764,Katie,Morse,katie.morse@techcorp.com,Female,EMP-1446,2019-07-01,,,,Product,Product Operations,IC1,Exempt,74000,0.0357,NY,Hispanic or Latino
EMP-1765,Cassandra,Lane,cassandra.lane@techcorp.com,Female,EMP-0694,2018-03-15,,,,Legal,Corporate Legal,IC2,Exempt,94000,0.0471,TX,Hispanic or Latino
EMP-1766,Nicholas,Anderson,nicholas.anderson1@techcorp.com,Male,EMP-1666,2026-02-13,2026-05-25,Voluntary,Compensation,Marketing,Product Marketing,IC3,Exempt,124000,0.1617,NY,White
EMP-1767,James,Burke,james.burke@techcorp.com,Male,EMP-0021,2024-06-29,,,,Finance,Tax,IC4,Exempt,158000,0.0896,NY,White
EMP-1768,Stephen,Gordon,stephen.gordon@techcorp.com,Male,EMP-2890,2018-01-03,,,,Engineering,Software Engineering,Director,Exempt,278000,0.15,CA,White
EMP-1769,James,Petty,james.petty@techcorp.com,Male,EMP-1949,2021-03-29,,,,Product,Product Operations,IC3,Exempt,105000,0.1029,IL,White
EMP-1770,Thomas,Farmer,thomas.farmer@techcorp.com,Male,EMP-1407,2024-12-14,,,,Engineering,Security Engineering,IC2,Exempt,99000,0.0937,TX,White
EMP-1771,Denise,Stuart,denise.stuart@techcorp.com,Female,EMP-0894,2026-05-24,,,,Engineering,Security Engineering,IC2,Exempt,99000,0.0382,NJ,White
EMP-1772,Wesley,Chavez,wesley.chavez@techcorp.com,Male,EMP-2660,2025-08-09,,,,Marketing,Marketing Operations,IC4,Exempt,154000,0.0464,TX,White
EMP-1773,Casey,Gutierrez,casey.gutierrez@techcorp.com,Male,EMP-0570,2021-12-01,,,,Product,Product Operations,IC2,Exempt,106000,0.0438,WA,Black or African American
EMP-1774,Melissa,Goodman,melissa.goodman@techcorp.com,Female,EMP-1387,2022-10-02,,,,Engineering,Security Engineering,IC2,Exempt,102000,0.1157,FL,White
EMP-1775,Elizabeth,Miles,elizabeth.miles@techcorp.com,Female,EMP-2491,2018-12-29,,,,Engineering,QA Engineering,M3,Exempt,212000,0.15,NJ,White
EMP-1776,Scott,Joseph,scott.joseph@techcorp.com,Male,EMP-2493,2023-10-13,2024-11-10,Voluntary,Personal Reasons,Legal,Corporate Legal,IC5,Exempt,167000,0.0819,NY,White
EMP-1777,Timothy,Chen,timothy.chen@techcorp.com,Male,EMP-2470,2021-09-16,,,,Finance,Internal Audit,IC2,Exempt,94000,0.0164,NY,White
EMP-1778,Curtis,Weber,curtis.weber@techcorp.com,Male,EMP-0970,2019-01-06,,,,Marketing,Brand,IC2,Exempt,97000,0.1074,TX,Black or African American
EMP-1779,Dylan,Reed,dylan.reed@techcorp.com,Male,EMP-1480,2018-11-09,,,,Engineering,Data Engineering,IC4,Exempt,144000,0.0865,CA,Hispanic or Latino
EMP-1780,Michael,Zavala,michael.zavala@techcorp.com,Male,EMP-2830,2026-02-10,,,,Engineering,Data Engineering,IC3,Exempt,131000,0.104,IL,White
EMP-1781,Matthew,Mullen,matthew.mullen@techcorp.com,Male,,2021-11-18,,,,Product,Product Operations,VP,Exempt,420000,0.15,IL,White
EMP-1782,Jonathan,Benson,jonathan.benson@techcorp.com,Male,EMP-1582,2019-08-01,,,,Legal,Corporate Legal,M1,Exempt,169000,0.0804,NY,Hispanic or Latino
EMP-1783,Frank,Wilson,frank.wilson@techcorp.com,Male,EMP-2275,2024-07-19,,,,Marketing,Content Marketing,M3,Exempt,237000,0.1788,NY,White
EMP-1784,Harold,Castillo,harold.castillo@techcorp.com,Male,EMP-1454,2020-01-09,,,,Sales,Account Management,M1,Exempt,139000,0.0696,CA,White
EMP-1785,Laura,Contreras,laura.contreras@techcorp.com,Female,EMP-1733,2019-08-14,,,,Marketing,Product Marketing,IC2,Exempt,101000,0.1061,NY,Asian
EMP-1786,Jennifer,Adkins,jennifer.adkins@techcorp.com,Female,EMP-2895,2023-03-04,,,,Engineering,Security Engineering,IC3,Exempt,105000,0.0418,TX,Black or African American
EMP-1787,Ryan,Mitchell,ryan.mitchell@techcorp.com,Male,EMP-2359,2019-07-12,,,,Engineering,Infrastructure / DevOps,IC4,Exempt,160000,0.1476,NY,Black or African American
EMP-1788,Ryan,Stokes,ryan.stokes@techcorp.com,Male,EMP-2715,2024-10-02,,,,Sales,Revenue Operations,IC3,Exempt,132000,0.1634,FL,White
EMP-1789,Joseph,Johnson,joseph.johnson@techcorp.com,Male,EMP-0300,2018-04-22,,,,Finance,Financial Planning & Analysis,IC3,Exempt,110000,0.0418,WA,White
EMP-1790,Charles,Santiago,charles.santiago@techcorp.com,Male,EMP-0404,2022-09-25,,,,Marketing,Brand,IC3,Exempt,109000,0.1658,CA,White
EMP-1791,Christina,Christensen,christina.christensen@techcorp.com,Female,EMP-1091,2018-09-12,,,,Sales,Revenue Operations,IC5,Exempt,182000,0.1547,TX,White
EMP-1792,Justin,King,justin.king@techcorp.com,Non-Binary / Third Gender,EMP-1198,2020-10-13,,,,HR,Talent Acquisition,IC4,Exempt,142000,0.0528,FL,Black or African American
EMP-1793,Ryan,Vaughn,ryan.vaughn@techcorp.com,Male,EMP-2884,2021-12-13,,,,Sales,Revenue Operations,IC3,Exempt,111000,0.0657,NJ,White
EMP-1794,Elizabeth,Molina,elizabeth.molina@techcorp.com,Female,EMP-2628,2018-02-28,,,,HR,Total Rewards,M3,Exempt,222000,0.1396,IL,White
EMP-1795,Lisa,Garcia,lisa.garcia@techcorp.com,Non-Binary / Third Gender,EMP-2487,2021-09-19,,,,Legal,Privacy & Data,IC4,Exempt,144000,0.0354,NY,Black or African American
EMP-1796,Shawna,Stevenson,shawna.stevenson@techcorp.com,Female,EMP-0440,2019-11-08,,,,Engineering,QA Engineering,IC1,Exempt,67000,0.1251,CA,Hispanic or Latino
EMP-1797,Sean,Newton,sean.newton@techcorp.com,Male,EMP-2361,2022-05-17,,,,Engineering,Infrastructure / DevOps,IC4,Exempt,175000,0.0909,NJ,White
EMP-1798,Kristina,Young,kristina.young@techcorp.com,Female,EMP-1810,2018-05-28,,,,Marketing,Brand,IC3,Exempt,110000,0.0437,FL,Black or African American
EMP-1799,Rachel,Lindsey,rachel.lindsey@techcorp.com,Female,EMP-2995,2024-03-25,2025-07-10,Involuntary,Reorganization,Marketing,Product Marketing,IC2,Exempt,82000,0.132,IL,White
EMP-1800,Elizabeth,House,elizabeth.house@techcorp.com,Non-Binary / Third Gender,EMP-0541,2021-04-15,,,,Sales,Sales Development,IC4,Exempt,155000,0.2824,FL,White
EMP-1801,Jasmine,Frye,jasmine.frye@techcorp.com,Female,EMP-2746,2025-11-17,,,,Product,Product Operations,IC3,Exempt,134000,0.0279,CA,White
EMP-1802,Vanessa,Edwards,vanessa.edwards@techcorp.com,Female,EMP-0320,2020-07-16,,,,Legal,Compliance,IC4,Exempt,154000,0.008,FL,White
EMP-1803,Alexander,King,alexander.king@techcorp.com,Non-Binary / Third Gender,EMP-2131,2025-02-20,,,,Engineering,QA Engineering,IC1,Exempt,77000,0.0513,NY,White
EMP-1804,Lisa,Norman,lisa.norman@techcorp.com,Female,EMP-2900,2018-05-30,,,,Sales,Account Management,IC2,Non-Exempt,95000,0.1032,TX,Hispanic or Latino
EMP-1805,Sergio,Greer,sergio.greer@techcorp.com,Male,EMP-2785,2025-07-04,,,,Product,UX / Design,IC4,Exempt,153000,0.1362,IL,White
EMP-1806,Susan,Bush,susan.bush@techcorp.com,Female,EMP-2268,2026-02-23,,,,HR,HR Business Partnering,IC2,Exempt,90000,0.0955,IL,Two or More Races
EMP-1807,Maria,Fischer,maria.fischer@techcorp.com,Female,EMP-1746,2024-01-11,,,,Marketing,Product Marketing,IC5,Exempt,173000,0.1515,TX,Black or African American
EMP-1808,Joshua,Morrison,joshua.morrison1@techcorp.com,Male,EMP-2935,2021-11-07,,,,Marketing,Product Marketing,IC2,Exempt,84000,0.0535,WA,White
EMP-1809,Patty,Brandt,patty.brandt@techcorp.com,Female,EMP-1836,2025-09-26,,,,Sales,Sales Development,IC4,Exempt,156000,0.2006,NY,White
EMP-1810,Elizabeth,Thompson,elizabeth.thompson@techcorp.com,Female,EMP-2092,2020-09-06,2023-11-04,Voluntary,Personal Reasons,Sales,Customer Success,M2,Exempt,174000,0.1282,IL,Hispanic or Latino
EMP-1811,Michael,Lopez,michael.lopez@techcorp.com,Male,EMP-2186,2018-04-09,,,,Sales,Customer Success,IC2,Non-Exempt,95000,0.1016,CA,Asian
EMP-1812,Carrie,Palmer,carrie.palmer@techcorp.com,Female,EMP-0722,2020-09-30,,,,Marketing,Marketing Operations,M3,Exempt,231000,0.1708,CA,Asian
EMP-1813,Jamie,Patterson,jamie.patterson@techcorp.com,Female,EMP-0434,2025-01-02,,,,Marketing,Demand Generation,M1,Exempt,150000,0.1598,NJ,White
EMP-1814,Justin,Anderson,justin.anderson1@techcorp.com,Male,EMP-1608,2021-02-21,,,,Marketing,Content Marketing,IC3,Exempt,119000,0.0825,CA,Hispanic or Latino
EMP-1815,Lauren,Scott,lauren.scott@techcorp.com,Female,EMP-1106,2022-02-07,,,,Finance,Tax,IC1,Non-Exempt,69000,0.0853,NY,Asian
EMP-1816,Gary,Mckinney,gary.mckinney@techcorp.com,Male,EMP-0268,2022-02-28,2025-12-15,Voluntary,Personal Reasons,Finance,Tax,Director,Exempt,241000,0.15,IL,White
EMP-1817,Brittney,Hernandez,brittney.hernandez@techcorp.com,Female,EMP-1549,2018-11-01,,,,Engineering,Infrastructure / DevOps,IC2,Exempt,90000,0.0517,CA,White
EMP-1818,Brent,Randolph,brent.randolph@techcorp.com,Non-Binary / Third Gender,EMP-2470,2025-07-02,2026-05-20,Involuntary,Reorganization,Engineering,Infrastructure / DevOps,IC4,Exempt,164000,0.0751,NJ,White
EMP-1819,Luis,Stanley,luis.stanley@techcorp.com,Male,EMP-2755,2021-04-24,,,,Finance,Tax,M2,Exempt,193000,0.009,CA,Black or African American
EMP-1820,Katherine,Armstrong,katherine.armstrong@techcorp.com,Female,EMP-0943,2018-04-16,2024-07-06,Voluntary,Personal Reasons,Product,Product Operations,IC1,Exempt,83000,0.082,NY,White
EMP-1821,Heather,Bowers,heather.bowers@techcorp.com,Female,EMP-2930,2020-08-14,,,,Engineering,QA Engineering,IC3,Exempt,124000,0.1191,CA,White
EMP-1822,Evan,Robinson,evan.robinson@techcorp.com,Male,EMP-0336,2024-03-09,,,,Product,Product Management,IC3,Exempt,116000,0.1246,CA,White
EMP-1823,Catherine,Jones,catherine.jones@techcorp.com,Female,EMP-2686,2025-12-07,,,,Engineering,Software Engineering,IC5,Exempt,170000,0.1226,TX,White
EMP-1824,Kathy,Perry,kathy.perry@techcorp.com,Female,EMP-2070,2020-08-27,,,,Engineering,Data Engineering,M3,Exempt,213000,0.15,CA,Asian
EMP-1825,Kimberly,Davis,kimberly.davis@techcorp.com,Female,EMP-2430,2019-04-12,,,,Sales,Sales Development,M2,Exempt,214000,0.2002,FL,White
EMP-1826,Daniel,Lewis,daniel.lewis@techcorp.com,Male,EMP-2984,2018-12-24,,,,Sales,Sales Development,IC1,Non-Exempt,70000,0.1226,CA,Hispanic or Latino
EMP-1827,Gary,Ward,gary.ward@techcorp.com,Male,EMP-0274,2024-12-11,,,,HR,Talent Acquisition,M2,Exempt,196000,0.0849,TX,Two or More Races
EMP-1828,Daniel,Goodwin,daniel.goodwin1@techcorp.com,Male,EMP-1829,2021-06-04,,,,Sales,Customer Success,IC1,Non-Exempt,66000,0.2045,WA,White
EMP-1829,Joseph,Barajas,joseph.barajas@techcorp.com,Male,EMP-0244,2022-01-16,,,,Sales,Sales Development,M2,Exempt,188000,0.2561,CA,White
EMP-1830,Rodney,Zavala,rodney.zavala@techcorp.com,Male,,2024-04-19,,,,Engineering,QA Engineering,VP,Exempt,362000,0.15,NY,White
EMP-1831,Adam,Caldwell,adam.caldwell@techcorp.com,Male,EMP-1861,2025-10-20,,,,HR,Talent Acquisition,IC3,Exempt,108000,0.0102,IL,White
EMP-1832,Jill,Conway,jill.conway@techcorp.com,Female,EMP-1121,2023-05-17,2024-11-06,Voluntary,Personal Reasons,Sales,Enterprise Sales,IC3,Exempt,106000,0.2533,CA,White
EMP-1833,Lisa,Oliver,lisa.oliver@techcorp.com,Female,EMP-0770,2024-08-23,,,,Legal,Privacy & Data,M3,Exempt,217000,0.1273,CA,Black or African American
EMP-1834,Tina,Fleming,tina.fleming@techcorp.com,Female,EMP-0726,2019-09-21,,,,Sales,Enterprise Sales,Director,Exempt,270000,0.248,CA,White
EMP-1835,Erica,Moon,erica.moon@techcorp.com,Female,EMP-0936,2025-03-16,,,,Legal,Privacy & Data,M2,Exempt,209000,0.0977,WA,Hispanic or Latino
EMP-1836,Tony,Cruz,tony.cruz@techcorp.com,Male,EMP-0164,2020-04-22,,,,Engineering,Software Engineering,M1,Exempt,161000,0.1304,CA,White
EMP-1837,Joshua,Campbell,joshua.campbell@techcorp.com,Male,EMP-2148,2024-10-12,2025-02-05,Voluntary,Career Move,Legal,Compliance,IC1,Non-Exempt,77000,0.0523,NJ,White
EMP-1838,Susan,Short,susan.short@techcorp.com,Female,EMP-1859,2021-01-28,,,,Finance,Financial Planning & Analysis,IC4,Exempt,152000,0.0297,CA,White
EMP-1839,Jaime,Lang,jaime.lang@techcorp.com,Female,EMP-2715,2024-03-11,,,,Product,Product Operations,IC1,Exempt,72000,0.1276,CA,White
EMP-1840,Jill,Williams,jill.williams@techcorp.com,Female,,2024-01-28,,,,Engineering,Data Engineering,VP,Exempt,349000,0.15,NY,White
EMP-1841,James,Palmer,james.palmer@techcorp.com,Non-Binary / Third Gender,EMP-2931,2020-05-16,,,,Product,Product Management,IC2,Exempt,104000,0.0643,WA,Black or African American
EMP-1842,Tiffany,Jackson,tiffany.jackson@techcorp.com,Female,,2024-04-23,,,,HR,HR Business Partnering,VP,Exempt,295000,0.1428,CA,White
EMP-1843,Tyler,Medina,tyler.medina@techcorp.com,Male,EMP-1670,2022-01-31,,,,Legal,Compliance,IC4,Exempt,145000,0.0899,CA,White
EMP-1844,Adam,Jones,adam.jones@techcorp.com,Male,EMP-0330,2018-12-28,,,,Finance,Accounting,IC3,Exempt,106000,0.0342,NY,White
EMP-1845,Meagan,Ayala,meagan.ayala@techcorp.com,Female,EMP-1661,2022-06-25,,,,Engineering,Software Engineering,M3,Exempt,205000,0.15,NY,White
EMP-1846,Sean,Coleman,sean.coleman@techcorp.com,Male,EMP-1370,2020-11-02,,,,Marketing,Demand Generation,M1,Exempt,143000,0.0321,CA,White
EMP-1847,Brian,Medina,brian.medina@techcorp.com,Male,EMP-0391,2018-10-08,,,,Legal,Corporate Legal,IC3,Exempt,117000,0.0381,CA,White
EMP-1848,Michele,Cherry,michele.cherry@techcorp.com,Female,EMP-1710,2022-03-17,,,,Legal,Compliance,IC1,Non-Exempt,62000,0.0379,NY,Hispanic or Latino
EMP-1849,Patricia,Lucas,patricia.lucas@techcorp.com,Female,EMP-1990,2020-11-23,,,,Sales,Sales Development,IC1,Non-Exempt,75000,0.1752,CA,White
EMP-1850,Teresa,Burgess,teresa.burgess@techcorp.com,Female,EMP-1591,2020-08-06,2026-05-09,Involuntary,Performance,Sales,Revenue Operations,IC1,Non-Exempt,80000,0.2972,NJ,White
EMP-1851,Christian,Stevens,christian.stevens@techcorp.com,Male,EMP-2146,2019-01-15,,,,Sales,Customer Success,IC3,Exempt,134000,0.2109,CA,White
EMP-1852,Evelyn,Miller,evelyn.miller@techcorp.com,Female,EMP-0451,2023-11-11,,,,Engineering,Security Engineering,IC2,Exempt,100000,0.0707,CA,White
EMP-1853,Amy,Bauer,amy.bauer@techcorp.com,Female,EMP-2689,2022-12-28,,,,Legal,Privacy & Data,IC1,Non-Exempt,72000,0.0021,TX,Hispanic or Latino
EMP-1854,Kristin,Andrews,kristin.andrews@techcorp.com,Female,EMP-2500,2022-01-17,,,,Engineering,Software Engineering,IC5,Exempt,179000,0.0104,NY,Hispanic or Latino
EMP-1855,Darren,Green,darren.green@techcorp.com,Male,EMP-0970,2018-03-20,,,,HR,HR Business Partnering,IC5,Exempt,196000,0.0633,CA,White
EMP-1856,James,Mccoy,james.mccoy@techcorp.com,Male,EMP-1861,2024-06-18,,,,Sales,Enterprise Sales,IC3,Exempt,139000,0.081,NJ,White
EMP-1857,Jeffrey,Smith,jeffrey.smith1@techcorp.com,Male,EMP-2165,2018-12-13,,,,Engineering,Software Engineering,IC5,Exempt,189000,0.0622,NY,White
EMP-1858,Michael,Nichols,michael.nichols@techcorp.com,Male,EMP-0912,2026-01-21,,,,Product,Product Management,IC1,Exempt,77000,0.067,CA,White
EMP-1859,Margaret,Montgomery,margaret.montgomery@techcorp.com,Female,EMP-0585,2025-07-24,2026-06-26,Voluntary,Compensation,HR,Talent Acquisition,M1,Exempt,174000,0.0854,TX,Black or African American
EMP-1860,Peter,Richards,peter.richards@techcorp.com,Male,EMP-1620,2019-02-28,,,,Product,Product Management,M2,Exempt,199000,0.0934,TX,White
EMP-1861,Michael,Jones,michael.jones1@techcorp.com,Male,EMP-2768,2024-05-08,,,,Sales,Enterprise Sales,M1,Exempt,165000,0.0725,IL,White
EMP-1862,Tanya,Rodriguez,tanya.rodriguez@techcorp.com,Female,EMP-0300,2019-09-06,,,,Marketing,Marketing Operations,IC3,Exempt,121000,0.0384,CA,White
EMP-1863,Richard,Turner,richard.turner@techcorp.com,Male,EMP-0541,2018-07-17,,,,Finance,Accounting,IC1,Non-Exempt,72000,0.0489,CA,White
EMP-1864,Brandon,Hubbard,brandon.hubbard@techcorp.com,Male,EMP-1257,2026-03-05,,,,Sales,Account Management,IC4,Exempt,165000,0.2663,WA,Asian
EMP-1865,Jeffrey,Foster,jeffrey.foster@techcorp.com,Male,EMP-0187,2024-06-20,,,,Sales,Account Management,IC1,Non-Exempt,62000,0.1541,CA,Asian
EMP-1866,Mary,Wells,mary.wells@techcorp.com,Female,EMP-0007,2025-04-14,,,,Product,Product Management,IC1,Exempt,79000,0.1097,IL,White
EMP-1867,Kim,Taylor,kim.taylor@techcorp.com,Female,EMP-0301,2023-06-28,,,,HR,Learning & Development,IC2,Exempt,109000,0.081,FL,Asian
EMP-1868,Jeanne,Salinas,jeanne.salinas@techcorp.com,Female,EMP-1331,2023-07-23,,,,Legal,Privacy & Data,IC2,Exempt,80000,0.0469,TX,White
EMP-1869,Joshua,Choi,joshua.choi@techcorp.com,Male,EMP-2733,2021-10-01,,,,Sales,Account Management,IC2,Non-Exempt,84000,0.2377,FL,White
EMP-1870,Charles,Byrd,charles.byrd@techcorp.com,Male,EMP-1196,2019-11-11,,,,Sales,Revenue Operations,IC3,Exempt,118000,0.2929,CA,White
EMP-1871,Suzanne,Norton,suzanne.norton@techcorp.com,Female,EMP-0645,2020-04-12,,,,HR,Learning & Development,IC5,Exempt,195000,0.0995,TX,White
EMP-1872,Nicholas,Brooks,nicholas.brooks@techcorp.com,Male,EMP-2828,2025-07-01,,,,Product,Product Operations,M3,Exempt,205000,0.15,FL,Black or African American
EMP-1873,Tiffany,Spencer,tiffany.spencer@techcorp.com,Female,EMP-2686,2023-04-19,,,,Sales,Account Management,IC2,Non-Exempt,101000,0.2373,IL,White
EMP-1874,Justin,Martinez,justin.martinez@techcorp.com,Male,EMP-2580,2023-11-01,2025-11-30,Involuntary,Performance,Product,Product Management,IC5,Exempt,198000,0.0768,FL,Asian
EMP-1875,Aaron,Carlson,aaron.carlson@techcorp.com,Male,EMP-1331,2024-05-26,,,,Engineering,Infrastructure / DevOps,IC1,Exempt,70000,0.0757,TX,Hispanic or Latino
EMP-1876,Joshua,Arroyo,joshua.arroyo@techcorp.com,Male,EMP-2042,2019-12-22,,,,Product,Product Management,IC4,Exempt,145000,0.116,NY,White
EMP-1877,Eric,Goodman,eric.goodman@techcorp.com,Male,EMP-1061,2023-08-19,,,,Sales,Account Management,IC4,Exempt,146000,0.1965,NY,White
EMP-1878,Steven,Cooper,steven.cooper@techcorp.com,Male,EMP-1746,2018-06-15,,,,Product,Product Management,IC1,Exempt,66000,0.0325,FL,White
EMP-1879,Jennifer,Brewer,jennifer.brewer@techcorp.com,Female,EMP-0645,2022-05-13,,,,Finance,Tax,IC1,Non-Exempt,67000,0.143,NY,White
EMP-1880,Jose,Martin,jose.martin@techcorp.com,Male,EMP-0973,2026-01-10,,,,Sales,Account Management,IC3,Exempt,108000,0.1654,NJ,White
EMP-1881,Connie,Davenport,connie.davenport@techcorp.com,Female,EMP-2995,2019-08-24,,,,Sales,Sales Development,IC2,Non-Exempt,87000,0.1499,NY,White
EMP-1882,Cory,White,cory.white@techcorp.com,Male,EMP-1318,2023-05-30,,,,Finance,Internal Audit,IC4,Exempt,146000,0.1396,CA,Black or African American
EMP-1883,Melissa,York,melissa.york@techcorp.com,Non-Binary / Third Gender,EMP-2261,2020-11-22,2025-10-09,Involuntary,Reorganization,Engineering,Data Engineering,M2,Exempt,185000,0.1416,FL,White
EMP-1884,Timothy,Gamble,timothy.gamble@techcorp.com,Male,EMP-1927,2026-03-23,,,,Sales,Account Management,IC4,Exempt,135000,0.2232,NY,Hispanic or Latino
EMP-1885,Joel,Dunn,joel.dunn@techcorp.com,Male,EMP-1091,2020-04-17,,,,Engineering,Security Engineering,IC2,Exempt,86000,0.0296,CA,Hispanic or Latino
EMP-1886,Earl,Jones,earl.jones@techcorp.com,Male,EMP-2896,2025-02-12,,,,Finance,Financial Planning & Analysis,IC1,Non-Exempt,63000,0.0969,IL,Hispanic or Latino
EMP-1887,Annette,Swanson,annette.swanson@techcorp.com,Female,EMP-1659,2022-12-07,,,,Finance,Internal Audit,M2,Exempt,208000,0.0988,TX,White
EMP-1888,Katelyn,Rivera,katelyn.rivera@techcorp.com,Female,EMP-1181,2025-12-01,,,,Sales,Revenue Operations,IC2,Non-Exempt,88000,0.2052,FL,White
EMP-1889,Bethany,Rios,bethany.rios@techcorp.com,Female,EMP-1023,2021-03-31,,,,Marketing,Brand,IC4,Exempt,143000,0.111,TX,White
EMP-1890,Ariel,Harvey,ariel.harvey@techcorp.com,Female,EMP-2148,2019-06-28,,,,Finance,Internal Audit,IC2,Exempt,113000,0.032,NJ,White
EMP-1891,Stephanie,Stewart,stephanie.stewart@techcorp.com,Female,EMP-2620,2018-11-25,,,,Marketing,Brand,IC1,Non-Exempt,66000,0.0297,TX,White
EMP-1892,Jerry,Jensen,jerry.jensen@techcorp.com,Male,EMP-0300,2026-02-27,,,,Legal,Corporate Legal,IC1,Non-Exempt,63000,0.0403,NY,Black or African American
EMP-1893,Eric,Silva,eric.silva@techcorp.com,Male,EMP-0321,2021-05-04,,,,Engineering,Security Engineering,IC5,Exempt,189000,0.014,NY,White
EMP-1894,Krystal,Diaz,krystal.diaz@techcorp.com,Female,EMP-1052,2018-12-31,,,,Sales,Account Management,IC5,Exempt,172000,0.1337,NY,Black or African American
EMP-1895,Emily,Patterson,emily.patterson@techcorp.com,Female,EMP-1592,2020-09-18,,,,Sales,Revenue Operations,IC2,Non-Exempt,92000,0.1932,WA,White
EMP-1896,Abigail,Sanchez,abigail.sanchez@techcorp.com,Female,EMP-2035,2021-11-25,,,,Engineering,QA Engineering,IC4,Exempt,136000,0.0429,NY,Hispanic or Latino
EMP-1897,Connie,Singh,connie.singh@techcorp.com,Female,EMP-1859,2018-05-09,,,,Product,Product Management,IC3,Exempt,130000,0.1278,CA,White
EMP-1898,Jeffrey,Larsen,jeffrey.larsen@techcorp.com,Male,EMP-0084,2025-05-14,,,,HR,People Operations,IC3,Exempt,111000,0.0845,CA,Asian
EMP-1899,Brandy,Quinn,brandy.quinn@techcorp.com,Female,EMP-0419,2023-01-26,2023-11-05,Voluntary,Career Move,Engineering,QA Engineering,IC4,Exempt,149000,0.0898,CA,Hispanic or Latino
EMP-1900,Shawn,Ford,shawn.ford@techcorp.com,Male,EMP-0582,2021-05-23,,,,Sales,Customer Success,IC2,Non-Exempt,99000,0.1491,WA,White
EMP-1901,Ian,Torres,ian.torres@techcorp.com,Male,EMP-2268,2023-01-07,,,,Engineering,Infrastructure / DevOps,IC2,Exempt,108000,0.0942,CA,White
EMP-1902,Juan,Thompson,juan.thompson@techcorp.com,Male,EMP-1028,2018-08-27,,,,HR,Learning & Development,IC5,Exempt,183000,0.0719,NY,Asian
EMP-1903,Lawrence,Wilkinson,lawrence.wilkinson@techcorp.com,Male,EMP-2912,2025-12-06,,,,Marketing,Brand,M1,Exempt,162000,0.1007,CA,White
EMP-1904,Shannon,Taylor,shannon.taylor@techcorp.com,Female,EMP-2746,2023-07-16,,,,Finance,Accounting,IC2,Exempt,111000,0.1453,TX,Hispanic or Latino
EMP-1905,Joshua,Baker,joshua.baker@techcorp.com,Male,EMP-2824,2018-12-26,,,,Marketing,Marketing Operations,IC3,Exempt,111000,0.0426,IL,Hispanic or Latino
EMP-1906,Stephen,Jones,stephen.jones@techcorp.com,Male,EMP-1480,2020-10-02,2022-08-09,Involuntary,Performance,Engineering,QA Engineering,IC4,Exempt,144000,0.0909,NY,White
EMP-1907,Bernard,Smith,bernard.smith@techcorp.com,Male,EMP-1188,2019-09-06,,,,Engineering,Data Engineering,IC1,Exempt,68000,0.1291,TX,Black or African American
EMP-1908,Jonathon,Johnson,jonathon.johnson@techcorp.com,Male,EMP-1968,2020-06-29,,,,Sales,Enterprise Sales,IC3,Exempt,128000,0.108,CA,White
EMP-1909,Kevin,Sullivan,kevin.sullivan@techcorp.com,Male,EMP-0582,2020-02-04,,,,Sales,Account Management,IC1,Non-Exempt,74000,0.1472,NJ,White
EMP-1910,Kevin,Escobar,kevin.escobar@techcorp.com,Male,EMP-1560,2018-07-04,,,,Sales,Sales Development,IC3,Exempt,115000,0.1276,TX,White
EMP-1911,Kristen,Stephens,kristen.stephens@techcorp.com,Female,EMP-1264,2018-08-29,,,,Sales,Sales Development,IC4,Exempt,138000,0.1149,CA,White
EMP-1912,Yvonne,Kennedy,yvonne.kennedy@techcorp.com,Female,EMP-0786,2020-08-31,2026-06-24,Voluntary,Compensation,Finance,Internal Audit,IC3,Exempt,141000,0.0608,NY,White
EMP-1913,Patricia,Diaz,patricia.diaz@techcorp.com,Female,EMP-0286,2024-10-02,,,,Sales,Sales Development,IC2,Non-Exempt,100000,0.1432,IL,White
EMP-1914,Courtney,Barton,courtney.barton@techcorp.com,Female,EMP-2459,2021-07-16,,,,Engineering,Software Engineering,IC2,Exempt,99000,0.0103,TX,Black or African American
EMP-1915,Morgan,Carter,morgan.carter@techcorp.com,Female,EMP-1135,2021-12-20,,,,Sales,Revenue Operations,IC3,Exempt,117000,0.1855,IL,White
EMP-1916,William,Sanders,william.sanders@techcorp.com,Non-Binary / Third Gender,EMP-0821,2022-07-02,,,,Engineering,Infrastructure / DevOps,IC2,Exempt,103000,0.065,CA,White
EMP-1917,Jonathan,Bates,jonathan.bates@techcorp.com,Male,EMP-0007,2018-11-11,2026-06-17,Involuntary,Performance,Finance,Treasury,IC2,Exempt,88000,0.0017,NY,Asian
EMP-1918,Sarah,Drake,sarah.drake@techcorp.com,Female,EMP-2746,2024-09-24,,,,Marketing,Product Marketing,IC3,Exempt,108000,0.1733,CA,Black or African American
EMP-1919,Lisa,Martin,lisa.martin@techcorp.com,Female,EMP-0321,2024-06-19,,,,Product,UX / Design,IC2,Exempt,81000,0.0202,TX,Asian
EMP-1920,Kayla,Griffin,kayla.griffin@techcorp.com,Female,EMP-0884,2020-05-23,2025-08-02,Voluntary,Compensation,Legal,Privacy & Data,IC3,Exempt,131000,0.0255,IL,White
EMP-1921,Christopher,Fry,christopher.fry@techcorp.com,Male,EMP-1264,2020-01-13,2026-02-19,Voluntary,Compensation,Legal,Corporate Legal,M1,Exempt,175000,0.0168,FL,Hispanic or Latino
EMP-1922,Matthew,Faulkner,matthew.faulkner@techcorp.com,Male,EMP-0576,2018-09-17,,,,Marketing,Marketing Operations,IC3,Exempt,116000,0.0219,FL,Black or African American
EMP-1923,Nancy,Webb,nancy.webb@techcorp.com,Female,EMP-2809,2020-01-16,,,,Engineering,QA Engineering,IC4,Exempt,155000,0.1312,TX,White
EMP-1924,Ian,Robinson,ian.robinson@techcorp.com,Male,EMP-1382,2021-03-11,,,,HR,Total Rewards,IC4,Exempt,148000,0.0666,FL,Hispanic or Latino
EMP-1925,Katherine,Brown,katherine.brown@techcorp.com,Female,EMP-1819,2018-07-18,,,,Sales,Enterprise Sales,IC1,Non-Exempt,67000,0.1359,CA,White
EMP-1926,Jacob,Williams,jacob.williams@techcorp.com,Male,EMP-0187,2022-09-26,,,,Sales,Account Management,IC3,Exempt,127000,0.1512,CA,White
EMP-1927,Daniel,Velez,daniel.velez@techcorp.com,Male,EMP-0864,2024-01-26,,,,Finance,Financial Planning & Analysis,M1,Exempt,166000,0.0749,CA,White
EMP-1928,Isaiah,Harrison,isaiah.harrison@techcorp.com,Male,EMP-0316,2021-12-14,,,,Sales,Account Management,IC5,Exempt,189000,0.0529,FL,Black or African American
EMP-1929,Jordan,Williams,jordan.williams1@techcorp.com,Female,EMP-0411,2023-08-17,,,,Product,Product Management,IC2,Exempt,98000,0.0198,WA,White
EMP-1930,Veronica,Nguyen,veronica.nguyen@techcorp.com,Female,EMP-0300,2018-06-16,,,,Engineering,Security Engineering,M1,Exempt,151000,0.0913,CA,White
EMP-1931,Michele,Boyd,michele.boyd@techcorp.com,Female,EMP-2264,2025-04-18,,,,Finance,Internal Audit,IC5,Exempt,192000,0.0128,IL,Hispanic or Latino
EMP-1932,Sandra,Davenport,sandra.davenport@techcorp.com,Female,EMP-0021,2021-11-15,,,,Engineering,Data Engineering,IC3,Exempt,106000,0.0586,IL,White
EMP-1933,Deborah,Stephens,deborah.stephens@techcorp.com,Female,EMP-1810,2022-06-30,,,,Product,Product Management,IC1,Exempt,69000,0.044,FL,Black or African American
EMP-1934,Carrie,Valdez,carrie.valdez@techcorp.com,Female,EMP-2904,2019-07-06,,,,Engineering,Security Engineering,IC3,Exempt,127000,0.121,WA,White
EMP-1935,Holly,Valdez,holly.valdez@techcorp.com,Female,EMP-2297,2018-02-02,,,,Sales,Sales Development,IC1,Non-Exempt,77000,0.1805,CA,Asian
EMP-1936,Sara,Black,sara.black@techcorp.com,Female,,2023-08-01,,,,Marketing,Product Marketing,VP,Exempt,380000,0.1589,CA,Black or African American
EMP-1937,Jamie,Solomon,jamie.solomon@techcorp.com,Female,EMP-2627,2021-01-25,,,,Legal,Compliance,M3,Exempt,249000,0.12,NY,Hispanic or Latino
EMP-1938,Jose,Gomez,jose.gomez@techcorp.com,Male,EMP-1634,2018-08-20,,,,Engineering,QA Engineering,IC1,Exempt,75000,0.0012,NY,Hispanic or Latino
EMP-1939,Sean,Tucker,sean.tucker@techcorp.com,Male,EMP-0061,2018-12-26,,,,Marketing,Content Marketing,M3,Exempt,229000,0.1655,NY,White
EMP-1940,Karen,Munoz,karen.munoz@techcorp.com,Female,EMP-1188,2024-12-29,,,,Engineering,Data Engineering,IC1,Exempt,73000,0.0224,CA,Hispanic or Latino
EMP-1941,Kathryn,Taylor,kathryn.taylor@techcorp.com,Female,EMP-1188,2026-05-07,,,,Product,Product Management,IC2,Exempt,98000,0.1189,CA,Hispanic or Latino
EMP-1942,Carol,Jones,carol.jones@techcorp.com,Female,EMP-1547,2021-02-25,,,,Sales,Account Management,IC5,Exempt,188000,0.1846,NJ,White
EMP-1943,Maria,Lewis,maria.lewis@techcorp.com,Female,EMP-2311,2020-03-17,,,,Sales,Revenue Operations,IC5,Exempt,207000,0.1704,NJ,White
EMP-1944,Chelsea,Cox,chelsea.cox1@techcorp.com,Female,EMP-2462,2024-12-25,,,,Engineering,Infrastructure / DevOps,Director,Exempt,294000,0.15,TX,White
EMP-1945,Mitchell,Wilson,mitchell.wilson@techcorp.com,Male,EMP-0021,2019-10-29,,,,Product,UX / Design,IC4,Exempt,153000,0.0695,NJ,Hispanic or Latino
EMP-1946,David,Shepherd,david.shepherd@techcorp.com,Male,EMP-1052,2021-03-02,,,,Engineering,QA Engineering,IC4,Exempt,154000,0.0626,NJ,White
EMP-1947,Michelle,Olson,michelle.olson@techcorp.com,Female,,2025-01-10,2026-05-15,Voluntary,Compensation,Sales,Sales Development,VP,Exempt,311000,0.1943,CA,Hispanic or Latino
EMP-1948,John,Clark,john.clark@techcorp.com,Male,EMP-1950,2025-08-15,,,,Product,Product Operations,IC2,Exempt,99000,0.083,NY,Two or More Races
EMP-1949,Candace,Whitaker,candace.whitaker@techcorp.com,Female,EMP-2261,2024-03-19,,,,Product,Product Operations,M1,Exempt,148000,0.0766,NY,White
EMP-1950,Alison,Williams,alison.williams@techcorp.com,Female,EMP-0357,2022-11-18,2026-05-06,Involuntary,Reorganization,Legal,Privacy & Data,M2,Exempt,211000,0.0079,TX,White
EMP-1951,Laura,Martin,laura.martin@techcorp.com,Female,EMP-1188,2024-03-25,,,,Engineering,QA Engineering,IC2,Exempt,98000,0.0154,NJ,Hispanic or Latino
EMP-1952,Mark,Williams,mark.williams1@techcorp.com,Male,EMP-1345,2018-12-03,,,,Engineering,QA Engineering,IC4,Exempt,155000,0.0395,CA,Black or African American
EMP-1953,Laura,Brown,laura.brown@techcorp.com,Female,EMP-2926,2021-02-10,,,,Product,UX / Design,IC4,Exempt,144000,0.0886,IL,White
EMP-1954,Deanna,White,deanna.white@techcorp.com,Female,EMP-2137,2021-07-01,,,,Engineering,QA Engineering,IC4,Exempt,156000,0.032,TX,Hispanic or Latino
EMP-1955,Tina,Greene,tina.greene@techcorp.com,Female,EMP-2392,2020-09-22,,,,Marketing,Brand,IC5,Exempt,186000,0.1679,CA,White
EMP-1956,Justin,Smith,justin.smith1@techcorp.com,Male,EMP-1541,2025-02-06,,,,Marketing,Product Marketing,IC2,Exempt,86000,0.1128,TX,White
EMP-1957,Michelle,Stanley,michelle.stanley@techcorp.com,Female,EMP-0380,2023-11-15,,,,Finance,Internal Audit,IC1,Non-Exempt,65000,0.1399,TX,White
EMP-1958,Diane,Miller,diane.miller@techcorp.com,Female,EMP-2857,2020-11-11,,,,Engineering,Data Engineering,IC4,Exempt,139000,0.1466,CA,White
EMP-1959,Joann,Haney,joann.haney@techcorp.com,Female,EMP-2429,2024-10-02,,,,Marketing,Brand,IC3,Exempt,124000,0.0074,IL,White
EMP-1960,Sean,Jackson,sean.jackson@techcorp.com,Male,EMP-1827,2024-03-25,2026-04-10,Voluntary,Compensation,Finance,Tax,IC5,Exempt,171000,0.0603,IL,White
EMP-1961,Ronald,Burke,ronald.burke@techcorp.com,Male,EMP-1028,2019-07-25,,,,Sales,Sales Development,IC2,Non-Exempt,101000,0.1874,CA,Black or African American
EMP-1962,Rebecca,Hoover,rebecca.hoover@techcorp.com,Female,EMP-1230,2024-01-16,,,,Engineering,Data Engineering,IC2,Exempt,94000,0.1243,CA,Black or African American
EMP-1963,Christopher,Keller,christopher.keller@techcorp.com,Male,EMP-0702,2022-12-09,,,,HR,HR Business Partnering,IC2,Exempt,99000,0.085,CA,White
EMP-1964,Dennis,Ramsey,dennis.ramsey@techcorp.com,Male,EMP-2100,2022-07-01,,,,Product,Product Operations,IC2,Exempt,104000,0.0049,CA,White
EMP-1965,Grace,Chavez,grace.chavez@techcorp.com,Female,EMP-0007,2020-10-30,,,,Finance,Tax,IC5,Exempt,194000,0.0147,NJ,White
EMP-1966,Leslie,Hall,leslie.hall@techcorp.com,Female,EMP-0200,2020-01-13,,,,Product,Product Management,IC3,Exempt,106000,0.0583,CA,White
EMP-1967,James,Rodriguez,james.rodriguez@techcorp.com,Male,EMP-0973,2018-03-19,,,,Finance,Tax,IC4,Exempt,152000,0.1089,CA,White
EMP-1968,Dale,Heath,dale.heath@techcorp.com,Male,EMP-2060,2024-07-01,,,,Engineering,QA Engineering,M1,Exempt,169000,0.1107,NJ,Black or African American
EMP-1969,Jonathan,Barnes,jonathan.barnes@techcorp.com,Male,EMP-0875,2020-03-19,,,,Sales,Account Management,IC2,Non-Exempt,85000,0.2633,CA,Hispanic or Latino
EMP-1970,Brittany,Davis,brittany.davis@techcorp.com,Female,EMP-0565,2023-06-26,,,,Product,UX / Design,IC2,Exempt,92000,0.078,NY,White
EMP-1971,Karen,Mendez,karen.mendez@techcorp.com,Female,EMP-2110,2022-10-08,,,,Finance,Financial Planning & Analysis,IC2,Exempt,85000,0.144,CA,White
EMP-1972,Andrew,Bowers,andrew.bowers@techcorp.com,Male,EMP-0952,2021-05-04,,,,Engineering,Data Engineering,M3,Exempt,240000,0.15,CA,White
EMP-1973,Kathy,Wilson,kathy.wilson@techcorp.com,Female,EMP-1476,2018-04-23,,,,Product,Product Operations,IC5,Exempt,163000,0.0298,TX,White
EMP-1974,Karen,Anderson,karen.anderson@techcorp.com,Female,EMP-2241,2023-08-08,,,,Sales,Customer Success,IC1,Non-Exempt,63000,0.0686,WA,Hispanic or Latino
EMP-1975,Larry,Carey,larry.carey@techcorp.com,Male,EMP-1496,2023-11-19,,,,Sales,Revenue Operations,M1,Exempt,133000,0.2834,NJ,Asian
EMP-1976,Steven,Hampton,steven.hampton@techcorp.com,Male,EMP-2935,2024-10-16,,,,Marketing,Product Marketing,IC2,Exempt,94000,0.0831,NJ,Hispanic or Latino
EMP-1977,Marie,Boyd,marie.boyd@techcorp.com,Female,EMP-1257,2023-01-26,,,,Sales,Sales Development,IC5,Exempt,194000,0.196,NY,White
EMP-1978,Jacqueline,Williams,jacqueline.williams@techcorp.com,Female,EMP-0099,2020-01-13,,,,Sales,Enterprise Sales,M2,Exempt,176000,0.2778,CA,White
EMP-1979,Joseph,Perez,joseph.perez@techcorp.com,Male,EMP-0565,2023-04-05,,,,Engineering,Software Engineering,IC2,Exempt,102000,0.1129,NY,Asian
EMP-1980,Robert,Clarke,robert.clarke@techcorp.com,Male,EMP-2849,2019-05-01,,,,Engineering,Software Engineering,IC3,Exempt,129000,0.0462,TX,Black or African American
EMP-1981,Brianna,Figueroa,brianna.figueroa@techcorp.com,Non-Binary / Third Gender,EMP-0794,2022-08-22,,,,HR,Talent Acquisition,IC1,Non-Exempt,83000,0.0703,TX,White
EMP-1982,Pam,Horton,pam.horton@techcorp.com,Female,EMP-1950,2018-05-24,,,,Engineering,Infrastructure / DevOps,IC1,Exempt,74000,0.0907,CA,White
EMP-1983,Brent,Anderson,brent.anderson@techcorp.com,Male,EMP-1128,2025-10-25,,,,Sales,Sales Development,IC3,Exempt,135000,0.1527,CA,White
EMP-1984,John,Hall,john.hall@techcorp.com,Male,EMP-2170,2023-07-01,,,,Sales,Revenue Operations,IC4,Exempt,172000,0.2145,IL,Hispanic or Latino
EMP-1985,Shannon,Campbell,shannon.campbell@techcorp.com,Female,EMP-2267,2025-05-10,,,,Legal,Employment Law,IC1,Non-Exempt,68000,0.0275,TX,White
EMP-1986,Sherri,Ortiz,sherri.ortiz@techcorp.com,Female,EMP-0194,2020-11-01,,,,Marketing,Demand Generation,IC5,Exempt,183000,0.1006,CA,White
EMP-1987,Chelsea,Fletcher,chelsea.fletcher@techcorp.com,Female,EMP-2137,2026-05-22,,,,Engineering,Infrastructure / DevOps,IC2,Exempt,95000,0.0472,CA,Hispanic or Latino
EMP-1988,Rachel,Lane,rachel.lane@techcorp.com,Female,EMP-0262,2018-04-21,,,,HR,HR Business Partnering,IC2,Exempt,91000,0.0978,CA,Black or African American
EMP-1989,Bruce,Smith,bruce.smith@techcorp.com,Male,EMP-1440,2023-11-21,,,,Product,Product Management,IC4,Exempt,150000,0.0798,CA,White
EMP-1990,Matthew,Watts,matthew.watts@techcorp.com,Male,EMP-2052,2026-04-21,,,,Legal,Corporate Legal,M1,Exempt,154000,0.0277,NJ,White
EMP-1991,Emily,Cox,emily.cox@techcorp.com,Female,EMP-2060,2018-08-15,,,,Sales,Enterprise Sales,IC1,Non-Exempt,69000,0.0503,IL,White
EMP-1992,Christopher,Pearson,christopher.pearson@techcorp.com,Male,EMP-1784,2023-12-24,,,,HR,People Operations,IC3,Exempt,131000,0.0518,CA,White
EMP-1993,David,Wyatt,david.wyatt@techcorp.com,Male,EMP-0445,2026-05-12,,,,Marketing,Demand Generation,IC2,Exempt,86000,0.1531,WA,Asian
EMP-1994,Jessica,Diaz,jessica.diaz@techcorp.com,Female,EMP-2240,2024-05-25,,,,Legal,Privacy & Data,M1,Exempt,160000,0.0336,CA,White
EMP-1995,Donald,Becker,donald.becker@techcorp.com,Male,EMP-0963,2023-06-02,,,,Product,Product Management,IC5,Exempt,176000,0.0641,NY,White
EMP-1996,Nicole,Gutierrez,nicole.gutierrez@techcorp.com,Female,EMP-2297,2020-05-30,,,,Product,UX / Design,IC2,Exempt,94000,0.0983,CA,Asian
EMP-1997,Richard,Olson,richard.olson@techcorp.com,Male,EMP-0303,2025-03-11,,,,Finance,Financial Planning & Analysis,IC3,Exempt,128000,0.0721,NY,Hispanic or Latino
EMP-1998,Jacob,Peters,jacob.peters@techcorp.com,Male,EMP-1819,2024-09-22,,,,Sales,Sales Development,IC5,Exempt,176000,0.2297,IL,Black or African American
EMP-1999,David,Parker,david.parker1@techcorp.com,Male,EMP-0844,2025-03-25,,,,Finance,Treasury,IC2,Exempt,107000,0.0013,FL,White
EMP-2000,Haley,Thornton,haley.thornton@techcorp.com,Female,EMP-2917,2025-01-16,,,,Sales,Revenue Operations,IC2,Non-Exempt,101000,0.1408,IL,Black or African American
EMP-2001,Noah,Wyatt,noah.wyatt@techcorp.com,Male,EMP-1345,2023-02-07,,,,Engineering,Infrastructure / DevOps,IC1,Exempt,71000,0.0807,TX,White
EMP-2002,Mary,Adkins,mary.adkins@techcorp.com,Female,EMP-1968,2021-12-09,,,,Product,UX / Design,IC4,Exempt,152000,0.1395,NY,White
EMP-2003,Jeremy,Lyons,jeremy.lyons@techcorp.com,Male,EMP-1592,2018-08-25,,,,Sales,Customer Success,IC2,Non-Exempt,88000,0.0794,NY,Black or African American
EMP-2004,Candice,Lewis,candice.lewis@techcorp.com,Female,EMP-2026,2018-12-05,,,,Product,UX / Design,IC2,Exempt,92000,0.0779,FL,White
EMP-2005,Jennifer,Morgan,jennifer.morgan@techcorp.com,Female,EMP-2830,2020-12-30,,,,Sales,Account Management,IC2,Non-Exempt,85000,0.2147,IL,Two or More Races
EMP-2006,Krista,Terry,krista.terry@techcorp.com,Female,EMP-1768,2023-03-04,,,,Engineering,QA Engineering,M3,Exempt,231000,0.15,NJ,White
EMP-2007,Michael,Martin,michael.martin@techcorp.com,Male,EMP-1026,2025-04-12,,,,Product,Product Management,M1,Exempt,175000,0.0911,TX,Hispanic or Latino
EMP-2008,Vincent,Smith,vincent.smith@techcorp.com,Male,EMP-2207,2022-01-07,,,,HR,People Operations,M2,Exempt,188000,0.1163,WA,White
EMP-2009,Brandon,Thomas,brandon.thomas@techcorp.com,Male,EMP-0196,2025-08-28,,,,Legal,Privacy & Data,IC5,Exempt,180000,0.0163,CA,Black or African American
EMP-2010,Timothy,Graham,timothy.graham@techcorp.com,Male,EMP-1859,2018-01-18,,,,Engineering,Software Engineering,IC3,Exempt,127000,0.0301,FL,White
EMP-2011,Austin,Walker,austin.walker@techcorp.com,Male,EMP-2926,2018-08-16,,,,Engineering,QA Engineering,IC4,Exempt,148000,0.0187,FL,White
EMP-2012,Angela,Johnson,angela.johnson1@techcorp.com,Female,EMP-2190,2023-06-12,,,,Product,Product Operations,Director,Exempt,247000,0.15,NJ,Asian
EMP-2013,James,Joyce,james.joyce@techcorp.com,Male,EMP-2773,2021-09-11,2025-07-31,Voluntary,Compensation,Engineering,QA Engineering,M3,Exempt,209000,0.15,NY,White
EMP-2014,Lisa,Meyer,lisa.meyer@techcorp.com,Female,EMP-0265,2019-07-20,,,,Finance,Treasury,IC4,Exempt,158000,0.1278,TX,Black or African American
EMP-2015,Michael,Harper,michael.harper@techcorp.com,Male,EMP-2435,2022-01-24,2025-07-20,Voluntary,Personal Reasons,Product,Product Operations,IC5,Exempt,183000,0.0062,NJ,Black or African American
EMP-2016,Tracy,Wilkins,tracy.wilkins@techcorp.com,Male,EMP-0419,2026-03-01,,,,Legal,Compliance,IC3,Exempt,126000,0.0262,TX,White
EMP-2017,Margaret,Gonzales,margaret.gonzales@techcorp.com,Female,EMP-0703,2024-03-20,,,,Sales,Enterprise Sales,IC2,Non-Exempt,95000,0.0788,FL,White
EMP-2018,Dakota,Sandoval,dakota.sandoval@techcorp.com,Male,EMP-1249,2025-05-04,,,,Sales,Enterprise Sales,IC1,Non-Exempt,66000,0.228,CA,Asian
EMP-2019,Regina,Mitchell,regina.mitchell@techcorp.com,Female,EMP-1532,2022-08-19,,,,HR,Learning & Development,IC2,Exempt,103000,0.0613,NY,Hispanic or Latino
EMP-2020,Carol,Black,carol.black@techcorp.com,Non-Binary / Third Gender,EMP-0100,2023-09-11,,,,Finance,Treasury,IC5,Exempt,165000,0.0407,NY,White
EMP-2021,David,Jackson,david.jackson@techcorp.com,Male,EMP-0029,2020-01-07,,,,Engineering,QA Engineering,IC3,Exempt,114000,0.1062,CA,White
EMP-2022,Amanda,Allen,amanda.allen@techcorp.com,Female,EMP-1745,2024-07-31,,,,Engineering,Data Engineering,M1,Exempt,159000,0.0705,CA,White
EMP-2023,Aaron,Moore,aaron.moore@techcorp.com,Male,EMP-2137,2021-06-25,2025-02-25,Voluntary,Career Move,Product,Product Management,IC2,Exempt,106000,0.1017,IL,Asian
EMP-2024,Yesenia,Chan,yesenia.chan@techcorp.com,Female,EMP-2026,2021-11-08,,,,Engineering,Data Engineering,IC4,Exempt,158000,0.1367,NY,White
EMP-2025,Randall,Willis,randall.willis@techcorp.com,Non-Binary / Third Gender,EMP-0328,2023-07-04,,,,Sales,Sales Development,M1,Exempt,154000,0.1493,CA,White
EMP-2026,Kelly,Mclaughlin,kelly.mclaughlin@techcorp.com,Female,EMP-2952,2019-04-09,,,,Sales,Sales Development,M2,Exempt,175000,0.1741,IL,Black or African American
EMP-2027,Andrea,Davis,andrea.davis@techcorp.com,Female,EMP-0824,2022-02-02,,,,Sales,Enterprise Sales,IC3,Exempt,122000,0.2476,NY,Hispanic or Latino
EMP-2028,Duane,Gallegos,duane.gallegos@techcorp.com,Male,EMP-2728,2022-11-18,,,,Engineering,Data Engineering,Director,Exempt,277000,0.15,TX,Asian
EMP-2029,Thomas,Bailey,thomas.bailey@techcorp.com,Male,EMP-2130,2025-05-19,,,,Engineering,QA Engineering,IC3,Exempt,126000,0.1483,NY,White
EMP-2030,Victor,Hill,victor.hill@techcorp.com,Male,EMP-1819,2019-01-11,,,,Sales,Account Management,IC1,Non-Exempt,76000,0.2398,CA,White
EMP-2031,Larry,Lee,larry.lee@techcorp.com,Male,EMP-0950,2019-01-18,,,,HR,Learning & Development,IC2,Exempt,91000,0.0278,NY,White
EMP-2032,Tara,Andrews,tara.andrews@techcorp.com,Female,EMP-1123,2025-08-24,,,,Product,Product Management,IC2,Exempt,110000,0.1002,NY,White
EMP-2033,Richard,Rodriguez,richard.rodriguez@techcorp.com,Non-Binary / Third Gender,EMP-1476,2018-05-17,,,,Engineering,QA Engineering,IC4,Exempt,144000,0.1144,CA,White
EMP-2034,Andrea,Phillips,andrea.phillips@techcorp.com,Female,EMP-0434,2019-12-11,,,,Engineering,Software Engineering,M2,Exempt,191000,0.0428,CA,Hispanic or Latino
EMP-2035,Theresa,Pratt,theresa.pratt@techcorp.com,Female,EMP-0134,2024-08-03,,,,Legal,Corporate Legal,M1,Exempt,136000,0.056,FL,White
EMP-2036,Tina,Walter,tina.walter@techcorp.com,Female,EMP-2937,2023-12-04,,,,Product,Product Operations,IC1,Exempt,66000,0.1323,TX,Hispanic or Latino
EMP-2037,Robert,Andrews,robert.andrews@techcorp.com,Male,EMP-0196,2019-07-08,,,,HR,Talent Acquisition,IC5,Exempt,179000,0.0359,FL,White
EMP-2038,Michael,Church,michael.church@techcorp.com,Male,EMP-2165,2022-11-17,,,,Finance,Accounting,IC1,Non-Exempt,76000,0.115,NJ,White
EMP-2039,Justin,Carrillo,justin.carrillo@techcorp.com,Male,EMP-2495,2022-12-17,,,,Finance,Internal Audit,IC3,Exempt,122000,0.0491,CA,Hispanic or Latino
EMP-2040,Peter,Ali,peter.ali@techcorp.com,Male,EMP-0878,2023-11-27,2026-05-28,Voluntary,Personal Reasons,Product,UX / Design,IC4,Exempt,166000,0.0459,WA,White
EMP-2041,Jimmy,Murray,jimmy.murray@techcorp.com,Male,EMP-2131,2022-07-11,,,,Sales,Enterprise Sales,IC4,Exempt,167000,0.099,CA,Asian
EMP-2042,Kevin,Johnson,kevin.johnson@techcorp.com,Male,EMP-1467,2024-08-10,,,,Product,UX / Design,M1,Exempt,163000,0.1002,NJ,White
EMP-2043,Audrey,Jones,audrey.jones@techcorp.com,Female,EMP-1234,2024-04-13,,,,Marketing,Product Marketing,IC1,Non-Exempt,65000,0.1626,CA,White
EMP-2044,Madeline,Gamble,madeline.gamble@techcorp.com,Female,EMP-1975,2018-09-21,,,,Product,Product Management,IC5,Exempt,178000,0.1392,NY,Black or African American
EMP-2045,Megan,Hall,megan.hall@techcorp.com,Female,EMP-2137,2021-09-04,,,,Sales,Customer Success,IC5,Exempt,189000,0.25,IL,Hispanic or Latino
EMP-2046,Ethan,Moses,ethan.moses@techcorp.com,Male,EMP-2105,2023-03-01,,,,Finance,Internal Audit,IC3,Exempt,117000,0.1016,CA,White
EMP-2047,Kelli,Smith,kelli.smith@techcorp.com,Female,EMP-2401,2022-06-09,,,,Sales,Revenue Operations,IC3,Exempt,125000,0.1153,CA,Hispanic or Latino
EMP-2048,Sandra,Wright,sandra.wright@techcorp.com,Female,EMP-1537,2020-07-07,,,,HR,HR Business Partnering,M1,Exempt,153000,0.0441,CA,Asian
EMP-2049,Brandon,Nunez,brandon.nunez@techcorp.com,Male,EMP-0202,2018-12-26,,,,Finance,Internal Audit,IC2,Exempt,91000,0.0375,FL,Black or African American
EMP-2050,Samantha,Jones,samantha.jones@techcorp.com,Female,EMP-0901,2018-12-06,,,,Engineering,Infrastructure / DevOps,M3,Exempt,204000,0.15,NY,Asian
EMP-2051,Tara,Woods,tara.woods@techcorp.com,Female,EMP-1213,2022-03-13,,,,HR,Talent Acquisition,IC2,Exempt,85000,0.038,IL,White
EMP-2052,Hayden,Shannon,hayden.shannon@techcorp.com,Male,EMP-0770,2020-02-01,2024-02-04,Involuntary,Performance,Sales,Customer Success,M3,Exempt,252000,0.2894,IL,White
EMP-2053,Debra,Valentine,debra.valentine@techcorp.com,Female,EMP-2898,2026-04-06,,,,Sales,Revenue Operations,Director,Exempt,223000,0.2045,CA,White
EMP-2054,Melanie,Browning,melanie.browning@techcorp.com,Female,EMP-0884,2023-02-24,2023-05-03,Involuntary,Reorganization,Engineering,QA Engineering,IC1,Exempt,72000,0.115,NY,White
EMP-2055,Jonathan,Gonzalez,jonathan.gonzalez@techcorp.com,Male,,2024-11-29,,,,Legal,Compliance,VP,Exempt,334000,0.1438,NJ,White
EMP-2056,Nicolas,Salas,nicolas.salas@techcorp.com,Male,EMP-0791,2018-11-11,2026-03-29,Voluntary,Career Move,Product,Product Management,IC3,Exempt,123000,0.1235,IL,White
EMP-2057,Daniel,Harris,daniel.harris@techcorp.com,Male,EMP-1395,2018-06-29,,,,Marketing,Brand,IC2,Exempt,86000,0.1097,NY,White
EMP-2058,Christine,Moore,christine.moore1@techcorp.com,Non-Binary / Third Gender,EMP-1196,2022-08-12,,,,HR,Total Rewards,IC4,Exempt,145000,0.018,CA,White
EMP-2059,Ashley,Mora,ashley.mora@techcorp.com,Female,EMP-1532,2019-07-23,,,,Legal,Corporate Legal,IC2,Exempt,97000,0.0405,IL,Hispanic or Latino
EMP-2060,Megan,Alvarado,megan.alvarado@techcorp.com,Female,EMP-2430,2019-04-07,2026-01-11,Voluntary,Personal Reasons,Engineering,Software Engineering,M2,Exempt,165000,0.1457,IL,Black or African American
EMP-2061,Louis,Duran,louis.duran@techcorp.com,Male,EMP-2660,2023-02-02,,,,Engineering,Infrastructure / DevOps,IC3,Exempt,111000,0.027,CA,Black or African American
EMP-2062,Joshua,Williams,joshua.williams@techcorp.com,Male,EMP-1648,2025-10-22,,,,Legal,Employment Law,IC5,Exempt,178000,0.0865,CA,White
EMP-2063,John,Oliver,john.oliver@techcorp.com,Male,EMP-0370,2018-08-18,2020-09-09,Voluntary,Personal Reasons,Product,UX / Design,IC2,Exempt,95000,0.0283,IL,Hispanic or Latino
EMP-2064,Katherine,Galloway,katherine.galloway@techcorp.com,Female,EMP-2359,2022-08-16,,,,Finance,Internal Audit,IC3,Exempt,136000,0.0942,FL,Hispanic or Latino
EMP-2065,Steven,Melton,steven.melton@techcorp.com,Male,EMP-1026,2021-06-02,,,,Product,Product Operations,IC2,Exempt,93000,0.1169,CA,Hispanic or Latino
EMP-2066,John,Joyce,john.joyce@techcorp.com,Male,EMP-0864,2022-02-04,2025-11-02,Involuntary,Performance,Sales,Sales Development,IC2,Non-Exempt,90000,0.1542,NJ,White
EMP-2067,Sydney,Ramirez,sydney.ramirez@techcorp.com,Female,EMP-0228,2022-07-20,,,,Product,UX / Design,IC3,Exempt,112000,0.1394,CA,Hispanic or Latino
EMP-2068,Daniel,Ray,daniel.ray@techcorp.com,Male,EMP-0262,2026-05-17,,,,Marketing,Brand,IC3,Exempt,118000,0.02,CA,Hispanic or Latino
EMP-2069,Amy,Lloyd,amy.lloyd@techcorp.com,Female,EMP-2025,2019-11-26,,,,HR,People Operations,IC1,Non-Exempt,81000,0.0726,CA,White
EMP-2070,John,Fernandez,john.fernandez@techcorp.com,Male,,2021-12-23,,,,HR,Learning & Development,VP,Exempt,299000,0.1214,CA,Hispanic or Latino
EMP-2071,Jonathan,Long,jonathan.long@techcorp.com,Male,EMP-2884,2026-02-01,,,,Sales,Enterprise Sales,IC3,Exempt,137000,0.1974,NJ,Hispanic or Latino
EMP-2072,Melissa,Thompson,melissa.thompson@techcorp.com,Female,EMP-2186,2022-03-20,,,,Legal,Compliance,M1,Exempt,153000,0.0928,TX,Black or African American
EMP-2073,Vanessa,Wolfe,vanessa.wolfe@techcorp.com,Female,EMP-1717,2019-09-04,,,,Sales,Enterprise Sales,M2,Exempt,191000,0.2828,NY,White
EMP-2074,Hannah,Smith,hannah.smith@techcorp.com,Non-Binary / Third Gender,EMP-2868,2018-02-20,2023-06-30,Involuntary,Reorganization,Sales,Revenue Operations,IC3,Exempt,125000,0.212,NY,Hispanic or Latino
EMP-2075,Christine,Carpenter,christine.carpenter@techcorp.com,Female,EMP-1188,2026-04-18,2026-06-25,Involuntary,Performance,Engineering,Software Engineering,IC2,Exempt,83000,0.0654,IL,White
EMP-2076,Erika,Salazar,erika.salazar@techcorp.com,Female,EMP-1181,2022-11-21,,,,Finance,Accounting,IC3,Exempt,127000,0.0791,CA,White
EMP-2077,Debbie,Dunn,debbie.dunn@techcorp.com,Female,EMP-0316,2025-06-30,,,,Legal,Privacy & Data,IC2,Exempt,92000,0.0491,NY,White
EMP-2078,David,Ruiz,david.ruiz@techcorp.com,Male,EMP-0021,2019-07-04,,,,Engineering,Security Engineering,IC1,Exempt,74000,0.1321,CA,White
EMP-2079,Louis,Diaz,louis.diaz@techcorp.com,Male,EMP-2785,2023-01-16,2026-04-05,Involuntary,Performance,Sales,Sales Development,IC2,Non-Exempt,106000,0.2904,NY,Hispanic or Latino
EMP-2080,Jonathan,Clark,jonathan.clark@techcorp.com,Male,EMP-1571,2020-04-18,,,,Engineering,QA Engineering,M3,Exempt,237000,0.15,FL,White
EMP-2081,Mercedes,Watson,mercedes.watson1@techcorp.com,Female,EMP-2435,2018-07-19,,,,Finance,Treasury,IC3,Exempt,121000,0.0637,FL,Black or African American
EMP-2082,Sarah,Ramirez,sarah.ramirez@techcorp.com,Female,EMP-1756,2026-03-13,,,,Finance,Financial Planning & Analysis,IC2,Exempt,92000,0.0745,TX,Asian
EMP-2083,Catherine,Anderson,catherine.anderson@techcorp.com,Female,EMP-2297,2020-09-04,,,,Marketing,Brand,IC1,Non-Exempt,77000,0.1106,TX,Hispanic or Latino
EMP-2084,Laura,Perez,laura.perez@techcorp.com,Female,EMP-0019,2020-06-04,,,,Sales,Customer Success,IC2,Non-Exempt,86000,0.1467,TX,White
EMP-2085,Brett,Nelson,brett.nelson@techcorp.com,Male,EMP-0982,2018-05-28,2020-12-11,Voluntary,Compensation,Engineering,Software Engineering,IC3,Exempt,129000,0.0092,NY,White
EMP-2086,Cynthia,Reynolds,cynthia.reynolds@techcorp.com,Female,EMP-1775,2024-06-14,,,,Sales,Sales Development,M1,Exempt,137000,0.1097,CA,Hispanic or Latino
EMP-2087,James,Thomas,james.thomas1@techcorp.com,Male,EMP-1592,2024-03-30,,,,Product,UX / Design,IC3,Exempt,106000,0.1265,TX,White
EMP-2088,Tina,Hernandez,tina.hernandez@techcorp.com,Female,EMP-0039,2025-09-25,,,,Sales,Sales Development,IC4,Exempt,136000,0.1896,CA,White
EMP-2089,Renee,Thompson,renee.thompson@techcorp.com,Female,EMP-1714,2025-06-14,,,,Marketing,Marketing Operations,IC5,Exempt,181000,0.1343,CA,White
EMP-2090,Kathryn,Cowan,kathryn.cowan@techcorp.com,Female,EMP-1359,2018-02-03,,,,HR,HR Business Partnering,IC2,Exempt,99000,0.0332,FL,Black or African American
EMP-2091,Samuel,Holmes,samuel.holmes@techcorp.com,Male,EMP-2917,2023-07-21,2026-03-16,Voluntary,Career Move,Sales,Revenue Operations,M1,Exempt,190000,0.1906,NY,White
EMP-2092,Nathan,Floyd,nathan.floyd@techcorp.com,Male,EMP-2204,2024-08-03,,,,Finance,Accounting,Director,Exempt,274000,0.15,CA,White
EMP-2093,Elijah,Hart,elijah.hart@techcorp.com,Male,EMP-0133,2022-04-08,,,,Engineering,Infrastructure / DevOps,IC4,Exempt,153000,0.056,TX,Two or More Races
EMP-2094,Laura,Ross,laura.ross@techcorp.com,Female,EMP-0582,2020-03-18,2023-06-25,Voluntary,Compensation,Marketing,Content Marketing,IC3,Exempt,132000,0.0732,NY,Black or African American
EMP-2095,Michael,Brown,michael.brown3@techcorp.com,Male,EMP-2754,2025-03-19,,,,Finance,Tax,IC1,Non-Exempt,65000,0.0159,NJ,White
EMP-2096,Robert,Woods,robert.woods@techcorp.com,Male,EMP-1836,2026-05-25,2026-06-24,Voluntary,Compensation,Marketing,Marketing Operations,IC5,Exempt,177000,0.112,NY,Black or African American
EMP-2097,Lori,Cole,lori.cole@techcorp.com,Female,EMP-0073,2018-10-18,,,,HR,Learning & Development,IC2,Exempt,84000,0.0768,NY,Black or African American
EMP-2098,Felicia,Ward,felicia.ward@techcorp.com,Female,EMP-1968,2025-01-14,,,,Engineering,Infrastructure / DevOps,IC5,Exempt,169000,0.0672,WA,White
EMP-2099,Justin,Frederick,justin.frederick@techcorp.com,Male,EMP-2465,2025-02-10,,,,HR,Talent Acquisition,IC3,Exempt,108000,0.039,NY,Black or African American
EMP-2100,David,Smith,david.smith1@techcorp.com,Male,EMP-0631,2018-08-06,,,,Sales,Account Management,M2,Exempt,215000,0.2593,NY,Asian
EMP-2101,Barbara,Dillon,barbara.dillon@techcorp.com,Female,EMP-2035,2021-03-08,,,,HR,People Operations,IC3,Exempt,135000,0.0004,CA,White
EMP-2102,Victor,Gonzalez,victor.gonzalez@techcorp.com,Male,EMP-1903,2022-05-14,,,,Sales,Customer Success,IC4,Exempt,153000,0.0924,FL,White
EMP-2103,Laura,Banks,laura.banks@techcorp.com,Female,EMP-0300,2018-12-08,,,,Engineering,Security Engineering,IC1,Exempt,65000,0.0443,CA,White
EMP-2104,Carrie,Deleon,carrie.deleon@techcorp.com,Female,EMP-1255,2024-12-31,2025-10-12,Involuntary,Performance,Marketing,Brand,IC1,Non-Exempt,77000,0.0467,FL,Hispanic or Latino
EMP-2105,Heather,Nunez,heather.nunez@techcorp.com,Female,EMP-2370,2018-07-30,,,,HR,People Operations,M1,Exempt,150000,0.0929,CA,White
EMP-2106,John,Doyle,john.doyle@techcorp.com,Male,EMP-0542,2026-04-12,2026-06-02,Voluntary,Personal Reasons,Product,Product Management,M3,Exempt,230000,0.15,CA,White
EMP-2107,Steve,James,steve.james@techcorp.com,Male,EMP-1883,2023-10-09,,,,Sales,Sales Development,IC4,Exempt,158000,0.1046,CA,Black or African American
EMP-2108,Dustin,Welch,dustin.welch@techcorp.com,Male,EMP-2392,2022-05-25,,,,Finance,Tax,IC5,Exempt,186000,0.0828,TX,Two or More Races
EMP-2109,Brianna,Jackson,brianna.jackson@techcorp.com,Female,EMP-1903,2024-11-14,,,,Engineering,Software Engineering,IC2,Exempt,103000,0.1091,TX,White
EMP-2110,Robert,Rogers,robert.rogers@techcorp.com,Male,EMP-0353,2024-07-23,,,,HR,Talent Acquisition,M1,Exempt,165000,0.0341,NY,White
EMP-2111,Mark,Duncan,mark.duncan@techcorp.com,Male,EMP-2392,2022-06-14,2023-03-18,Involuntary,Performance,Product,Product Operations,IC2,Exempt,95000,0.0871,NY,White
EMP-2112,Sarah,Jones,sarah.jones@techcorp.com,Female,EMP-1213,2019-03-19,,,,Marketing,Marketing Operations,IC4,Exempt,143000,0.1729,CA,Asian
EMP-2113,Candice,Perez,candice.perez@techcorp.com,Female,EMP-0077,2022-01-30,,,,Product,Product Operations,IC2,Exempt,103000,0.0111,TX,White
EMP-2114,Evan,Carter,evan.carter@techcorp.com,Male,EMP-2868,2021-07-02,2022-03-21,Voluntary,Career Move,Sales,Enterprise Sales,IC3,Exempt,126000,0.1942,WA,Asian
EMP-2115,Debra,Newman,debra.newman@techcorp.com,Female,EMP-2868,2019-01-25,,,,Marketing,Demand Generation,IC2,Exempt,94000,0.0931,IL,White
EMP-2116,Denise,Wallace,denise.wallace@techcorp.com,Female,EMP-0821,2024-02-03,,,,Sales,Enterprise Sales,IC4,Exempt,168000,0.2932,FL,White
EMP-2117,Shari,Cox,shari.cox@techcorp.com,Female,EMP-0943,2018-12-01,,,,Engineering,Data Engineering,IC5,Exempt,197000,0.0237,WA,White
EMP-2118,Laurie,Sheppard,laurie.sheppard@techcorp.com,Female,EMP-1181,2021-06-27,,,,Engineering,Data Engineering,IC4,Exempt,161000,0.1098,TX,Hispanic or Latino
EMP-2119,Jennifer,White,jennifer.white@techcorp.com,Female,EMP-0963,2023-04-09,,,,Sales,Enterprise Sales,IC4,Exempt,146000,0.1848,IL,Black or African American
EMP-2120,Allison,Luna,allison.luna@techcorp.com,Female,EMP-1606,2021-04-11,,,,Sales,Account Management,IC4,Exempt,152000,0.2581,FL,Black or African American
EMP-2121,Matthew,Shepard,matthew.shepard@techcorp.com,Male,EMP-1076,2024-09-16,,,,Engineering,Security Engineering,IC1,Exempt,79000,0.0217,NJ,Black or African American
EMP-2122,Mercedes,Miller,mercedes.miller@techcorp.com,Female,EMP-0228,2022-11-06,,,,Engineering,QA Engineering,IC3,Exempt,122000,0.0097,FL,Hispanic or Latino
EMP-2123,Carol,Garcia,carol.garcia@techcorp.com,Female,EMP-1362,2025-12-16,,,,Engineering,Data Engineering,IC1,Exempt,72000,0.0479,CA,White
EMP-2124,Arthur,Johns,arthur.johns@techcorp.com,Male,EMP-1329,2023-09-26,,,,Engineering,Infrastructure / DevOps,IC3,Exempt,111000,0.0572,CA,Hispanic or Latino
EMP-2125,Kimberly,Johnson,kimberly.johnson@techcorp.com,Female,EMP-0111,2024-02-28,,,,Product,Product Operations,IC2,Exempt,91000,0.0032,IL,Hispanic or Latino
EMP-2126,Jennifer,Hubbard,jennifer.hubbard@techcorp.com,Female,EMP-0216,2020-08-09,,,,Sales,Enterprise Sales,Director,Exempt,284000,0.2185,TX,White
EMP-2127,Angela,Baker,angela.baker@techcorp.com,Female,EMP-2399,2025-08-24,,,,Engineering,Infrastructure / DevOps,IC1,Exempt,72000,0.1012,TX,White
EMP-2128,Brittney,Pena,brittney.pena@techcorp.com,Female,EMP-1537,2018-08-22,,,,Sales,Enterprise Sales,M1,Exempt,140000,0.1673,IL,Hispanic or Latino
EMP-2129,Stephen,Parker,stephen.parker@techcorp.com,Male,EMP-2580,2025-05-21,,,,Finance,Accounting,IC4,Exempt,150000,0.1153,NY,Black or African American
EMP-2130,David,Mitchell,david.mitchell@techcorp.com,Male,EMP-0320,2018-02-17,,,,Engineering,QA Engineering,M1,Exempt,169000,0.0538,TX,Black or African American
EMP-2131,Mark,Anderson,mark.anderson@techcorp.com,Male,EMP-2602,2021-10-10,2023-07-04,Voluntary,Personal Reasons,HR,Talent Acquisition,M2,Exempt,172000,0.1015,CA,White
EMP-2132,Ryan,Johnson,ryan.johnson@techcorp.com,Male,EMP-0583,2020-05-02,,,,Sales,Sales Development,IC1,Non-Exempt,62000,0.2943,IL,White
EMP-2133,Mary,Dalton,mary.dalton@techcorp.com,Female,EMP-0200,2022-10-23,2023-04-03,Voluntary,Personal Reasons,Engineering,Data Engineering,IC1,Exempt,68000,0.0533,TX,Asian
EMP-2134,Erika,Alvarez,erika.alvarez@techcorp.com,Female,EMP-2571,2019-08-07,,,,Engineering,Data Engineering,IC1,Exempt,73000,0.0201,IL,White
EMP-2135,Vanessa,Fernandez,vanessa.fernandez@techcorp.com,Female,EMP-0885,2025-08-10,,,,Product,Product Management,IC1,Exempt,70000,0.1238,CA,White
EMP-2136,Dominic,Wallace,dominic.wallace@techcorp.com,Male,EMP-2830,2021-06-12,,,,Finance,Accounting,IC3,Exempt,136000,0.0105,NY,White
EMP-2137,Wayne,Wolfe,wayne.wolfe@techcorp.com,Male,EMP-0596,2020-04-23,,,,Sales,Sales Development,M1,Exempt,176000,0.0763,CA,White
EMP-2138,Cassandra,Harper,cassandra.harper@techcorp.com,Female,EMP-1354,2024-07-09,,,,Engineering,QA Engineering,IC2,Exempt,97000,0.004,CA,Asian
EMP-2139,Lynn,Fields,lynn.fields@techcorp.com,Female,EMP-2267,2020-09-24,,,,Sales,Revenue Operations,IC3,Exempt,114000,0.288,FL,Hispanic or Latino
EMP-2140,Kristy,Mills,kristy.mills@techcorp.com,Female,EMP-1331,2019-07-06,,,,HR,Learning & Development,IC3,Exempt,107000,0.0507,NY,White
EMP-2141,Mark,Collins,mark.collins@techcorp.com,Male,EMP-2007,2024-06-08,,,,Engineering,Security Engineering,IC2,Exempt,102000,0.1281,CA,White
EMP-2142,Gregory,Fernandez,gregory.fernandez@techcorp.com,Male,EMP-1213,2021-06-29,,,,Engineering,Security Engineering,IC3,Exempt,113000,0.1086,NY,White
EMP-2143,Regina,Ramos,regina.ramos@techcorp.com,Female,,2018-07-04,2022-05-11,Voluntary,Compensation,Sales,Account Management,VP,Exempt,309000,0.2093,CA,Hispanic or Latino
EMP-2144,Holly,Green,holly.green@techcorp.com,Female,EMP-0438,2023-02-08,,,,Engineering,Infrastructure / DevOps,IC2,Exempt,88000,0.0071,NY,Two or More Races
EMP-2145,Aaron,Ochoa,aaron.ochoa@techcorp.com,Non-Binary / Third Gender,EMP-2171,2025-08-13,,,,Engineering,Infrastructure / DevOps,IC4,Exempt,150000,0.1201,FL,Two or More Races
EMP-2146,Ryan,Cooper,ryan.cooper@techcorp.com,Male,EMP-2712,2024-04-09,,,,Product,Product Operations,M1,Exempt,166000,0.1073,IL,Black or African American
EMP-2147,John,Smith,john.smith@techcorp.com,Male,EMP-0541,2023-05-22,2026-03-22,Voluntary,Career Move,Finance,Treasury,IC4,Exempt,164000,0.0193,CA,White
EMP-2148,Tammy,Arroyo,tammy.arroyo@techcorp.com,Female,EMP-1883,2021-01-31,,,,HR,Total Rewards,M1,Exempt,157000,0.0303,NY,White
EMP-2149,Karen,Smith,karen.smith@techcorp.com,Female,EMP-2896,2024-06-28,,,,Finance,Tax,IC5,Exempt,174000,0.0765,FL,White
EMP-2150,Jessica,Carter,jessica.carter@techcorp.com,Female,EMP-0851,2024-05-18,,,,HR,Total Rewards,IC1,Non-Exempt,75000,0.0721,NY,Hispanic or Latino
EMP-2151,Crystal,Smith,crystal.smith@techcorp.com,Female,EMP-0287,2024-07-18,,,,HR,People Operations,IC2,Exempt,91000,0.001,NY,White
EMP-2152,James,Jenkins,james.jenkins@techcorp.com,Male,EMP-0884,2026-04-15,,,,HR,People Operations,IC3,Exempt,134000,0.009,NY,White
EMP-2153,Justin,Foster,justin.foster@techcorp.com,Male,EMP-0702,2020-02-01,,,,HR,Talent Acquisition,IC1,Non-Exempt,74000,0.0416,FL,White
EMP-2154,Carla,Mclaughlin,carla.mclaughlin@techcorp.com,Female,EMP-2392,2021-08-02,,,,Sales,Enterprise Sales,IC1,Non-Exempt,75000,0.2398,CA,Hispanic or Latino
EMP-2155,James,Gray,james.gray@techcorp.com,Male,EMP-0645,2026-03-09,,,,Legal,Employment Law,IC1,Non-Exempt,79000,0.0799,NJ,White
EMP-2156,Dennis,Henderson,dennis.henderson@techcorp.com,Male,EMP-0821,2025-08-13,,,,Finance,Financial Planning & Analysis,IC3,Exempt,146000,0.0032,FL,White
EMP-2157,Cynthia,Duran,cynthia.duran@techcorp.com,Female,EMP-0845,2025-09-19,,,,Sales,Revenue Operations,IC3,Exempt,116000,0.1729,FL,Black or African American
EMP-2158,Susan,Aguirre,susan.aguirre@techcorp.com,Female,EMP-1216,2018-04-05,,,,Engineering,QA Engineering,IC5,Exempt,208000,0.0613,CA,White
EMP-2159,Melinda,Mitchell,melinda.mitchell@techcorp.com,Female,EMP-0922,2024-04-24,,,,Finance,Internal Audit,IC3,Exempt,123000,0.0123,NJ,Two or More Races
EMP-2160,Patrick,Lamb,patrick.lamb@techcorp.com,Male,EMP-0527,2018-07-12,,,,Marketing,Brand,M1,Exempt,153000,0.0403,FL,White
EMP-2161,Jennifer,Castaneda,jennifer.castaneda@techcorp.com,Female,EMP-2459,2025-05-24,,,,Sales,Revenue Operations,IC2,Non-Exempt,104000,0.1916,TX,White
EMP-2162,Clarence,Roberts,clarence.roberts@techcorp.com,Male,EMP-2241,2019-02-19,2025-03-08,Voluntary,Compensation,Marketing,Content Marketing,IC3,Exempt,118000,0.0511,FL,Asian
EMP-2163,Mallory,Williamson,mallory.williamson@techcorp.com,Female,EMP-0742,2020-02-24,,,,HR,Talent Acquisition,IC1,Non-Exempt,62000,0.0511,WA,White
EMP-2164,Denise,Dean,denise.dean@techcorp.com,Female,EMP-1480,2022-01-03,,,,HR,People Operations,IC2,Exempt,107000,0.0116,NJ,White
EMP-2165,Chelsea,Smith,chelsea.smith@techcorp.com,Female,EMP-0007,2020-09-18,,,,HR,Talent Acquisition,M1,Exempt,155000,0.105,CA,Black or African American
EMP-2166,Amber,Nichols,amber.nichols@techcorp.com,Female,EMP-1313,2020-04-21,,,,Engineering,Software Engineering,M2,Exempt,173000,0.0505,CA,White
EMP-2167,Cody,Garcia,cody.garcia@techcorp.com,Male,EMP-1825,2020-10-12,2024-04-30,Voluntary,Compensation,Engineering,Security Engineering,IC3,Exempt,124000,0.0306,NJ,White
EMP-2168,Jennifer,Acosta,jennifer.acosta@techcorp.com,Non-Binary / Third Gender,EMP-1592,2022-10-03,,,,Marketing,Product Marketing,IC1,Non-Exempt,73000,0.1703,FL,White
EMP-2169,David,Hernandez,david.hernandez@techcorp.com,Male,EMP-1930,2019-07-12,,,,Product,UX / Design,IC1,Exempt,79000,0.018,NJ,White
EMP-2170,Matthew,Collins,matthew.collins@techcorp.com,Non-Binary / Third Gender,EMP-2629,2025-11-14,,,,Sales,Revenue Operations,M2,Exempt,184000,0.1825,NY,White
EMP-2171,Rebecca,Bolton,rebecca.bolton@techcorp.com,Female,EMP-1347,2025-01-03,,,,Sales,Enterprise Sales,M2,Exempt,189000,0.0766,IL,White
EMP-2172,John,Moody,john.moody@techcorp.com,Male,EMP-0846,2023-09-25,,,,Finance,Internal Audit,IC3,Exempt,126000,0.0132,FL,Hispanic or Latino
EMP-2173,Erin,Bridges,erin.bridges@techcorp.com,Female,EMP-1395,2025-01-26,,,,Finance,Tax,IC2,Exempt,98000,0.0428,NJ,Black or African American
EMP-2174,Tiffany,Brown,tiffany.brown@techcorp.com,Female,EMP-2939,2024-05-05,2026-05-31,Involuntary,Reorganization,HR,Learning & Development,M2,Exempt,185000,0.0638,CA,White
EMP-2175,Patricia,Jones,patricia.jones@techcorp.com,Female,EMP-0894,2022-02-04,2025-12-24,Voluntary,Career Move,Marketing,Content Marketing,IC2,Exempt,100000,0.1069,NJ,Black or African American
EMP-2176,John,Lee,john.lee@techcorp.com,Male,EMP-0804,2020-11-07,,,,Engineering,Security Engineering,Director,Exempt,248000,0.15,CA,Two or More Races
EMP-2177,Lisa,Clayton,lisa.clayton@techcorp.com,Non-Binary / Third Gender,EMP-1592,2024-11-21,,,,Engineering,Data Engineering,IC3,Exempt,116000,0.0948,CA,White
EMP-2178,Bryan,Tate,bryan.tate@techcorp.com,Male,EMP-1329,2021-04-30,,,,Sales,Sales Development,IC5,Exempt,164000,0.1486,CA,White
EMP-2179,Danielle,Wise,danielle.wise@techcorp.com,Female,EMP-0129,2026-05-29,,,,Sales,Customer Success,IC4,Exempt,142000,0.2185,TX,Asian
EMP-2180,Jeremy,Rojas,jeremy.rojas@techcorp.com,Male,EMP-0861,2020-12-31,,,,Sales,Sales Development,IC2,Non-Exempt,99000,0.1933,CA,Asian
EMP-2181,Amanda,Murray,amanda.murray1@techcorp.com,Female,EMP-1301,2026-02-21,,,,Finance,Internal Audit,IC1,Non-Exempt,67000,0.1314,TX,Hispanic or Latino
EMP-2182,Patricia,Boyd,patricia.boyd@techcorp.com,Female,EMP-2580,2026-02-18,2026-06-21,Voluntary,Compensation,Engineering,Infrastructure / DevOps,IC1,Exempt,79000,0.0343,IL,Hispanic or Latino
EMP-2183,Vickie,Kennedy,vickie.kennedy@techcorp.com,Female,EMP-0800,2019-06-14,,,,Product,UX / Design,IC2,Exempt,90000,0.0693,IL,White
EMP-2184,Michael,Collins,michael.collins@techcorp.com,Male,EMP-2545,2018-06-15,,,,Engineering,QA Engineering,M1,Exempt,155000,0.0584,FL,White
EMP-2185,Erica,Soto,erica.soto@techcorp.com,Female,EMP-2768,2023-08-30,2026-05-31,Involuntary,Reorganization,Engineering,Software Engineering,IC3,Exempt,127000,0.1447,NY,Asian
EMP-2186,Andrew,Pineda,andrew.pineda@techcorp.com,Male,EMP-0444,2025-08-13,,,,HR,People Operations,M2,Exempt,186000,0.0578,WA,White
EMP-2187,Kelly,King,kelly.king@techcorp.com,Female,EMP-0073,2020-04-24,,,,Sales,Customer Success,IC3,Exempt,129000,0.1546,CA,Hispanic or Latino
EMP-2188,Mark,Gonzalez,mark.gonzalez@techcorp.com,Male,EMP-0133,2020-02-06,,,,Sales,Account Management,IC5,Exempt,189000,0.1362,CA,White
EMP-2189,Michelle,Robinson,michelle.robinson@techcorp.com,Non-Binary / Third Gender,EMP-0566,2019-11-08,,,,Product,Product Management,IC1,Exempt,70000,0.1341,TX,Asian
EMP-2190,Ashley,Chen,ashley.chen@techcorp.com,Female,,2021-11-07,2022-12-13,Voluntary,Compensation,Finance,Accounting,VP,Exempt,367000,0.15,IL,White
EMP-2191,Erika,Jackson,erika.jackson@techcorp.com,Female,EMP-1116,2024-04-10,,,,Product,Product Management,IC5,Exempt,169000,0.0701,CA,Black or African American
EMP-2192,David,Mccormick,david.mccormick@techcorp.com,Non-Binary / Third Gender,EMP-0794,2021-02-01,,,,Sales,Account Management,IC3,Exempt,127000,0.1793,CA,Two or More Races
EMP-2193,Alexa,Williams,alexa.williams@techcorp.com,Female,EMP-2572,2025-07-06,,,,Sales,Enterprise Sales,Director,Exempt,265000,0.2744,FL,White
EMP-2194,Richard,Alvarez,richard.alvarez@techcorp.com,Male,EMP-0320,2024-04-15,,,,Product,Product Operations,IC1,Exempt,77000,0.0128,CA,Hispanic or Latino
EMP-2195,Linda,Watson,linda.watson@techcorp.com,Female,EMP-1407,2025-03-19,,,,Sales,Enterprise Sales,IC3,Exempt,134000,0.2431,CA,White
EMP-2196,Eric,Davis,eric.davis@techcorp.com,Non-Binary / Third Gender,EMP-1026,2019-04-16,,,,Legal,Privacy & Data,M1,Exempt,143000,0.079,CA,White
EMP-2197,Lisa,Galvan,lisa.galvan@techcorp.com,Female,EMP-0596,2023-11-24,,,,Product,Product Operations,IC2,Exempt,84000,0.042,CA,Hispanic or Latino
EMP-2198,Zachary,Garrett,zachary.garrett@techcorp.com,Male,EMP-2060,2021-12-02,,,,HR,Learning & Development,IC5,Exempt,200000,0.0995,NY,White
EMP-2199,Amy,Newman,amy.newman@techcorp.com,Female,EMP-1834,2020-10-13,,,,Finance,Treasury,M3,Exempt,240000,0.15,NY,White
EMP-2200,Michael,Moody,michael.moody@techcorp.com,Male,EMP-1446,2019-07-05,,,,Product,Product Management,IC2,Exempt,96000,0.1451,CA,White
EMP-2201,Beth,Hall,beth.hall@techcorp.com,Female,EMP-2100,2019-08-22,,,,Finance,Financial Planning & Analysis,IC5,Exempt,197000,0.0579,FL,Asian
EMP-2202,William,Kramer,william.kramer@techcorp.com,Male,EMP-1318,2026-01-07,,,,Sales,Revenue Operations,IC1,Non-Exempt,76000,0.2922,NY,Black or African American
EMP-2203,Nicole,Trujillo,nicole.trujillo@techcorp.com,Female,EMP-1968,2023-01-03,,,,Marketing,Content Marketing,IC2,Exempt,96000,0.1176,CA,White
EMP-2204,Jeffrey,Lee,jeffrey.lee@techcorp.com,Male,,2024-11-08,,,,HR,Total Rewards,VP,Exempt,302000,0.1297,CA,White
EMP-2205,Michael,Howard,michael.howard@techcorp.com,Male,EMP-0330,2019-08-27,,,,Engineering,QA Engineering,IC4,Exempt,151000,0.148,NY,White
EMP-2206,Brandy,Roach,brandy.roach@techcorp.com,Female,EMP-1835,2021-11-12,,,,Product,Product Management,IC2,Exempt,100000,0.1257,NY,Black or African American
EMP-2207,Karina,Kim,karina.kim@techcorp.com,Female,EMP-2488,2025-10-26,,,,Engineering,Infrastructure / DevOps,M3,Exempt,249000,0.15,WA,Hispanic or Latino
EMP-2208,Elizabeth,Terry,elizabeth.terry@techcorp.com,Female,EMP-0924,2022-05-14,,,,Marketing,Product Marketing,IC3,Exempt,135000,0.178,CA,White
EMP-2209,Cheryl,Lopez,cheryl.lopez@techcorp.com,Female,EMP-0566,2023-02-19,,,,Product,Product Operations,IC4,Exempt,148000,0.0864,NJ,White
EMP-2210,Hannah,Oconnor,hannah.oconnor@techcorp.com,Female,EMP-2878,2020-01-14,,,,Sales,Enterprise Sales,IC4,Exempt,163000,0.1452,CA,White
EMP-2211,Donald,Guerra,donald.guerra@techcorp.com,Male,EMP-1303,2020-05-21,2026-06-19,Voluntary,Compensation,Product,UX / Design,IC2,Exempt,110000,0.0069,WA,White
EMP-2212,Thomas,Spencer,thomas.spencer@techcorp.com,Male,EMP-1975,2024-01-05,,,,Sales,Enterprise Sales,IC4,Exempt,155000,0.2199,WA,White
EMP-2213,Benjamin,Moore,benjamin.moore@techcorp.com,Male,EMP-1288,2022-10-12,,,,Product,Product Management,IC5,Exempt,166000,0.0409,NY,Black or African American
EMP-2214,Elizabeth,Baker,elizabeth.baker1@techcorp.com,Female,EMP-0941,2026-03-23,,,,HR,Talent Acquisition,IC4,Exempt,152000,0.0792,NY,White
EMP-2215,Jacob,Smith,jacob.smith@techcorp.com,Male,EMP-1407,2025-11-17,,,,Engineering,Security Engineering,IC1,Exempt,76000,0.1312,IL,Black or African American
EMP-2216,Mark,Gray,mark.gray@techcorp.com,Male,EMP-1903,2023-08-17,,,,Legal,Privacy & Data,IC2,Exempt,92000,0.0524,NY,White
EMP-2217,Cody,Smith,cody.smith@techcorp.com,Male,EMP-2264,2020-08-15,,,,Engineering,Software Engineering,IC4,Exempt,141000,0.1089,TX,White
EMP-2218,Shannon,Parsons,shannon.parsons@techcorp.com,Female,EMP-0703,2020-11-23,2025-12-01,Involuntary,Performance,Engineering,Infrastructure / DevOps,IC4,Exempt,150000,0.0949,CA,Hispanic or Latino
EMP-2219,Cynthia,Le,cynthia.le@techcorp.com,Female,EMP-1825,2023-03-04,,,,Finance,Financial Planning & Analysis,IC5,Exempt,184000,0.1455,FL,White
EMP-2220,Matthew,Ryan,matthew.ryan@techcorp.com,Male,EMP-2904,2023-06-02,,,,Product,UX / Design,IC2,Exempt,89000,0.0627,CA,Hispanic or Latino
EMP-2221,Jasmine,Warren,jasmine.warren@techcorp.com,Female,EMP-2459,2020-08-02,,,,Legal,Privacy & Data,IC1,Non-Exempt,62000,0.0752,FL,Hispanic or Latino
EMP-2222,Kathleen,Arnold,kathleen.arnold@techcorp.com,Female,EMP-1093,2022-03-06,,,,Engineering,Infrastructure / DevOps,IC1,Exempt,74000,0.1007,IL,White
EMP-2223,Lisa,Morris,lisa.morris@techcorp.com,Female,EMP-1199,2025-03-09,,,,Product,Product Management,IC2,Exempt,95000,0.0466,IL,Asian
EMP-2224,Daniel,Mills,daniel.mills@techcorp.com,Non-Binary / Third Gender,EMP-1547,2021-03-23,2022-08-16,Involuntary,Reorganization,HR,Total Rewards,IC2,Exempt,96000,0.017,TX,White
EMP-2225,Austin,Conley,austin.conley@techcorp.com,Male,EMP-2995,2025-10-06,2026-05-10,Involuntary,Performance,Finance,Financial Planning & Analysis,IC2,Exempt,96000,0.0911,TX,White
EMP-2226,Beverly,Russo,beverly.russo@techcorp.com,Female,EMP-2715,2021-06-04,,,,Sales,Customer Success,IC2,Non-Exempt,81000,0.2552,TX,White
EMP-2227,Dale,Washington,dale.washington@techcorp.com,Male,EMP-0301,2018-03-23,,,,Marketing,Demand Generation,IC1,Non-Exempt,62000,0.0202,IL,White
EMP-2228,Annette,Duncan,annette.duncan@techcorp.com,Female,EMP-1500,2023-08-18,2024-10-23,Voluntary,Career Move,Product,Product Operations,IC3,Exempt,115000,0.0785,NY,White
EMP-2229,Sara,Barrett,sara.barrett@techcorp.com,Female,EMP-2451,2021-02-06,,,,Finance,Internal Audit,IC3,Exempt,125000,0.132,CA,White
EMP-2230,Joseph,Miles,joseph.miles@techcorp.com,Male,EMP-2984,2021-09-06,,,,HR,Talent Acquisition,IC2,Exempt,115000,0.0557,IL,White
EMP-2231,Michael,Obrien,michael.obrien@techcorp.com,Non-Binary / Third Gender,EMP-2907,2019-07-31,2026-06-06,Involuntary,Reorganization,Engineering,QA Engineering,IC1,Exempt,87000,0.0581,CA,White
EMP-2232,Benjamin,Conrad,benjamin.conrad@techcorp.com,Male,EMP-2184,2025-02-09,,,,Sales,Revenue Operations,IC3,Exempt,127000,0.2872,TX,White
EMP-2233,Daniel,Henry,daniel.henry@techcorp.com,Male,EMP-1576,2023-05-26,,,,Sales,Customer Success,IC1,Non-Exempt,87000,0.2016,WA,White
EMP-2234,Christopher,Owen,christopher.owen@techcorp.com,Non-Binary / Third Gender,EMP-0321,2026-04-24,,,,Product,Product Operations,IC3,Exempt,131000,0.1255,CA,Asian
EMP-2235,Amy,Grant,amy.grant@techcorp.com,Female,EMP-0451,2019-02-18,,,,Engineering,Data Engineering,IC2,Exempt,83000,0.1291,NY,White
EMP-2236,Teresa,Perry,teresa.perry@techcorp.com,Female,EMP-1264,2021-12-12,,,,HR,People Operations,IC3,Exempt,117000,0.0366,WA,White
EMP-2237,Jackie,Erickson,jackie.erickson@techcorp.com,Female,EMP-2754,2020-06-08,,,,Sales,Sales Development,IC2,Non-Exempt,95000,0.2964,NY,White
EMP-2238,Samantha,Baker,samantha.baker@techcorp.com,Female,EMP-2777,2022-04-19,,,,Product,Product Management,IC2,Exempt,88000,0.101,CA,White
EMP-2239,Andrew,Jones,andrew.jones@techcorp.com,Male,EMP-1026,2021-07-09,,,,Marketing,Brand,IC2,Exempt,102000,0.1072,TX,White
EMP-2240,Eric,Blackburn,eric.blackburn@techcorp.com,Male,EMP-0230,2020-02-16,2024-07-16,Voluntary,Personal Reasons,Sales,Enterprise Sales,M2,Exempt,180000,0.12,CA,Asian
EMP-2241,Tyler,Davis,tyler.davis@techcorp.com,Male,EMP-1937,2020-04-08,,,,Legal,Corporate Legal,M2,Exempt,181000,0.062,NY,White
EMP-2242,Molly,Schmidt,molly.schmidt@techcorp.com,Female,EMP-2307,2019-06-14,,,,Sales,Revenue Operations,Director,Exempt,248000,0.2465,NY,White
EMP-2243,Chelsey,Fox,chelsey.fox@techcorp.com,Female,EMP-0338,2022-11-28,,,,Legal,Employment Law,IC4,Exempt,158000,0.0476,CA,White
EMP-2244,Danielle,Garrett,danielle.garrett@techcorp.com,Female,EMP-1500,2022-05-15,,,,Sales,Revenue Operations,IC1,Non-Exempt,72000,0.1349,FL,White
EMP-2245,Cassidy,Curry,cassidy.curry@techcorp.com,Female,EMP-0021,2025-12-09,,,,Engineering,Software Engineering,IC2,Exempt,101000,0.1443,NY,Asian
EMP-2246,Jason,Garcia,jason.garcia@techcorp.com,Male,EMP-0766,2020-06-30,,,,HR,People Operations,IC1,Non-Exempt,71000,0.0568,NY,Black or African American
EMP-2247,Margaret,Howard,margaret.howard@techcorp.com,Female,EMP-1106,2024-05-03,,,,Legal,Corporate Legal,IC2,Exempt,105000,0.0603,TX,White
EMP-2248,Judy,Ortega,judy.ortega@techcorp.com,Female,EMP-0019,2020-09-19,2026-05-05,Voluntary,Compensation,Sales,Customer Success,IC4,Exempt,160000,0.1407,NY,Asian
EMP-2249,Sonya,Jackson,sonya.jackson@techcorp.com,Female,EMP-1835,2026-02-03,,,,Engineering,QA Engineering,IC1,Exempt,72000,0.0069,FL,Black or African American
EMP-2250,Catherine,Morales,catherine.morales@techcorp.com,Female,EMP-2824,2020-06-02,,,,Engineering,Security Engineering,IC3,Exempt,119000,0.0376,NJ,Hispanic or Latino
EMP-2251,Gail,Moore,gail.moore@techcorp.com,Female,EMP-0203,2025-12-08,,,,Legal,Privacy & Data,IC3,Exempt,130000,0.0922,CA,Asian
EMP-2252,Yvette,Ramos,yvette.ramos@techcorp.com,Female,EMP-1264,2023-05-30,2023-09-25,Involuntary,Reorganization,Sales,Account Management,IC3,Exempt,107000,0.279,CA,Hispanic or Latino
EMP-2253,Harold,Edwards,harold.edwards@techcorp.com,Male,EMP-0310,2020-05-17,,,,Engineering,Data Engineering,IC3,Exempt,110000,0.1096,NY,Asian
EMP-2254,Wendy,Nguyen,wendy.nguyen@techcorp.com,Female,EMP-2361,2023-03-10,,,,HR,Talent Acquisition,IC2,Exempt,86000,0.0329,NY,White
EMP-2255,Jacob,Duran,jacob.duran@techcorp.com,Male,EMP-1345,2022-03-31,,,,Legal,Privacy & Data,IC2,Exempt,96000,0.0735,FL,Black or African American
EMP-2256,Jeffrey,Swanson,jeffrey.swanson@techcorp.com,Male,EMP-1321,2023-03-22,,,,Legal,Privacy & Data,IC5,Exempt,186000,0.0359,WA,White
EMP-2257,Lee,Hart,lee.hart@techcorp.com,Male,EMP-2184,2022-01-18,,,,Marketing,Marketing Operations,IC3,Exempt,123000,0.142,CA,Black or African American
EMP-2258,Cindy,Cannon,cindy.cannon@techcorp.com,Female,EMP-0321,2021-07-13,,,,Marketing,Content Marketing,IC2,Exempt,84000,0.1517,FL,White
EMP-2259,Tammy,King,tammy.king@techcorp.com,Female,EMP-0793,2019-06-08,,,,Product,Product Management,IC1,Exempt,62000,0.0727,NY,Asian
EMP-2260,Tonya,West,tonya.west@techcorp.com,Female,EMP-2904,2021-01-23,,,,HR,Talent Acquisition,IC3,Exempt,107000,0.1123,NY,White
EMP-2261,James,Barber,james.barber@techcorp.com,Male,EMP-2176,2019-09-28,2025-02-22,Voluntary,Career Move,Legal,Employment Law,M3,Exempt,224000,0.1197,CA,Hispanic or Latino
EMP-2262,Victoria,Larson,victoria.larson@techcorp.com,Female,EMP-0747,2026-01-12,,,,Product,Product Operations,IC3,Exempt,107000,0.1498,TX,White
EMP-2263,Kelly,Holder,kelly.holder@techcorp.com,Female,EMP-2917,2023-08-06,,,,Finance,Treasury,IC4,Exempt,146000,0.0566,CA,Two or More Races
EMP-2264,Eric,Evans,eric.evans@techcorp.com,Male,EMP-2073,2024-04-20,,,,Marketing,Content Marketing,M1,Exempt,145000,0.1582,CA,Asian
EMP-2265,Courtney,Foley,courtney.foley@techcorp.com,Female,EMP-2500,2026-03-05,,,,Product,UX / Design,IC2,Exempt,93000,0.057,CA,Black or African American
EMP-2266,Alison,Short,alison.short@techcorp.com,Female,EMP-2830,2019-08-23,,,,Product,Product Management,IC2,Exempt,100000,0.1167,NY,Hispanic or Latino
EMP-2267,Michael,Hill,michael.hill@techcorp.com,Male,EMP-2050,2021-05-30,,,,Sales,Revenue Operations,M1,Exempt,183000,0.255,TX,White
EMP-2268,Kristen,Hawkins,kristen.hawkins@techcorp.com,Female,EMP-0974,2019-03-08,2026-03-31,Voluntary,Compensation,Engineering,Software Engineering,M1,Exempt,151000,0.1406,NY,Hispanic or Latino
EMP-2269,Tammy,Moore,tammy.moore@techcorp.com,Female,EMP-2462,2026-05-15,2026-06-22,Voluntary,Personal Reasons,Sales,Customer Success,Director,Exempt,262000,0.2934,WA,Hispanic or Latino
EMP-2270,Andrew,Kelly,andrew.kelly@techcorp.com,Male,EMP-0338,2018-03-19,,,,Marketing,Content Marketing,IC1,Non-Exempt,80000,0.1433,TX,Asian
EMP-2271,Brenda,Richardson,brenda.richardson@techcorp.com,Female,EMP-2931,2018-12-22,,,,Finance,Accounting,IC2,Exempt,97000,0.041,IL,Two or More Races
EMP-2272,Kevin,Hall,kevin.hall@techcorp.com,Male,EMP-2242,2019-02-20,,,,Engineering,Infrastructure / DevOps,M3,Exempt,210000,0.15,NY,Hispanic or Latino
EMP-2273,Robert,Davis,robert.davis@techcorp.com,Male,EMP-2571,2018-10-07,2025-06-25,Involuntary,Performance,Legal,Employment Law,IC2,Exempt,104000,0.079,CA,Asian
EMP-2274,Jennifer,Hardin,jennifer.hardin@techcorp.com,Female,EMP-1097,2018-04-24,2024-11-23,Voluntary,Career Move,HR,Talent Acquisition,IC2,Exempt,90000,0.0115,NJ,White
EMP-2275,Morgan,Cummings,morgan.cummings@techcorp.com,Female,EMP-0755,2020-06-04,2024-01-20,Voluntary,Career Move,Engineering,Software Engineering,Director,Exempt,284000,0.15,NJ,Hispanic or Latino
EMP-2276,Ricky,Thompson,ricky.thompson@techcorp.com,Male,EMP-1781,2019-05-16,,,,Engineering,Infrastructure / DevOps,Director,Exempt,256000,0.15,CA,Black or African American
EMP-2277,Samantha,Norris,samantha.norris@techcorp.com,Female,EMP-1861,2018-03-16,,,,Engineering,Data Engineering,IC3,Exempt,122000,0.116,NY,White
EMP-2278,Kenneth,Velez,kenneth.velez@techcorp.com,Male,EMP-1287,2026-05-25,,,,HR,Talent Acquisition,IC4,Exempt,159000,0.0451,NY,Asian
EMP-2279,Linda,Evans,linda.evans@techcorp.com,Female,EMP-2170,2019-12-15,,,,Sales,Enterprise Sales,IC5,Exempt,177000,0.1824,CA,White
EMP-2280,Monica,Johnston,monica.johnston@techcorp.com,Female,EMP-0694,2019-04-18,,,,Marketing,Content Marketing,IC3,Exempt,119000,0.1631,IL,Hispanic or Latino
EMP-2281,Angela,Brown,angela.brown@techcorp.com,Female,EMP-0968,2018-08-07,,,,Legal,Corporate Legal,IC2,Exempt,106000,0.0657,FL,White
EMP-2282,Patricia,Bailey,patricia.bailey@techcorp.com,Female,EMP-2830,2018-02-21,,,,Engineering,Software Engineering,IC3,Exempt,125000,0.09,FL,White
EMP-2283,Ruth,Butler,ruth.butler@techcorp.com,Female,EMP-1939,2020-02-05,,,,HR,HR Business Partnering,M1,Exempt,152000,0.0635,CA,Black or African American
EMP-2284,Shawna,Kane,shawna.kane@techcorp.com,Female,EMP-2733,2020-05-31,,,,Sales,Sales Development,IC2,Non-Exempt,102000,0.1735,CA,Hispanic or Latino
EMP-2285,Cristina,Delgado,cristina.delgado@techcorp.com,Female,EMP-2754,2019-03-30,2021-12-25,Voluntary,Personal Reasons,Sales,Account Management,IC1,Non-Exempt,78000,0.2968,NY,Black or African American
EMP-2286,Lindsey,Smith,lindsey.smith@techcorp.com,Female,EMP-1123,2019-11-25,2026-04-20,Involuntary,Reorganization,Product,Product Management,IC3,Exempt,118000,0.0961,CA,White
EMP-2287,Richard,Reyes,richard.reyes@techcorp.com,Male,EMP-0596,2020-03-19,,,,Product,Product Management,IC3,Exempt,123000,0.0422,CA,Hispanic or Latino
EMP-2288,Elizabeth,Williams,elizabeth.williams@techcorp.com,Female,EMP-2930,2021-08-02,,,,Sales,Account Management,IC5,Exempt,176000,0.1755,CA,White
EMP-2289,Kimberly,Hernandez,kimberly.hernandez@techcorp.com,Female,EMP-1076,2026-03-25,,,,Engineering,Software Engineering,IC4,Exempt,158000,0.1089,WA,Hispanic or Latino
EMP-2290,Kathryn,Walker,kathryn.walker@techcorp.com,Female,EMP-2580,2026-01-19,,,,Sales,Account Management,IC4,Exempt,153000,0.2757,NY,White
EMP-2291,Anthony,Dennis,anthony.dennis@techcorp.com,Male,EMP-0210,2024-05-02,,,,Product,Product Management,M3,Exempt,212000,0.15,IL,White
EMP-2292,Jenna,Griffin,jenna.griffin@techcorp.com,Female,EMP-1121,2022-10-16,2024-07-27,Voluntary,Personal Reasons,Sales,Sales Development,IC3,Exempt,130000,0.1835,CA,Hispanic or Latino
EMP-2293,Kurt,Wagner,kurt.wagner@techcorp.com,Male,EMP-0128,2018-09-21,,,,Sales,Account Management,IC4,Exempt,163000,0.2095,NJ,Black or African American
EMP-2294,Courtney,Roberts,courtney.roberts@techcorp.com,Female,EMP-0894,2021-12-11,,,,Engineering,Security Engineering,IC4,Exempt,159000,0.1369,TX,Asian
EMP-2295,Jennifer,Anderson,jennifer.anderson@techcorp.com,Female,EMP-0331,2018-08-18,,,,Legal,Corporate Legal,IC2,Exempt,98000,0.0578,NY,White
EMP-2296,Bradley,Duncan,bradley.duncan@techcorp.com,Male,EMP-1547,2019-02-13,2025-10-15,Voluntary,Career Move,Engineering,Infrastructure / DevOps,IC4,Exempt,156000,0.1291,NY,Black or African American
EMP-2297,Anthony,Ross,anthony.ross@techcorp.com,Male,EMP-2857,2019-01-30,,,,Finance,Treasury,M1,Exempt,131000,0.023,CA,White
EMP-2298,Bradley,Shaw,bradley.shaw@techcorp.com,Male,EMP-0954,2023-06-03,,,,Engineering,Security Engineering,IC5,Exempt,199000,0.006,IL,Hispanic or Latino
EMP-2299,Raymond,Anderson,raymond.anderson@techcorp.com,Male,EMP-1255,2023-08-30,,,,Sales,Sales Development,IC2,Non-Exempt,91000,0.2143,NY,White
EMP-2300,Brandy,Hansen,brandy.hansen@techcorp.com,Female,EMP-0939,2021-12-18,,,,Marketing,Product Marketing,IC3,Exempt,124000,0.0314,CA,White
EMP-2301,Katherine,Pearson,katherine.pearson@techcorp.com,Female,EMP-0950,2019-12-04,2022-12-27,Voluntary,Personal Reasons,Sales,Customer Success,IC5,Exempt,192000,0.2874,CA,Hispanic or Latino
EMP-2302,Craig,Gilbert,craig.gilbert@techcorp.com,Male,EMP-1097,2025-06-20,,,,Sales,Revenue Operations,IC2,Non-Exempt,85000,0.2016,TX,Hispanic or Latino
EMP-2303,John,Jones,john.jones@techcorp.com,Non-Binary / Third Gender,EMP-0941,2019-07-09,2025-11-26,Involuntary,Reorganization,Legal,Privacy & Data,IC5,Exempt,168000,0.0557,NY,Hispanic or Latino
EMP-2304,Paula,Morris,paula.morris@techcorp.com,Female,EMP-0370,2019-11-12,,,,Product,Product Management,IC4,Exempt,147000,0.05,WA,White
EMP-2305,Thomas,Davis,thomas.davis@techcorp.com,Male,EMP-1248,2018-01-13,,,,HR,People Operations,IC5,Exempt,182000,0.0068,CA,White
EMP-2306,Megan,Henderson,megan.henderson@techcorp.com,Female,EMP-1123,2019-04-23,,,,Engineering,QA Engineering,IC1,Exempt,74000,0.02,NY,Hispanic or Latino
EMP-2307,Gregory,Flores,gregory.flores@techcorp.com,Male,,2021-11-07,,,,Sales,Sales Development,VP,Exempt,396000,0.2123,NY,Black or African American
EMP-2308,Linda,Johnson,linda.johnson@techcorp.com,Female,EMP-0311,2021-03-06,,,,HR,Total Rewards,IC5,Exempt,164000,0.0436,FL,Hispanic or Latino
EMP-2309,Eric,Huerta,eric.huerta@techcorp.com,Male,EMP-2917,2024-06-16,,,,Engineering,QA Engineering,IC2,Exempt,94000,0.0851,NY,White
EMP-2310,Luis,Branch,luis.branch@techcorp.com,Male,EMP-0449,2025-01-05,,,,HR,Total Rewards,IC3,Exempt,124000,0.0607,IL,White
EMP-2311,Jessica,Thomas,jessica.thomas@techcorp.com,Female,EMP-1812,2019-12-13,,,,Legal,Compliance,M2,Exempt,224000,0.0288,TX,Black or African American
EMP-2312,Amanda,Meyers,amanda.meyers@techcorp.com,Female,EMP-0115,2025-03-27,,,,Legal,Corporate Legal,IC4,Exempt,144000,0.0854,CA,White
EMP-2313,Christina,Brooks,christina.brooks@techcorp.com,Female,EMP-1921,2025-04-20,,,,Finance,Financial Planning & Analysis,IC3,Exempt,129000,0.033,CA,Black or African American
EMP-2314,Norma,Farrell,norma.farrell@techcorp.com,Female,EMP-1023,2020-08-18,,,,Sales,Account Management,IC5,Exempt,172000,0.1664,IL,White
EMP-2315,Brian,Brown,brian.brown@techcorp.com,Male,EMP-2917,2018-11-09,,,,Legal,Corporate Legal,IC2,Exempt,106000,0.0988,CA,Two or More Races
EMP-2316,Tiffany,Mcintosh,tiffany.mcintosh@techcorp.com,Female,EMP-1590,2021-01-05,,,,Marketing,Product Marketing,M2,Exempt,179000,0.0757,FL,White
EMP-2317,Sheila,Wilkins,sheila.wilkins@techcorp.com,Female,EMP-1217,2023-01-01,,,,Engineering,QA Engineering,IC3,Exempt,123000,0.1321,CA,Black or African American
EMP-2318,Alexis,Benson,alexis.benson@techcorp.com,Female,EMP-1990,2024-09-14,,,,Sales,Account Management,IC4,Exempt,151000,0.0522,CA,Hispanic or Latino
EMP-2319,Shannon,Johnson,shannon.johnson@techcorp.com,Non-Binary / Third Gender,EMP-1322,2019-07-23,,,,HR,HR Business Partnering,IC1,Non-Exempt,62000,0.0053,IL,Hispanic or Latino
EMP-2320,Daniel,Medina,daniel.medina@techcorp.com,Male,EMP-0144,2019-11-08,,,,Legal,Privacy & Data,IC5,Exempt,188000,0.0962,TX,White
EMP-2321,Christina,Mills,christina.mills@techcorp.com,Female,EMP-2283,2018-09-04,,,,Engineering,Infrastructure / DevOps,IC4,Exempt,145000,0.012,FL,Hispanic or Latino
EMP-2322,David,Webb,david.webb@techcorp.com,Male,EMP-0846,2023-03-08,,,,Product,Product Operations,IC3,Exempt,108000,0.0571,TX,Hispanic or Latino
EMP-2323,Nicholas,Thomas,nicholas.thomas@techcorp.com,Male,EMP-2904,2019-07-13,,,,Finance,Tax,IC4,Exempt,145000,0.0962,CA,White
EMP-2324,Melissa,Smith,melissa.smith@techcorp.com,Female,EMP-2311,2022-09-30,,,,Sales,Account Management,IC1,Non-Exempt,88000,0.1385,NY,White
EMP-2325,Kevin,Alvarado,kevin.alvarado@techcorp.com,Male,,2023-06-30,,,,Engineering,Infrastructure / DevOps,VP,Exempt,358000,0.15,CA,White
EMP-2326,Andrew,Jackson,andrew.jackson@techcorp.com,Male,EMP-0144,2022-11-15,,,,Sales,Account Management,IC4,Exempt,147000,0.23,CA,White
EMP-2327,Duane,Mccormick,duane.mccormick@techcorp.com,Male,EMP-1061,2025-07-18,,,,HR,Talent Acquisition,IC2,Exempt,83000,0.1049,NY,Black or African American
EMP-2328,Lisa,Brown,lisa.brown@techcorp.com,Female,EMP-2839,2024-03-09,,,,Legal,Privacy & Data,IC5,Exempt,182000,0.0907,NY,White
EMP-2329,Mary,Smith,mary.smith@techcorp.com,Female,EMP-1781,2023-06-15,,,,Sales,Enterprise Sales,Director,Exempt,271000,0.2696,CA,White
EMP-2330,Jasmine,Nelson,jasmine.nelson@techcorp.com,Female,EMP-0228,2025-06-09,,,,Sales,Sales Development,IC3,Exempt,116000,0.2596,NY,White
EMP-2331,Samuel,Keller,samuel.keller@techcorp.com,Male,EMP-2909,2021-02-10,,,,Sales,Enterprise Sales,IC1,Non-Exempt,72000,0.0894,NY,Black or African American
EMP-2332,Sean,Smith,sean.smith@techcorp.com,Male,EMP-2509,2020-09-27,,,,Sales,Revenue Operations,IC2,Non-Exempt,118000,0.2409,WA,White
EMP-2333,Sean,Banks,sean.banks@techcorp.com,Male,EMP-0566,2026-05-28,,,,Legal,Compliance,IC3,Exempt,127000,0.075,NY,White
EMP-2334,Crystal,James,crystal.james@techcorp.com,Female,EMP-1541,2026-05-08,2026-06-28,Voluntary,Personal Reasons,Finance,Internal Audit,IC3,Exempt,130000,0.0629,NJ,Black or African American
EMP-2335,William,Garcia,william.garcia@techcorp.com,Male,EMP-1670,2019-11-27,,,,Engineering,Data Engineering,IC3,Exempt,131000,0.0883,TX,White
EMP-2336,Ethan,Delacruz,ethan.delacruz@techcorp.com,Male,EMP-0411,2022-10-20,2026-04-27,Involuntary,Reorganization,Engineering,QA Engineering,IC3,Exempt,142000,0.0314,TX,White
EMP-2337,Joseph,Lopez,joseph.lopez@techcorp.com,Male,EMP-0973,2021-01-07,,,,Marketing,Demand Generation,IC3,Exempt,125000,0.0106,CA,White
EMP-2338,Kathryn,Ellis,kathryn.ellis@techcorp.com,Female,EMP-1784,2021-08-03,,,,HR,People Operations,IC2,Exempt,111000,0.0266,FL,White
EMP-2339,Timothy,Smith,timothy.smith@techcorp.com,Male,EMP-1994,2020-10-11,2025-01-18,Involuntary,Performance,HR,Total Rewards,IC5,Exempt,172000,0.0341,CA,White
EMP-2340,David,Moreno,david.moreno@techcorp.com,Male,EMP-0941,2020-12-15,,,,Product,UX / Design,IC4,Exempt,145000,0.0791,NY,White
EMP-2341,Gavin,Long,gavin.long@techcorp.com,Male,EMP-1093,2024-10-06,2025-12-31,Voluntary,Career Move,Finance,Financial Planning & Analysis,IC3,Exempt,137000,0.1489,CA,White
EMP-2342,Christopher,Reed,christopher.reed@techcorp.com,Male,EMP-1213,2023-12-08,2025-09-17,Involuntary,Performance,Sales,Enterprise Sales,IC2,Non-Exempt,86000,0.2132,IL,White
EMP-2343,Heather,Garrett,heather.garrett@techcorp.com,Female,EMP-0894,2020-06-30,,,,Engineering,Security Engineering,IC1,Exempt,78000,0.081,FL,Hispanic or Latino
EMP-2344,Cynthia,Good,cynthia.good@techcorp.com,Female,EMP-1359,2022-08-29,,,,Engineering,Security Engineering,IC2,Exempt,90000,0.1085,NY,Asian
EMP-2345,Jonathan,Cain,jonathan.cain@techcorp.com,Male,EMP-2148,2023-02-12,,,,Legal,Privacy & Data,IC2,Exempt,88000,0.0349,NY,Black or African American
EMP-2346,Lori,Johns,lori.johns@techcorp.com,Female,EMP-2325,2023-08-28,,,,Finance,Financial Planning & Analysis,Director,Exempt,286000,0.15,FL,White
EMP-2347,Lisa,Johnson,lisa.johnson1@techcorp.com,Non-Binary / Third Gender,EMP-2689,2020-04-16,,,,Product,Product Operations,IC2,Exempt,86000,0.0308,NJ,White
EMP-2348,Kristen,Ramirez,kristen.ramirez@techcorp.com,Female,EMP-0347,2018-12-03,2024-04-04,Voluntary,Career Move,Engineering,Data Engineering,M3,Exempt,222000,0.15,CA,Two or More Races
EMP-2349,Christian,Prince,christian.prince@techcorp.com,Male,EMP-0311,2022-09-27,,,,Engineering,Software Engineering,IC1,Exempt,68000,0.0422,CA,Hispanic or Latino
EMP-2350,Matthew,Miller,matthew.miller@techcorp.com,Male,EMP-2131,2021-06-06,,,,Sales,Customer Success,IC2,Non-Exempt,97000,0.0893,IL,Asian
EMP-2351,Janet,Yu,janet.yu@techcorp.com,Female,EMP-1883,2023-01-31,2026-06-11,Involuntary,Reorganization,Marketing,Marketing Operations,IC3,Exempt,126000,0.0098,TX,White
EMP-2352,Lisa,Garrett,lisa.garrett@techcorp.com,Female,EMP-0924,2023-09-09,,,,Engineering,Infrastructure / DevOps,IC2,Exempt,85000,0.0693,CA,White
EMP-2353,Crystal,Allen,crystal.allen@techcorp.com,Female,EMP-1234,2024-04-10,,,,Engineering,Infrastructure / DevOps,IC3,Exempt,148000,0.0888,IL,Hispanic or Latino
EMP-2354,Christian,Waller,christian.waller@techcorp.com,Male,EMP-0974,2025-11-08,2026-06-28,Voluntary,Career Move,Engineering,Infrastructure / DevOps,IC4,Exempt,147000,0.1254,NY,Two or More Races
EMP-2355,Theodore,Murphy,theodore.murphy@techcorp.com,Male,EMP-2839,2026-04-09,2026-05-13,Voluntary,Personal Reasons,Marketing,Marketing Operations,IC3,Exempt,116000,0.0969,NY,White
EMP-2356,Jamie,Taylor,jamie.taylor1@techcorp.com,Non-Binary / Third Gender,EMP-1257,2023-06-23,,,,Engineering,Infrastructure / DevOps,IC4,Exempt,165000,0.1147,CA,Hispanic or Latino
EMP-2357,Joshua,Mcbride,joshua.mcbride@techcorp.com,Male,EMP-2725,2019-08-10,,,,Engineering,QA Engineering,IC2,Exempt,103000,0.1114,IL,Hispanic or Latino
EMP-2358,Scott,Parker,scott.parker@techcorp.com,Male,EMP-1860,2025-06-21,,,,Engineering,Software Engineering,IC2,Exempt,92000,0.135,CA,Hispanic or Latino
EMP-2359,Michele,Mills,michele.mills@techcorp.com,Female,EMP-2170,2022-10-01,,,,Product,Product Management,M1,Exempt,154000,0.0159,CA,Hispanic or Latino
EMP-2360,Chad,Forbes,chad.forbes@techcorp.com,Male,EMP-0187,2024-12-06,,,,HR,HR Business Partnering,IC1,Non-Exempt,76000,0.0861,NY,White
EMP-2361,William,Thomas,william.thomas@techcorp.com,Male,EMP-1819,2025-06-23,,,,Sales,Sales Development,M1,Exempt,191000,0.2401,FL,White
EMP-2362,Timothy,Stark,timothy.stark@techcorp.com,Male,EMP-2470,2026-05-01,2026-06-13,Voluntary,Compensation,Finance,Treasury,IC4,Exempt,138000,0.0488,NJ,Hispanic or Latino
EMP-2363,Emily,Grant,emily.grant@techcorp.com,Female,EMP-0922,2021-05-20,,,,HR,Total Rewards,IC4,Exempt,149000,0.0143,FL,White
EMP-2364,Travis,Wilson,travis.wilson@techcorp.com,Male,EMP-2686,2018-10-21,,,,HR,HR Business Partnering,IC1,Non-Exempt,64000,0.0401,WA,White
EMP-2365,Emily,Hobbs,emily.hobbs@techcorp.com,Female,,2018-11-02,2023-09-26,Involuntary,Reorganization,Sales,Customer Success,VP,Exempt,295000,0.2092,NY,White
EMP-2366,Nicholas,Cannon,nicholas.cannon@techcorp.com,Male,EMP-1537,2026-04-16,,,,Finance,Tax,IC2,Exempt,94000,0.114,IL,White
EMP-2367,Spencer,Gutierrez,spencer.gutierrez@techcorp.com,Male,EMP-2620,2023-11-23,,,,Marketing,Product Marketing,IC1,Non-Exempt,79000,0.1489,TX,Two or More Races
EMP-2368,Jason,Ramos,jason.ramos@techcorp.com,Male,EMP-1106,2023-07-20,,,,Sales,Account Management,IC1,Non-Exempt,65000,0.1012,TX,Black or African American
EMP-2369,Taylor,Shannon,taylor.shannon@techcorp.com,Female,EMP-1123,2024-04-26,2026-03-01,Voluntary,Career Move,Engineering,Software Engineering,IC3,Exempt,129000,0.02,CA,White
EMP-2370,Timothy,Hill,timothy.hill@techcorp.com,Male,EMP-2204,2024-10-17,,,,Engineering,Software Engineering,M3,Exempt,237000,0.15,NY,White
EMP-2371,Richard,Rodriguez,richard.rodriguez1@techcorp.com,Male,EMP-1541,2022-05-10,,,,Marketing,Demand Generation,IC2,Exempt,91000,0.027,CA,White
EMP-2372,Cody,Farmer,cody.farmer@techcorp.com,Male,EMP-0655,2025-03-11,,,,Sales,Account Management,IC2,Non-Exempt,92000,0.2498,TX,White
EMP-2373,Lisa,Adams,lisa.adams@techcorp.com,Female,EMP-2072,2025-12-17,,,,Sales,Account Management,IC1,Non-Exempt,67000,0.2361,NY,White
EMP-2374,Keith,Hall,keith.hall@techcorp.com,Male,EMP-1123,2025-10-16,,,,Engineering,Infrastructure / DevOps,IC4,Exempt,140000,0.0772,CA,Hispanic or Latino
EMP-2375,David,Mcdaniel,david.mcdaniel@techcorp.com,Male,EMP-2022,2018-02-22,,,,Finance,Accounting,IC3,Exempt,149000,0.081,FL,White
EMP-2376,Heather,Watts,heather.watts@techcorp.com,Female,EMP-0778,2025-06-15,,,,Engineering,Software Engineering,IC1,Exempt,74000,0.0141,IL,White
EMP-2377,John,Shaw,john.shaw@techcorp.com,Male,EMP-2935,2024-10-05,,,,Sales,Account Management,IC4,Exempt,155000,0.1023,NY,White
EMP-2378,Lisa,Joseph,lisa.joseph@techcorp.com,Female,EMP-1303,2024-11-30,,,,Product,UX / Design,IC2,Exempt,97000,0.0761,TX,White
EMP-2379,James,Christian,james.christian@techcorp.com,Male,EMP-1188,2026-01-16,,,,Engineering,Data Engineering,IC3,Exempt,125000,0.0902,WA,White
EMP-2380,Katherine,Taylor,katherine.taylor@techcorp.com,Female,EMP-2884,2021-11-14,,,,HR,HR Business Partnering,IC2,Exempt,104000,0.0129,CA,Hispanic or Latino
EMP-2381,Cheryl,Johnson,cheryl.johnson@techcorp.com,Female,EMP-0311,2019-02-06,,,,Sales,Customer Success,IC4,Exempt,151000,0.0619,NJ,Black or African American
EMP-2382,Pamela,Smith,pamela.smith@techcorp.com,Female,EMP-2713,2023-08-16,,,,Product,UX / Design,IC3,Exempt,130000,0.0684,CA,Hispanic or Latino
EMP-2383,Debra,Gutierrez,debra.gutierrez@techcorp.com,Female,EMP-0202,2024-01-29,2025-10-30,Voluntary,Personal Reasons,Sales,Account Management,IC5,Exempt,163000,0.2767,NJ,White
EMP-2384,Natalie,Mcneil,natalie.mcneil@techcorp.com,Female,EMP-1502,2022-12-15,,,,HR,HR Business Partnering,M1,Exempt,144000,0.061,CA,Hispanic or Latino
EMP-2385,Norma,Jones,norma.jones@techcorp.com,Female,EMP-1091,2019-07-03,,,,Engineering,Security Engineering,IC1,Exempt,75000,0.0851,NY,White
EMP-2386,Tammy,Duke,tammy.duke@techcorp.com,Female,EMP-2130,2026-05-09,,,,Sales,Enterprise Sales,IC1,Non-Exempt,75000,0.13,NY,Black or African American
EMP-2387,Sharon,Burns,sharon.burns@techcorp.com,Female,EMP-2629,2022-06-07,,,,Sales,Account Management,M1,Exempt,155000,0.1094,TX,Black or African American
EMP-2388,Frederick,Ellis,frederick.ellis@techcorp.com,Male,EMP-1666,2026-04-06,,,,HR,Talent Acquisition,IC1,Non-Exempt,74000,0.0699,CA,White
EMP-2389,Danielle,Sullivan,danielle.sullivan@techcorp.com,Female,EMP-0438,2022-06-28,2026-04-19,Voluntary,Personal Reasons,Finance,Treasury,IC2,Exempt,114000,0.0212,CA,Hispanic or Latino
EMP-2390,Andrew,Moss,andrew.moss@techcorp.com,Male,EMP-2970,2022-04-18,2026-05-24,Voluntary,Career Move,Sales,Account Management,IC4,Exempt,158000,0.1318,CA,White
EMP-2391,James,Edwards,james.edwards@techcorp.com,Male,EMP-1474,2025-02-09,,,,Sales,Sales Development,IC2,Non-Exempt,100000,0.1873,WA,White
EMP-2392,Lisa,Newton,lisa.newton@techcorp.com,Female,EMP-0164,2020-06-19,,,,HR,People Operations,M1,Exempt,151000,0.0021,TX,White
EMP-2393,Linda,Fox,linda.fox@techcorp.com,Female,EMP-2007,2018-01-04,,,,HR,HR Business Partnering,IC3,Exempt,124000,0.0707,FL,White
EMP-2394,Sheri,Buchanan,sheri.buchanan@techcorp.com,Female,EMP-1343,2018-05-20,,,,Engineering,QA Engineering,IC5,Exempt,193000,0.1228,CA,White
EMP-2395,Kelly,Hayes,kelly.hayes@techcorp.com,Female,EMP-0175,2021-01-13,,,,Marketing,Product Marketing,IC3,Exempt,142000,0.1177,NY,Asian
EMP-2396,Samantha,Williams,samantha.williams@techcorp.com,Female,EMP-1026,2018-08-27,,,,Engineering,Data Engineering,IC4,Exempt,143000,0.1472,CA,White
EMP-2397,Zachary,Stone,zachary.stone@techcorp.com,Male,EMP-1829,2022-09-15,2026-03-27,Voluntary,Personal Reasons,Engineering,QA Engineering,IC3,Exempt,114000,0.0021,NJ,Black or African American
EMP-2398,James,Moss,james.moss@techcorp.com,Male,EMP-1476,2024-10-27,,,,Marketing,Marketing Operations,IC2,Exempt,99000,0.1689,CA,Asian
EMP-2399,Justin,Black,justin.black@techcorp.com,Male,EMP-2131,2022-12-12,,,,HR,HR Business Partnering,M1,Exempt,165000,0.0874,NY,Black or African American
EMP-2400,Lydia,Williams,lydia.williams@techcorp.com,Female,EMP-0878,2021-02-05,,,,Legal,Corporate Legal,IC5,Exempt,164000,0.0574,NY,White
EMP-2401,Eddie,Sanders,eddie.sanders@techcorp.com,Male,EMP-2984,2021-12-05,,,,HR,Total Rewards,M1,Exempt,139000,0.0792,TX,Hispanic or Latino
EMP-2402,Eric,Carey,eric.carey@techcorp.com,Male,EMP-2128,2021-12-18,,,,Engineering,Infrastructure / DevOps,IC4,Exempt,151000,0.1122,TX,White
EMP-2403,Joel,Henderson,joel.henderson@techcorp.com,Male,EMP-0968,2026-04-13,,,,Marketing,Marketing Operations,IC2,Exempt,81000,0.123,NJ,White
EMP-2404,Lisa,Brown,lisa.brown1@techcorp.com,Female,EMP-2025,2025-12-16,2026-06-28,Voluntary,Personal Reasons,Product,UX / Design,IC4,Exempt,185000,0.1481,NY,White
EMP-2405,Jose,Thomas,jose.thomas@techcorp.com,Male,EMP-0329,2024-03-03,2024-10-20,Voluntary,Career Move,Legal,Employment Law,IC1,Non-Exempt,71000,0.0287,FL,Hispanic or Latino
EMP-2406,Sandra,Hayes,sandra.hayes@techcorp.com,Female,EMP-0202,2025-09-29,,,,Finance,Accounting,IC1,Non-Exempt,73000,0.0765,IL,Black or African American
EMP-2407,Daniel,Osborne,daniel.osborne@techcorp.com,Non-Binary / Third Gender,EMP-2746,2023-04-17,,,,Marketing,Demand Generation,IC1,Non-Exempt,67000,0.0556,CA,White
EMP-2408,Teresa,Horton,teresa.horton@techcorp.com,Female,EMP-1093,2019-03-08,,,,Finance,Accounting,IC2,Exempt,100000,0.1481,CA,White
EMP-2409,Chad,Gutierrez,chad.gutierrez@techcorp.com,Male,EMP-2025,2025-06-16,,,,Sales,Customer Success,IC2,Non-Exempt,89000,0.0837,CA,White
EMP-2410,Joanne,White,joanne.white@techcorp.com,Female,EMP-2871,2020-01-31,2026-06-27,Voluntary,Career Move,Engineering,Data Engineering,IC5,Exempt,191000,0.0019,NY,White
EMP-2411,Leslie,Marquez,leslie.marquez@techcorp.com,Female,EMP-0794,2022-03-29,,,,Engineering,QA Engineering,IC3,Exempt,115000,0.1321,CA,Asian
EMP-2412,Dakota,Gibson,dakota.gibson@techcorp.com,Male,EMP-1249,2023-05-07,,,,Legal,Compliance,IC2,Exempt,97000,0.0973,FL,White
EMP-2413,Heather,Meadows,heather.meadows@techcorp.com,Non-Binary / Third Gender,EMP-1076,2023-10-24,,,,Engineering,Software Engineering,IC1,Exempt,65000,0.1228,CA,White
EMP-2414,Rebecca,Higgins,rebecca.higgins@techcorp.com,Female,EMP-2725,2022-11-08,,,,Finance,Treasury,IC2,Exempt,102000,0.1181,TX,White
EMP-2415,Becky,Wilson,becky.wilson@techcorp.com,Female,EMP-2311,2026-04-03,,,,HR,People Operations,IC1,Non-Exempt,70000,0.0044,NY,Hispanic or Latino
EMP-2416,Jerry,Cox,jerry.cox@techcorp.com,Male,EMP-1116,2023-12-20,,,,HR,Talent Acquisition,IC4,Exempt,159000,0.0654,TX,White
EMP-2417,Joseph,Cruz,joseph.cruz@techcorp.com,Male,EMP-0073,2020-11-27,,,,Product,UX / Design,IC5,Exempt,193000,0.0091,FL,White
EMP-2418,Raven,Hunt,raven.hunt@techcorp.com,Female,EMP-0029,2020-04-26,,,,Engineering,Infrastructure / DevOps,IC4,Exempt,149000,0.0366,TX,Black or African American
EMP-2419,Tiffany,Gray,tiffany.gray@techcorp.com,Female,,2023-01-26,,,,Sales,Account Management,VP,Exempt,341000,0.1975,IL,White
EMP-2420,Jamie,Tate,jamie.tate@techcorp.com,Female,EMP-2900,2024-02-06,,,,Finance,Financial Planning & Analysis,IC3,Exempt,130000,0.0998,CA,White
EMP-2421,Thomas,Cunningham,thomas.cunningham@techcorp.com,Male,EMP-0029,2022-05-16,,,,Legal,Employment Law,IC3,Exempt,130000,0.0953,IL,White
EMP-2422,Mary,Hernandez,mary.hernandez@techcorp.com,Female,EMP-0864,2021-02-17,,,,Sales,Revenue Operations,IC1,Non-Exempt,74000,0.161,IL,White
EMP-2423,Sheila,White,sheila.white@techcorp.com,Female,EMP-2497,2019-09-27,,,,HR,HR Business Partnering,IC3,Exempt,141000,0.1142,CA,Black or African American
EMP-2424,Michael,Barnes,michael.barnes@techcorp.com,Male,EMP-0338,2020-09-12,,,,Finance,Internal Audit,IC3,Exempt,113000,0.1099,IL,White
EMP-2425,Eric,Mack,eric.mack@techcorp.com,Male,EMP-0855,2024-01-18,,,,Engineering,Infrastructure / DevOps,IC1,Exempt,63000,0.0808,TX,Asian
EMP-2426,Jeremy,Sims,jeremy.sims@techcorp.com,Male,EMP-2656,2018-01-15,,,,Engineering,Software Engineering,IC3,Exempt,132000,0.0521,CA,White
EMP-2427,Bruce,Anderson,bruce.anderson@techcorp.com,Male,EMP-1367,2023-01-04,2026-02-05,Involuntary,Reorganization,Engineering,Infrastructure / DevOps,IC1,Exempt,81000,0.082,NY,White
EMP-2428,Christina,Dean,christina.dean@techcorp.com,Female,EMP-1714,2018-09-02,2026-04-27,Voluntary,Compensation,Sales,Customer Success,IC2,Non-Exempt,91000,0.2626,NY,White
EMP-2429,Dawn,Ellis,dawn.ellis@techcorp.com,Female,EMP-0110,2019-12-18,2024-07-03,Voluntary,Compensation,Legal,Employment Law,M1,Exempt,131000,0.0393,NY,White
EMP-2430,Scott,Stephens,scott.stephens@techcorp.com,Male,EMP-1830,2021-04-17,,,,Engineering,Security Engineering,Director,Exempt,223000,0.15,FL,Asian
EMP-2431,Aaron,Andrade,aaron.andrade@techcorp.com,Male,EMP-2384,2020-08-23,,,,Product,UX / Design,IC4,Exempt,137000,0.128,TX,White
EMP-2432,Cynthia,Chapman,cynthia.chapman@techcorp.com,Female,EMP-2311,2025-08-16,,,,Engineering,Software Engineering,IC3,Exempt,120000,0.0143,FL,Hispanic or Latino
EMP-2433,Karen,Ortiz,karen.ortiz@techcorp.com,Female,EMP-2758,2022-01-26,,,,Engineering,QA Engineering,IC5,Exempt,191000,0.0435,CA,Hispanic or Latino
EMP-2434,Angela,Greene,angela.greene@techcorp.com,Female,EMP-1569,2019-03-03,,,,Marketing,Demand Generation,IC2,Exempt,113000,0.0949,CA,White
EMP-2435,Dana,Kelley,dana.kelley@techcorp.com,Female,EMP-2935,2018-03-14,,,,Product,Product Operations,M1,Exempt,156000,0.0393,FL,White
EMP-2436,Lisa,Grant,lisa.grant@techcorp.com,Female,EMP-2909,2025-01-10,,,,Finance,Treasury,IC3,Exempt,121000,0.0432,WA,Black or African American
EMP-2437,Roger,Williams,roger.williams@techcorp.com,Male,EMP-1756,2018-11-08,,,,Engineering,Software Engineering,IC1,Exempt,71000,0.1031,IL,White
EMP-2438,Brittany,Delgado,brittany.delgado@techcorp.com,Female,EMP-2048,2024-11-30,,,,Product,Product Operations,IC1,Exempt,67000,0.0253,FL,White
EMP-2439,Amanda,Nash,amanda.nash@techcorp.com,Female,EMP-0963,2018-05-05,,,,HR,People Operations,IC5,Exempt,175000,0.0113,TX,White
EMP-2440,Michael,Massey,michael.massey@techcorp.com,Male,EMP-1582,2019-05-15,,,,Engineering,Security Engineering,IC2,Exempt,99000,0.0382,TX,White
EMP-2441,Elizabeth,Knapp,elizabeth.knapp@techcorp.com,Female,EMP-0570,2019-12-01,,,,Marketing,Marketing Operations,IC3,Exempt,130000,0.1559,FL,White
EMP-2442,Robert,Thompson,robert.thompson1@techcorp.com,Non-Binary / Third Gender,EMP-1476,2025-07-13,,,,Sales,Sales Development,IC4,Exempt,156000,0.1543,CA,White
EMP-2443,Megan,Carr,megan.carr@techcorp.com,Female,EMP-0702,2021-09-30,,,,Product,Product Management,IC1,Exempt,83000,0.1139,NY,White
EMP-2444,Melissa,Larson,melissa.larson@techcorp.com,Female,EMP-1355,2021-04-24,,,,Marketing,Content Marketing,IC3,Exempt,107000,0.1473,FL,White
EMP-2445,Richard,Thompson,richard.thompson@techcorp.com,Male,EMP-2137,2023-06-16,,,,Product,UX / Design,IC5,Exempt,181000,0.1221,NJ,White
EMP-2446,Jordan,Riley,jordan.riley@techcorp.com,Female,EMP-1883,2021-04-26,,,,Legal,Corporate Legal,IC5,Exempt,187000,0.0932,WA,Hispanic or Latino
EMP-2447,Tara,Davis,tara.davis@techcorp.com,Female,EMP-2264,2021-12-24,,,,Marketing,Brand,IC3,Exempt,115000,0.1051,CA,Black or African American
EMP-2448,Elizabeth,Richardson,elizabeth.richardson@techcorp.com,Female,EMP-2128,2023-11-12,2025-10-06,Voluntary,Personal Reasons,HR,People Operations,IC1,Non-Exempt,73000,0.0985,NY,White
EMP-2449,Jamie,Jones,jamie.jones@techcorp.com,Female,EMP-0228,2018-03-25,,,,Marketing,Content Marketing,IC2,Exempt,95000,0.164,CA,Hispanic or Latino
EMP-2450,Jessica,Pierce,jessica.pierce@techcorp.com,Female,EMP-0791,2019-11-29,2024-01-29,Involuntary,Performance,Sales,Account Management,IC5,Exempt,177000,0.063,CA,White
EMP-2451,Eileen,Taylor,eileen.taylor@techcorp.com,Female,EMP-1496,2018-05-02,,,,Legal,Privacy & Data,M1,Exempt,155000,0.0754,TX,Black or African American
EMP-2452,Michael,Hill,michael.hill1@techcorp.com,Male,EMP-2267,2021-02-13,,,,Product,Product Operations,IC3,Exempt,114000,0.0566,CA,White
EMP-2453,Kelsey,Warren,kelsey.warren@techcorp.com,Female,EMP-0698,2023-04-09,2026-02-09,Involuntary,Reorganization,Sales,Enterprise Sales,M1,Exempt,134000,0.26,CA,White
EMP-2454,Melissa,Salazar,melissa.salazar@techcorp.com,Female,EMP-0824,2018-01-20,,,,Engineering,QA Engineering,IC1,Exempt,64000,0.0371,NY,White
EMP-2455,Ashley,Blair,ashley.blair@techcorp.com,Female,EMP-2131,2025-12-12,,,,Sales,Enterprise Sales,IC4,Exempt,164000,0.1603,CA,Asian
EMP-2456,Lori,Benitez,lori.benitez@techcorp.com,Female,EMP-0831,2019-02-09,,,,Marketing,Product Marketing,IC3,Exempt,111000,0.0846,CA,White
EMP-2457,Karen,Barker,karen.barker@techcorp.com,Female,,2018-10-02,,,,Finance,Accounting,VP,Exempt,375000,0.15,IL,White
EMP-2458,Taylor,Andersen,taylor.andersen@techcorp.com,Female,EMP-2777,2022-02-10,,,,Sales,Sales Development,IC2,Non-Exempt,95000,0.2706,NY,White
EMP-2459,Donna,Lynch,donna.lynch@techcorp.com,Female,EMP-1659,2023-04-01,,,,Engineering,Data Engineering,M1,Exempt,155000,0.1298,CA,White
EMP-2460,Emily,Fox,emily.fox@techcorp.com,Female,EMP-0019,2018-06-01,,,,Engineering,QA Engineering,IC5,Exempt,199000,0.1429,CA,Two or More Races
EMP-2461,Whitney,Gomez,whitney.gomez@techcorp.com,Female,EMP-1000,2021-10-09,,,,Sales,Revenue Operations,IC3,Exempt,126000,0.1854,TX,White
EMP-2462,Beverly,Hart,beverly.hart@techcorp.com,Female,,2024-07-05,,,,Sales,Account Management,VP,Exempt,372000,0.2278,FL,White
EMP-2463,Kelly,Welch,kelly.welch@techcorp.com,Female,EMP-1968,2021-07-09,,,,Sales,Revenue Operations,IC3,Exempt,138000,0.1195,CA,White
EMP-2464,Johnathan,White,johnathan.white@techcorp.com,Male,EMP-0794,2018-10-07,,,,HR,Talent Acquisition,IC2,Exempt,104000,0.0142,CA,White
EMP-2465,Leon,Erickson,leon.erickson@techcorp.com,Male,EMP-1783,2021-09-21,2023-08-23,Involuntary,Performance,Legal,Privacy & Data,M1,Exempt,165000,0.0917,NY,Asian
EMP-2466,Veronica,Smith,veronica.smith@techcorp.com,Female,EMP-2316,2024-02-28,,,,Engineering,Software Engineering,IC3,Exempt,122000,0.0215,NJ,Black or African American
EMP-2467,Allison,Garrett,allison.garrett@techcorp.com,Female,,2024-04-21,,,,Sales,Customer Success,VP,Exempt,344000,0.2301,NY,Hispanic or Latino
EMP-2468,Bailey,Charles,bailey.charles@techcorp.com,Female,EMP-2146,2024-07-13,,,,Sales,Account Management,IC5,Exempt,197000,0.1511,TX,White
EMP-2469,Robert,Duarte,robert.duarte@techcorp.com,Male,EMP-1825,2020-03-02,2026-05-22,Voluntary,Personal Reasons,HR,Talent Acquisition,IC3,Exempt,115000,0.0592,NJ,White
EMP-2470,Jason,Cook,jason.cook@techcorp.com,Male,EMP-1737,2020-11-11,,,,Product,Product Operations,M1,Exempt,155000,0.1271,CA,White
EMP-2471,Justin,Walsh,justin.walsh@techcorp.com,Male,EMP-2839,2021-01-18,,,,Engineering,Software Engineering,IC5,Exempt,187000,0.0554,CA,White
EMP-2472,Adam,Harris,adam.harris@techcorp.com,Male,EMP-1446,2019-10-13,,,,Sales,Customer Success,IC2,Non-Exempt,95000,0.2351,CA,White
EMP-2473,Diane,Tyler,diane.tyler@techcorp.com,Female,EMP-1672,2026-04-30,,,,Engineering,QA Engineering,IC4,Exempt,141000,0.0883,NY,Black or African American
EMP-2474,Eric,Hunter,eric.hunter1@techcorp.com,Male,EMP-0582,2022-03-16,,,,Finance,Financial Planning & Analysis,IC4,Exempt,183000,0.0963,TX,Hispanic or Latino
EMP-2475,Erica,Smith,erica.smith@techcorp.com,Female,EMP-0647,2025-11-16,,,,Engineering,Data Engineering,IC1,Exempt,87000,0.0726,CA,White
EMP-2476,Melissa,Peterson,melissa.peterson@techcorp.com,Female,EMP-2166,2026-01-03,,,,Product,Product Operations,IC1,Exempt,63000,0.0645,NJ,White
EMP-2477,Nathaniel,Gilbert,nathaniel.gilbert@techcorp.com,Male,EMP-0330,2020-07-08,2025-01-10,Voluntary,Personal Reasons,Marketing,Demand Generation,IC3,Exempt,111000,0.1733,CA,White
EMP-2478,Allen,Thompson,allen.thompson@techcorp.com,Male,EMP-2146,2023-03-20,,,,HR,Total Rewards,IC2,Exempt,84000,0.0932,CA,White
EMP-2479,Gary,Morgan,gary.morgan@techcorp.com,Male,EMP-2086,2025-12-04,2026-04-21,Involuntary,Performance,Engineering,Security Engineering,IC2,Exempt,97000,0.0645,FL,White
EMP-2480,Michael,Hendricks,michael.hendricks@techcorp.com,Male,EMP-2459,2023-09-28,,,,Engineering,Infrastructure / DevOps,IC2,Exempt,96000,0.0731,FL,White
EMP-2481,Rebecca,Brewer,rebecca.brewer@techcorp.com,Female,EMP-1028,2022-12-01,,,,Product,Product Management,IC2,Exempt,89000,0.0522,CA,White
EMP-2482,Karen,Burton,karen.burton@techcorp.com,Female,EMP-2008,2021-01-22,,,,Legal,Corporate Legal,IC3,Exempt,109000,0.0682,NJ,White
EMP-2483,Steven,Herrera,steven.herrera@techcorp.com,Male,EMP-1714,2018-03-29,,,,Sales,Revenue Operations,IC2,Non-Exempt,97000,0.0769,FL,Hispanic or Latino
EMP-2484,George,Bowers,george.bowers@techcorp.com,Male,EMP-0346,2022-05-29,,,,Marketing,Demand Generation,IC4,Exempt,141000,0.0053,TX,Two or More Races
EMP-2485,Jennifer,Newton,jennifer.newton1@techcorp.com,Female,EMP-0845,2019-09-26,2025-11-25,Involuntary,Reorganization,Engineering,Software Engineering,IC3,Exempt,134000,0.1068,NY,White
EMP-2486,Sandy,Evans,sandy.evans@techcorp.com,Female,EMP-2500,2020-06-25,,,,Product,UX / Design,IC2,Exempt,96000,0.025,WA,Hispanic or Latino
EMP-2487,Misty,Stewart,misty.stewart@techcorp.com,Female,EMP-1620,2020-02-05,,,,Product,UX / Design,M1,Exempt,138000,0.1248,NY,White
EMP-2488,Joshua,Clark,joshua.clark@techcorp.com,Male,,2019-03-28,,,,Product,UX / Design,VP,Exempt,326000,0.15,WA,White
EMP-2489,Michael,Marsh,michael.marsh@techcorp.com,Male,EMP-2451,2022-03-10,,,,Engineering,Software Engineering,IC4,Exempt,149000,0.0797,IL,White
EMP-2490,Stacy,Gomez,stacy.gomez@techcorp.com,Female,EMP-2713,2021-11-08,,,,HR,Learning & Development,IC1,Non-Exempt,78000,0.1021,FL,White
EMP-2491,Tracy,Ramirez,tracy.ramirez@techcorp.com,Female,EMP-2462,2022-10-31,,,,Marketing,Demand Generation,Director,Exempt,248000,0.1694,NY,White
EMP-2492,Andre,Terrell,andre.terrell@techcorp.com,Male,EMP-1883,2022-01-27,2023-02-14,Voluntary,Career Move,Product,Product Management,IC5,Exempt,190000,0.0301,IL,White
EMP-2493,Lori,Kirby,lori.kirby@techcorp.com,Female,EMP-1834,2020-12-30,,,,Product,Product Management,M2,Exempt,193000,0.0296,TX,Hispanic or Latino
EMP-2494,Kenneth,Price,kenneth.price@techcorp.com,Male,,2019-01-01,2026-05-03,Voluntary,Career Move,Marketing,Product Marketing,VP,Exempt,357000,0.1613,NY,Asian
EMP-2495,Kurt,Hancock,kurt.hancock@techcorp.com,Male,EMP-0194,2019-03-16,,,,Sales,Enterprise Sales,M1,Exempt,163000,0.077,TX,White
EMP-2496,Paul,Thornton,paul.thornton@techcorp.com,Male,EMP-1887,2021-05-22,2026-04-03,Voluntary,Compensation,Marketing,Content Marketing,IC2,Exempt,90000,0.0015,TX,Black or African American
EMP-2497,Emily,Johnson,emily.johnson@techcorp.com,Female,EMP-0678,2024-08-24,2024-10-09,Voluntary,Personal Reasons,Finance,Internal Audit,M1,Exempt,161000,0.0495,TX,Two or More Races
EMP-2498,Jason,Crawford,jason.crawford@techcorp.com,Male,EMP-1446,2025-12-27,,,,Legal,Employment Law,IC2,Exempt,88000,0.0341,NJ,White
EMP-2499,David,Hayes,david.hayes@techcorp.com,Male,EMP-0287,2026-01-30,,,,Finance,Treasury,IC4,Exempt,155000,0.0887,CA,White
EMP-2500,Trevor,Robinson,trevor.robinson@techcorp.com,Male,EMP-2199,2018-10-08,,,,Sales,Account Management,M1,Exempt,144000,0.1537,NY,White
EMP-2501,Elizabeth,Rodriguez,elizabeth.rodriguez@techcorp.com,Female,EMP-1813,2019-10-21,2023-10-10,Voluntary,Career Move,Engineering,QA Engineering,IC5,Exempt,192000,0.1444,NJ,Hispanic or Latino
EMP-2502,Richard,Strickland,richard.strickland@techcorp.com,Male,EMP-0938,2022-06-13,,,,Legal,Employment Law,IC4,Exempt,149000,0.0818,CA,White
EMP-2503,Susan,Wallace,susan.wallace@techcorp.com,Female,EMP-2401,2019-12-07,,,,Finance,Treasury,IC3,Exempt,112000,0.0868,CA,White
EMP-2504,Alexander,Webb,alexander.webb@techcorp.com,Male,EMP-1710,2019-05-07,2025-11-14,Voluntary,Career Move,Sales,Revenue Operations,IC3,Exempt,117000,0.1727,IL,White
EMP-2505,Jonathan,Lee,jonathan.lee@techcorp.com,Male,EMP-2903,2021-05-26,,,,Product,Product Management,IC2,Exempt,103000,0.0855,FL,White
EMP-2506,Tammy,Oconnor,tammy.oconnor@techcorp.com,Female,EMP-0196,2018-06-11,,,,Marketing,Marketing Operations,IC2,Exempt,90000,0.1576,FL,White
EMP-2507,Joseph,Rowe,joseph.rowe@techcorp.com,Male,EMP-1355,2019-06-18,,,,Sales,Sales Development,IC4,Exempt,137000,0.0557,WA,Two or More Races
EMP-2508,Briana,Wiggins,briana.wiggins@techcorp.com,Female,EMP-1135,2024-05-17,,,,Engineering,QA Engineering,IC4,Exempt,155000,0.1283,NY,White
EMP-2509,Rodney,Hurley,rodney.hurley@techcorp.com,Male,EMP-0947,2020-10-02,2025-10-24,Voluntary,Compensation,Marketing,Marketing Operations,M2,Exempt,214000,0.167,CA,White
EMP-2510,Michael,Anderson,michael.anderson@techcorp.com,Male,EMP-1463,2022-04-19,2025-07-30,Voluntary,Career Move,Product,UX / Design,IC1,Exempt,73000,0.0294,NY,Asian
EMP-2511,Nathaniel,Stevens,nathaniel.stevens@techcorp.com,Male,EMP-0973,2019-12-14,,,,Legal,Privacy & Data,IC3,Exempt,125000,0.0906,CA,White
EMP-2512,Miguel,Boyd,miguel.boyd@techcorp.com,Male,EMP-1592,2026-05-24,2026-06-23,Voluntary,Personal Reasons,Engineering,Software Engineering,IC2,Exempt,84000,0.1443,IL,Black or African American
EMP-2513,Aaron,Randolph,aaron.randolph@techcorp.com,Male,EMP-0521,2023-07-30,,,,HR,HR Business Partnering,M3,Exempt,242000,0.1417,CA,White
EMP-2514,Melissa,Wheeler,melissa.wheeler@techcorp.com,Female,EMP-1128,2025-03-16,,,,Legal,Compliance,IC2,Exempt,118000,0.0621,CA,White
EMP-2515,Brandon,Owens,brandon.owens@techcorp.com,Male,EMP-1768,2022-09-25,2024-09-24,Voluntary,Career Move,Engineering,Security Engineering,M3,Exempt,264000,0.15,NY,Hispanic or Latino
EMP-2516,Angel,Meyer,angel.meyer@techcorp.com,Male,EMP-0130,2026-04-26,,,,Sales,Revenue Operations,IC2,Non-Exempt,101000,0.0934,CA,White
EMP-2517,Mary,Edwards,mary.edwards@techcorp.com,Female,EMP-2596,2023-04-05,2026-05-30,Voluntary,Career Move,Finance,Treasury,IC2,Exempt,92000,0.1129,TX,White
EMP-2518,Kenneth,Collins,kenneth.collins@techcorp.com,Male,EMP-1859,2023-02-11,,,,Product,UX / Design,IC5,Exempt,169000,0.0669,NY,White
EMP-2519,Steven,Flores,steven.flores@techcorp.com,Male,EMP-1480,2023-11-23,,,,Engineering,QA Engineering,IC5,Exempt,178000,0.015,IL,White
EMP-2520,Corey,Hill,corey.hill@techcorp.com,Male,EMP-2930,2022-06-11,,,,Engineering,Infrastructure / DevOps,IC5,Exempt,188000,0.1248,IL,White
EMP-2521,Francis,Alexander,francis.alexander@techcorp.com,Male,EMP-2980,2023-08-23,,,,Sales,Customer Success,IC3,Exempt,124000,0.2382,CA,White
EMP-2522,Autumn,Hernandez,autumn.hernandez@techcorp.com,Female,EMP-1249,2020-09-15,2025-06-30,Involuntary,Reorganization,Engineering,Data Engineering,IC4,Exempt,151000,0.0082,WA,Asian
EMP-2523,Donald,Smith,donald.smith@techcorp.com,Male,EMP-0831,2024-08-22,,,,HR,Total Rewards,IC2,Exempt,97000,0.1185,TX,White
EMP-2524,Marcus,Palmer,marcus.palmer@techcorp.com,Male,EMP-2451,2022-08-24,2026-03-20,Voluntary,Personal Reasons,Marketing,Demand Generation,IC1,Non-Exempt,83000,0.1566,NY,Hispanic or Latino
EMP-2525,Daniel,Bell,daniel.bell@techcorp.com,Male,EMP-1819,2019-12-10,,,,Product,Product Management,IC3,Exempt,134000,0.0498,TX,White
EMP-2526,Fernando,Thomas,fernando.thomas@techcorp.com,Male,EMP-0336,2023-06-20,,,,Sales,Customer Success,IC3,Exempt,134000,0.1503,CA,Asian
EMP-2527,Michele,Campbell,michele.campbell@techcorp.com,Female,EMP-1634,2023-07-15,2026-05-22,Voluntary,Personal Reasons,Engineering,Security Engineering,IC5,Exempt,188000,0.1062,TX,Hispanic or Latino
EMP-2528,Danielle,Jones,danielle.jones@techcorp.com,Female,EMP-1234,2025-06-28,,,,Product,UX / Design,IC2,Exempt,95000,0.0593,NY,White
EMP-2529,Louis,Morgan,louis.morgan@techcorp.com,Male,EMP-1648,2020-11-03,,,,HR,Learning & Development,IC2,Exempt,99000,0.0913,TX,White
EMP-2530,Jeremy,Anderson,jeremy.anderson@techcorp.com,Male,EMP-0316,2025-07-10,,,,Engineering,Software Engineering,M1,Exempt,161000,0.0012,FL,Hispanic or Latino
EMP-2531,John,Lowe,john.lowe@techcorp.com,Male,EMP-2715,2025-07-21,,,,Engineering,QA Engineering,IC2,Exempt,102000,0.1081,TX,White
EMP-2532,Ashley,Brown,ashley.brown1@techcorp.com,Female,EMP-2131,2024-12-11,2026-04-30,Voluntary,Personal Reasons,HR,Total Rewards,IC3,Exempt,129000,0.0238,CA,Two or More Races
EMP-2533,Jeffery,White,jeffery.white@techcorp.com,Male,EMP-1188,2018-09-19,,,,Product,Product Management,IC3,Exempt,125000,0.1297,CA,Hispanic or Latino
EMP-2534,Kyle,Watkins,kyle.watkins@techcorp.com,Male,EMP-2871,2022-11-05,,,,Sales,Revenue Operations,IC3,Exempt,116000,0.1619,NY,White
EMP-2535,Sara,Lyons,sara.lyons@techcorp.com,Female,EMP-0346,2019-06-17,,,,Engineering,Security Engineering,IC2,Exempt,100000,0.1154,TX,White
EMP-2536,Lisa,Edwards,lisa.edwards@techcorp.com,Female,EMP-2025,2018-02-07,,,,Sales,Enterprise Sales,IC5,Exempt,191000,0.1976,TX,White
EMP-2537,Ruth,Marquez,ruth.marquez@techcorp.com,Female,EMP-0861,2023-09-20,,,,Sales,Account Management,IC1,Non-Exempt,88000,0.1532,WA,Two or More Races
EMP-2538,Michael,Ferguson,michael.ferguson@techcorp.com,Male,EMP-2868,2022-08-16,,,,Marketing,Content Marketing,IC1,Non-Exempt,75000,0.1409,CA,White
EMP-2539,Valerie,Campos,valerie.campos@techcorp.com,Female,EMP-1463,2020-06-12,,,,Finance,Accounting,IC5,Exempt,182000,0.0296,IL,Black or African American
EMP-2540,Julie,Anderson,julie.anderson1@techcorp.com,Female,EMP-1116,2022-04-05,2025-02-20,Voluntary,Compensation,Sales,Revenue Operations,IC3,Exempt,111000,0.2323,NY,White
EMP-2541,Robin,Gillespie,robin.gillespie@techcorp.com,Female,EMP-0742,2020-07-06,,,,Legal,Compliance,IC2,Exempt,89000,0.0841,CA,Hispanic or Latino
EMP-2542,Julie,Bryant,julie.bryant@techcorp.com,Female,EMP-0300,2025-10-28,,,,Engineering,Infrastructure / DevOps,M1,Exempt,152000,0.0607,IL,White
EMP-2543,Melinda,Mckinney,melinda.mckinney@techcorp.com,Female,EMP-1469,2021-05-06,2026-05-03,Voluntary,Career Move,Finance,Accounting,IC3,Exempt,112000,0.1498,CA,White
EMP-2544,John,Hall,john.hall1@techcorp.com,Male,EMP-0335,2025-12-22,,,,Finance,Financial Planning & Analysis,IC1,Non-Exempt,76000,0.0081,FL,White
EMP-2545,Danny,Callahan,danny.callahan@techcorp.com,Male,EMP-0663,2026-04-23,,,,Engineering,Software Engineering,M3,Exempt,235000,0.15,TX,White
EMP-2546,Luis,Durham,luis.durham@techcorp.com,Male,EMP-2240,2022-01-30,,,,Engineering,Data Engineering,IC2,Exempt,108000,0.1032,NY,Hispanic or Latino
EMP-2547,James,Lyons,james.lyons@techcorp.com,Male,EMP-2459,2025-01-18,,,,Finance,Accounting,IC4,Exempt,163000,0.0894,TX,White
EMP-2548,Maurice,Mccormick,maurice.mccormick@techcorp.com,Male,EMP-0404,2024-07-23,,,,Product,Product Operations,IC2,Exempt,94000,0.0711,WA,Hispanic or Latino
EMP-2549,Sonya,Chavez,sonya.chavez@techcorp.com,Female,EMP-1354,2023-05-13,2026-06-03,Involuntary,Reorganization,Sales,Account Management,IC4,Exempt,155000,0.0818,CA,Hispanic or Latino
EMP-2550,Amanda,Alvarez,amanda.alvarez@techcorp.com,Female,EMP-1978,2018-11-07,,,,HR,Total Rewards,IC1,Non-Exempt,70000,0.01,CA,Hispanic or Latino
EMP-2551,Gregory,Murray,gregory.murray@techcorp.com,Male,EMP-0355,2025-11-08,2026-06-28,Voluntary,Career Move,Marketing,Brand,M3,Exempt,216000,0.1677,NJ,Hispanic or Latino
EMP-2552,Carolyn,Tate,carolyn.tate@techcorp.com,Female,EMP-1549,2025-09-30,,,,Engineering,Infrastructure / DevOps,IC2,Exempt,92000,0.0735,CA,Two or More Races
EMP-2553,Larry,Anderson,larry.anderson@techcorp.com,Male,EMP-2995,2026-01-01,,,,Finance,Financial Planning & Analysis,IC4,Exempt,150000,0.0562,CA,Asian
EMP-2554,Lisa,Robles,lisa.robles@techcorp.com,Non-Binary / Third Gender,EMP-2130,2021-12-07,,,,HR,Total Rewards,IC2,Exempt,96000,0.0811,WA,White
EMP-2555,Erika,Banks,erika.banks@techcorp.com,Female,EMP-1331,2023-02-07,,,,Engineering,Data Engineering,IC2,Exempt,102000,0.0368,FL,Asian
EMP-2556,Ricky,Patel,ricky.patel@techcorp.com,Male,EMP-0653,2021-12-18,,,,Engineering,Software Engineering,M2,Exempt,201000,0.0074,TX,White
EMP-2557,James,Gutierrez,james.gutierrez@techcorp.com,Male,EMP-1097,2025-04-18,,,,Product,Product Management,IC1,Exempt,71000,0.0016,CA,Asian
EMP-2558,Lisa,Kelley,lisa.kelley@techcorp.com,Female,EMP-0943,2020-11-30,,,,Sales,Enterprise Sales,IC2,Non-Exempt,98000,0.0698,CA,White
EMP-2559,Valerie,Reyes,valerie.reyes@techcorp.com,Female,EMP-2130,2021-04-26,,,,Marketing,Product Marketing,IC2,Exempt,106000,0.0436,CA,White
EMP-2560,Glen,Cervantes,glen.cervantes@techcorp.com,Male,EMP-0943,2023-05-19,,,,Marketing,Demand Generation,IC4,Exempt,157000,0.0621,NJ,Asian
EMP-2561,Kevin,Mueller,kevin.mueller@techcorp.com,Male,EMP-2995,2023-06-10,,,,HR,Total Rewards,IC2,Exempt,85000,0.1063,NY,White
EMP-2562,Jessica,Cobb,jessica.cobb@techcorp.com,Female,EMP-2401,2019-11-06,,,,Engineering,Software Engineering,IC5,Exempt,177000,0.0013,IL,White
EMP-2563,Joshua,Young,joshua.young@techcorp.com,Male,EMP-1535,2024-04-27,,,,Marketing,Marketing Operations,IC4,Exempt,139000,0.1352,NY,White
EMP-2564,Mary,Miller,mary.miller@techcorp.com,Female,EMP-1187,2024-07-06,,,,Product,Product Operations,IC1,Exempt,72000,0.0662,FL,White
EMP-2565,Tara,Andrews,tara.andrews1@techcorp.com,Female,EMP-2707,2021-12-04,,,,Sales,Customer Success,IC3,Exempt,119000,0.1249,FL,Hispanic or Latino
EMP-2566,Brittany,Ford,brittany.ford@techcorp.com,Non-Binary / Third Gender,EMP-1560,2022-01-23,,,,Finance,Treasury,IC1,Non-Exempt,72000,0.017,TX,White
EMP-2567,Justin,Short,justin.short@techcorp.com,Male,EMP-2660,2023-05-16,,,,Sales,Enterprise Sales,IC2,Non-Exempt,92000,0.1708,CA,Hispanic or Latino
EMP-2568,Casey,Blanchard,casey.blanchard@techcorp.com,Female,EMP-0733,2021-01-27,,,,Engineering,Infrastructure / DevOps,IC5,Exempt,192000,0.0554,IL,White
EMP-2569,Benjamin,Rodriguez,benjamin.rodriguez@techcorp.com,Male,EMP-2809,2025-07-02,,,,Product,Product Operations,IC1,Exempt,77000,0.0331,FL,Black or African American
EMP-2570,Robin,Wise,robin.wise@techcorp.com,Female,EMP-0330,2018-09-02,,,,Finance,Tax,IC4,Exempt,150000,0.048,NY,White
EMP-2571,Jamie,Snyder,jamie.snyder@techcorp.com,Female,EMP-2868,2022-02-01,,,,Engineering,QA Engineering,M1,Exempt,131000,0.1094,CA,White
EMP-2572,Mary,Davis,mary.davis1@techcorp.com,Female,,2022-08-02,,,,Sales,Sales Development,VP,Exempt,366000,0.2609,NY,Two or More Races
EMP-2573,Ruth,Clay,ruth.clay@techcorp.com,Female,EMP-2660,2018-08-15,,,,Finance,Treasury,IC3,Exempt,122000,0.0303,IL,White
EMP-2574,Steven,Fields,steven.fields@techcorp.com,Male,EMP-1978,2019-10-03,,,,Legal,Compliance,IC1,Non-Exempt,64000,0.0633,TX,Asian
EMP-2575,Dwayne,Hernandez,dwayne.hernandez@techcorp.com,Non-Binary / Third Gender,EMP-1672,2024-03-11,,,,Finance,Accounting,IC3,Exempt,124000,0.118,WA,White
EMP-2576,Kim,Price,kim.price@techcorp.com,Female,EMP-2170,2020-10-09,,,,Sales,Revenue Operations,IC3,Exempt,135000,0.153,TX,Hispanic or Latino
EMP-2577,Laura,Gonzalez,laura.gonzalez@techcorp.com,Female,EMP-2267,2022-12-23,,,,Finance,Accounting,IC5,Exempt,204000,0.0236,TX,Two or More Races
EMP-2578,Michael,Stewart,michael.stewart1@techcorp.com,Male,EMP-1606,2019-08-29,2025-08-28,Voluntary,Compensation,Legal,Privacy & Data,IC1,Non-Exempt,75000,0.0346,NY,White
EMP-2579,Kelly,Gentry,kelly.gentry@techcorp.com,Male,EMP-1560,2024-03-07,,,,HR,People Operations,IC2,Exempt,91000,0.0962,NY,White
EMP-2580,Eric,Harding,eric.harding@techcorp.com,Male,EMP-1590,2025-07-12,,,,Legal,Privacy & Data,M2,Exempt,176000,0.0339,FL,Hispanic or Latino
EMP-2581,Toni,Cooper,toni.cooper@techcorp.com,Non-Binary / Third Gender,EMP-0194,2019-08-05,,,,Sales,Account Management,IC1,Non-Exempt,70000,0.1522,WA,White
EMP-2582,Ann,Smith,ann.smith@techcorp.com,Female,EMP-2465,2020-01-15,,,,Product,Product Management,IC5,Exempt,196000,0.0802,NY,White
EMP-2583,William,Powell,william.powell@techcorp.com,Male,EMP-1745,2024-05-20,2025-10-16,Voluntary,Career Move,Engineering,Infrastructure / DevOps,IC5,Exempt,187000,0.0167,WA,Hispanic or Latino
EMP-2584,Bethany,Phillips,bethany.phillips@techcorp.com,Female,EMP-1303,2018-01-11,,,,Product,Product Operations,IC1,Exempt,74000,0.1382,NJ,White
EMP-2585,Jacob,Dunn,jacob.dunn@techcorp.com,Male,,2022-10-08,,,,Finance,Internal Audit,VP,Exempt,398000,0.15,CA,White
EMP-2586,Anthony,Warner,anthony.warner@techcorp.com,Male,EMP-0196,2021-12-04,2022-01-09,Voluntary,Compensation,Finance,Internal Audit,IC1,Non-Exempt,67000,0.1177,FL,Hispanic or Latino
EMP-2587,Robert,Howard,robert.howard@techcorp.com,Male,EMP-2824,2025-03-01,2025-09-15,Involuntary,Performance,Product,Product Operations,IC3,Exempt,132000,0.0722,TX,White
EMP-2588,Scott,Glenn,scott.glenn@techcorp.com,Male,EMP-2060,2018-04-16,,,,Sales,Customer Success,IC1,Non-Exempt,78000,0.2515,TX,White
EMP-2589,Cynthia,Park,cynthia.park@techcorp.com,Female,EMP-2995,2022-01-13,,,,Engineering,Security Engineering,IC4,Exempt,151000,0.007,CA,White
EMP-2590,James,Flores,james.flores@techcorp.com,Male,EMP-0165,2018-12-17,,,,Sales,Customer Success,IC3,Exempt,107000,0.2178,WA,Hispanic or Latino
EMP-2591,James,James,james.james@techcorp.com,Male,EMP-2785,2025-08-19,,,,Sales,Account Management,IC5,Exempt,163000,0.2088,TX,Asian
EMP-2592,Joshua,Bates,joshua.bates@techcorp.com,Male,EMP-0316,2018-03-10,,,,HR,Total Rewards,IC4,Exempt,156000,0.0785,CA,White
EMP-2593,Karen,Lopez,karen.lopez@techcorp.com,Female,EMP-0438,2022-04-24,,,,Product,UX / Design,IC1,Exempt,72000,0.0462,CA,White
EMP-2594,Janice,Middleton,janice.middleton@techcorp.com,Female,EMP-2984,2025-04-14,,,,Sales,Customer Success,IC2,Non-Exempt,104000,0.2801,CA,Hispanic or Latino
EMP-2595,Ryan,Moore,ryan.moore@techcorp.com,Male,EMP-0203,2021-04-14,,,,Finance,Accounting,IC4,Exempt,153000,0.0354,NY,Hispanic or Latino
EMP-2596,Zachary,Santiago,zachary.santiago@techcorp.com,Male,EMP-2080,2025-04-03,,,,Engineering,Infrastructure / DevOps,M1,Exempt,157000,0.1065,NY,White
EMP-2597,Chad,Jones,chad.jones1@techcorp.com,Male,EMP-0338,2025-12-18,,,,Engineering,Infrastructure / DevOps,IC1,Exempt,64000,0.1052,IL,Hispanic or Latino
EMP-2598,Alan,Griffith,alan.griffith@techcorp.com,Male,EMP-2980,2019-03-04,,,,Finance,Tax,IC1,Non-Exempt,63000,0.0863,CA,White
EMP-2599,John,Kim,john.kim@techcorp.com,Male,EMP-0196,2024-08-13,,,,Product,Product Operations,IC5,Exempt,218000,0.1331,WA,Asian
EMP-2600,William,Miller,william.miller1@techcorp.com,Male,EMP-0645,2019-02-19,,,,Finance,Treasury,IC4,Exempt,157000,0.0392,NY,Two or More Races
EMP-2601,Martin,Perry,martin.perry@techcorp.com,Male,EMP-0824,2019-03-19,2026-06-13,Voluntary,Compensation,Finance,Internal Audit,IC3,Exempt,106000,0.1413,NY,White
EMP-2602,Jesus,Mccormick,jesus.mccormick@techcorp.com,Male,EMP-1781,2023-01-23,,,,Sales,Account Management,Director,Exempt,256000,0.1847,CA,Hispanic or Latino
EMP-2603,Larry,Simmons,larry.simmons@techcorp.com,Male,EMP-1606,2018-12-04,,,,Engineering,QA Engineering,IC2,Exempt,101000,0.1155,NY,Black or African American
EMP-2604,Catherine,Hicks,catherine.hicks@techcorp.com,Female,EMP-0316,2020-12-11,,,,Engineering,Software Engineering,IC1,Exempt,73000,0.0645,NY,White
EMP-2605,Juan,Cole,juan.cole@techcorp.com,Male,EMP-0037,2021-03-16,,,,Engineering,QA Engineering,IC2,Exempt,86000,0.099,NJ,Black or African American
EMP-2606,Henry,Lopez,henry.lopez@techcorp.com,Male,EMP-2160,2026-03-11,,,,Product,UX / Design,IC1,Exempt,71000,0.0381,TX,Black or African American
EMP-2607,Lindsey,Lane,lindsey.lane@techcorp.com,Female,EMP-2361,2024-02-21,,,,Marketing,Content Marketing,IC3,Exempt,118000,0.107,IL,Hispanic or Latino
EMP-2608,Ryan,Young,ryan.young@techcorp.com,Male,EMP-1467,2023-05-01,,,,Sales,Revenue Operations,IC4,Exempt,135000,0.2504,NY,Hispanic or Latino
EMP-2609,Jonathan,Jenkins,jonathan.jenkins@techcorp.com,Male,EMP-1829,2021-01-11,,,,Finance,Financial Planning & Analysis,IC4,Exempt,155000,0.0653,CA,White
EMP-2610,Kimberly,Richardson,kimberly.richardson@techcorp.com,Female,EMP-1648,2021-10-30,2024-11-25,Voluntary,Career Move,Finance,Treasury,IC5,Exempt,163000,0.0296,NJ,White
EMP-2611,William,Carroll,william.carroll@techcorp.com,Male,EMP-0793,2025-09-18,,,,Product,UX / Design,IC4,Exempt,153000,0.1354,TX,White
EMP-2612,Michael,Wilson,michael.wilson@techcorp.com,Male,EMP-0694,2018-09-10,2019-07-31,Voluntary,Career Move,Engineering,Infrastructure / DevOps,M1,Exempt,162000,0.0971,TX,White
EMP-2613,John,Vaughn,john.vaughn@techcorp.com,Male,EMP-0655,2020-04-21,,,,Product,UX / Design,IC4,Exempt,143000,0.0996,TX,White
EMP-2614,Charles,Simon,charles.simon@techcorp.com,Male,EMP-0202,2023-01-23,,,,Sales,Sales Development,IC3,Exempt,131000,0.2696,CA,White
EMP-2615,Victoria,Terrell,victoria.terrell@techcorp.com,Female,EMP-2900,2023-09-07,,,,Sales,Customer Success,IC3,Exempt,140000,0.1952,IL,Hispanic or Latino
EMP-2616,Peggy,Marshall,peggy.marshall@techcorp.com,Female,EMP-1746,2019-09-11,,,,Marketing,Marketing Operations,IC3,Exempt,122000,0.1093,CA,White
EMP-2617,Blake,Wu,blake.wu@techcorp.com,Male,EMP-2884,2020-12-03,,,,Product,Product Operations,IC5,Exempt,189000,0.1446,CA,Hispanic or Latino
EMP-2618,Ann,Kennedy,ann.kennedy@techcorp.com,Female,EMP-1187,2022-12-04,,,,Engineering,Infrastructure / DevOps,IC3,Exempt,106000,0.028,CA,White
EMP-2619,Patrick,Horne,patrick.horne@techcorp.com,Male,EMP-2008,2025-08-19,,,,Sales,Revenue Operations,IC1,Non-Exempt,64000,0.1507,TX,Black or African American
EMP-2620,Angela,Schultz,angela.schultz@techcorp.com,Female,EMP-0171,2018-02-16,2024-11-24,Voluntary,Compensation,Legal,Compliance,M2,Exempt,174000,0.0955,CA,White
EMP-2621,Rebecca,Edwards,rebecca.edwards@techcorp.com,Female,EMP-0347,2020-09-14,,,,Legal,Privacy & Data,M3,Exempt,222000,0.1453,NY,White
EMP-2622,Anthony,Cooper,anthony.cooper@techcorp.com,Male,EMP-1547,2018-12-12,,,,Product,Product Management,IC3,Exempt,125000,0.1162,CA,White
EMP-2623,Paula,Harrison,paula.harrison@techcorp.com,Female,EMP-1382,2021-12-17,2024-10-24,Voluntary,Compensation,HR,Learning & Development,IC1,Non-Exempt,66000,0.0767,CA,Asian
EMP-2624,Jose,Harrison,jose.harrison@techcorp.com,Male,EMP-1127,2025-10-23,,,,Finance,Accounting,IC3,Exempt,131000,0.0098,WA,White
EMP-2625,Nicholas,Fisher,nicholas.fisher@techcorp.com,Male,EMP-0338,2018-05-16,,,,Product,Product Management,IC3,Exempt,115000,0.1301,TX,White
EMP-2626,Toni,Yates,toni.yates@techcorp.com,Female,EMP-0310,2022-06-09,,,,Engineering,Security Engineering,IC3,Exempt,133000,0.0074,TX,White
EMP-2627,Dylan,Johnson,dylan.johnson@techcorp.com,Male,EMP-0216,2025-07-22,,,,Engineering,Data Engineering,Director,Exempt,227000,0.15,WA,White
EMP-2628,Tammy,Curry,tammy.curry@techcorp.com,Female,,2023-02-01,,,,Sales,Account Management,VP,Exempt,372000,0.2632,TX,White
EMP-2629,Nicholas,Elliott,nicholas.elliott@techcorp.com,Male,EMP-1947,2019-09-28,,,,Engineering,Software Engineering,M3,Exempt,237000,0.15,NJ,Hispanic or Latino
EMP-2630,Amy,Kennedy,amy.kennedy@techcorp.com,Female,EMP-0963,2023-05-30,2025-08-21,Voluntary,Compensation,Sales,Account Management,IC1,Non-Exempt,78000,0.2962,IL,White
EMP-2631,Caroline,Williams,caroline.williams@techcorp.com,Female,EMP-1845,2019-04-26,,,,Finance,Tax,M1,Exempt,163000,0.0229,NJ,White
EMP-2632,Wanda,Lamb,wanda.lamb@techcorp.com,Female,EMP-1120,2025-08-13,,,,Sales,Sales Development,IC3,Exempt,149000,0.132,CA,White
EMP-2633,Marcus,Mitchell,marcus.mitchell@techcorp.com,Male,EMP-2556,2022-02-15,,,,Sales,Account Management,IC2,Non-Exempt,86000,0.1689,TX,Black or African American
EMP-2634,Angela,Wagner,angela.wagner@techcorp.com,Female,EMP-0346,2024-06-09,,,,Finance,Accounting,IC5,Exempt,206000,0.0404,NY,White
EMP-2635,Sarah,Ramirez,sarah.ramirez1@techcorp.com,Female,EMP-2970,2021-10-09,,,,Product,Product Operations,IC5,Exempt,183000,0.0739,CA,Black or African American
EMP-2636,Casey,Campbell,casey.campbell@techcorp.com,Male,EMP-0199,2019-04-19,,,,Engineering,Security Engineering,M3,Exempt,239000,0.15,IL,Black or African American
EMP-2637,Shannon,Smith,shannon.smith@techcorp.com,Female,EMP-0938,2019-03-27,,,,Engineering,QA Engineering,IC5,Exempt,184000,0.0871,CA,White
EMP-2638,Brian,Thompson,brian.thompson@techcorp.com,Male,EMP-1000,2019-01-07,,,,Finance,Internal Audit,IC1,Non-Exempt,74000,0.1483,IL,White
EMP-2639,Leslie,Hernandez,leslie.hernandez@techcorp.com,Female,EMP-0165,2019-11-13,,,,HR,HR Business Partnering,IC3,Exempt,116000,0.046,FL,White
EMP-2640,Lindsey,Green,lindsey.green@techcorp.com,Non-Binary / Third Gender,EMP-1569,2024-03-01,,,,Legal,Employment Law,IC2,Exempt,85000,0.0008,NY,Hispanic or Latino
EMP-2641,Michael,Washington,michael.washington@techcorp.com,Male,EMP-0938,2021-04-23,,,,Sales,Enterprise Sales,IC1,Non-Exempt,71000,0.2346,CA,Hispanic or Latino
EMP-2642,Rebecca,Atkins,rebecca.atkins@techcorp.com,Female,EMP-1322,2025-12-17,,,,Engineering,Software Engineering,IC1,Exempt,63000,0.1245,NJ,White
EMP-2643,Grant,Miller,grant.miller@techcorp.com,Male,EMP-1188,2022-02-03,,,,HR,Learning & Development,IC5,Exempt,173000,0.0566,NY,White
EMP-2644,Charles,Peck,charles.peck@techcorp.com,Male,EMP-0100,2018-04-26,,,,Engineering,Data Engineering,IC4,Exempt,145000,0.1209,WA,Black or African American
EMP-2645,Brittany,Crawford,brittany.crawford@techcorp.com,Female,EMP-2878,2018-03-30,2024-04-08,Voluntary,Personal Reasons,Product,Product Management,IC5,Exempt,171000,0.0251,CA,Black or African American
EMP-2646,Wyatt,Townsend,wyatt.townsend@techcorp.com,Male,EMP-2470,2020-02-24,,,,Sales,Enterprise Sales,IC3,Exempt,119000,0.1817,FL,Asian
EMP-2647,Cynthia,Alexander,cynthia.alexander@techcorp.com,Female,EMP-1606,2023-11-11,,,,Sales,Customer Success,IC2,Non-Exempt,98000,0.261,TX,Black or African American
EMP-2648,Marcia,Clark,marcia.clark@techcorp.com,Female,EMP-0321,2024-03-18,,,,Sales,Sales Development,IC4,Exempt,137000,0.2927,NY,Asian
EMP-2649,Morgan,Reed,morgan.reed@techcorp.com,Female,EMP-1446,2026-02-10,,,,Finance,Tax,IC1,Non-Exempt,66000,0.0439,NJ,White
EMP-2650,Karla,Wilson,karla.wilson@techcorp.com,Non-Binary / Third Gender,EMP-0479,2020-04-15,,,,Finance,Treasury,IC3,Exempt,107000,0.1112,IL,Black or African American
EMP-2651,Carol,Ross,carol.ross@techcorp.com,Female,EMP-0794,2018-01-03,,,,Engineering,Security Engineering,IC4,Exempt,145000,0.0482,IL,White
EMP-2652,Eric,Reese,eric.reese@techcorp.com,Male,EMP-0380,2026-04-21,2026-06-21,Voluntary,Career Move,HR,Talent Acquisition,IC2,Exempt,85000,0.0009,CA,Two or More Races
EMP-2653,Nicole,Patel,nicole.patel@techcorp.com,Female,EMP-0329,2023-03-06,2026-03-28,Voluntary,Compensation,Marketing,Demand Generation,IC3,Exempt,112000,0.0371,IL,White
EMP-2654,Jamie,Thornton,jamie.thornton@techcorp.com,Female,EMP-2777,2018-12-26,,,,Engineering,Security Engineering,IC4,Exempt,136000,0.1406,WA,White
EMP-2655,John,Thomas,john.thomas@techcorp.com,Male,EMP-0203,2025-06-19,,,,Finance,Tax,IC3,Exempt,131000,0.0195,NY,White
EMP-2656,Seth,Smith,seth.smith@techcorp.com,Male,EMP-1737,2025-09-21,,,,Sales,Sales Development,M1,Exempt,141000,0.2152,WA,White
EMP-2657,Tammy,Cole,tammy.cole@techcorp.com,Female,EMP-1500,2023-04-22,,,,Engineering,QA Engineering,IC4,Exempt,157000,0.0988,WA,White
EMP-2658,Meghan,Nixon,meghan.nixon@techcorp.com,Female,EMP-2493,2018-10-28,,,,Marketing,Demand Generation,IC3,Exempt,133000,0.092,NY,White
EMP-2659,Michael,Williams,michael.williams2@techcorp.com,Male,EMP-1184,2021-07-28,,,,HR,HR Business Partnering,IC4,Exempt,137000,0.0904,NY,White
EMP-2660,Tabitha,Walsh,tabitha.walsh@techcorp.com,Female,EMP-0391,2019-02-08,,,,Product,UX / Design,M1,Exempt,156000,0.0406,NJ,White
EMP-2661,Tina,Reynolds,tina.reynolds@techcorp.com,Female,EMP-0144,2021-03-25,,,,Sales,Account Management,IC4,Exempt,145000,0.2704,NY,Two or More Races
EMP-2662,Thomas,Garrison,thomas.garrison@techcorp.com,Male,EMP-2042,2020-09-18,,,,Marketing,Brand,IC1,Non-Exempt,75000,0.0815,NY,White
EMP-2663,George,Adams,george.adams@techcorp.com,Male,EMP-2148,2019-04-02,,,,HR,Learning & Development,IC4,Exempt,173000,0.0632,WA,White
EMP-2664,Annette,Pena,annette.pena@techcorp.com,Female,EMP-0037,2023-08-04,2026-06-16,Voluntary,Personal Reasons,Sales,Sales Development,IC5,Exempt,185000,0.2255,NY,Hispanic or Latino
EMP-2665,Jeanne,Mejia,jeanne.mejia@techcorp.com,Female,EMP-1367,2019-10-02,,,,Finance,Tax,M1,Exempt,178000,0.0115,NJ,Hispanic or Latino
EMP-2666,Nicole,Navarro,nicole.navarro@techcorp.com,Female,EMP-0516,2018-12-05,2025-12-18,Voluntary,Compensation,Sales,Account Management,IC1,Non-Exempt,70000,0.2053,TX,Hispanic or Latino
EMP-2667,Leah,Lee,leah.lee@techcorp.com,Female,EMP-2130,2018-03-29,,,,Engineering,QA Engineering,IC2,Exempt,82000,0.0986,NY,White
EMP-2668,George,Vaughn,george.vaughn@techcorp.com,Male,EMP-2935,2026-03-09,,,,HR,HR Business Partnering,IC3,Exempt,122000,0.0606,NY,White
EMP-2669,Catherine,Kelley,catherine.kelley@techcorp.com,Female,EMP-0311,2025-02-15,,,,Marketing,Demand Generation,IC3,Exempt,120000,0.0623,CA,Black or African American
EMP-2670,Megan,Decker,megan.decker@techcorp.com,Female,EMP-0261,2023-06-22,,,,Product,Product Management,IC4,Exempt,167000,0.1143,CA,Two or More Races
EMP-2671,Connor,Garcia,connor.garcia@techcorp.com,Non-Binary / Third Gender,EMP-2758,2021-09-22,,,,Engineering,Infrastructure / DevOps,IC2,Exempt,83000,0.0832,NJ,Black or African American
EMP-2672,Jeremy,Robinson,jeremy.robinson@techcorp.com,Male,EMP-0733,2020-01-30,,,,HR,People Operations,IC5,Exempt,174000,0.0148,NY,Black or African American
EMP-2673,Diane,Lee,diane.lee@techcorp.com,Female,EMP-1846,2023-03-02,,,,Sales,Account Management,IC5,Exempt,203000,0.1153,CA,Black or African American
EMP-2674,Alexander,Davis,alexander.davis@techcorp.com,Male,EMP-0200,2023-07-01,,,,Marketing,Brand,IC1,Non-Exempt,64000,0.1412,FL,White
EMP-2675,Teresa,Douglas,teresa.douglas@techcorp.com,Female,EMP-2297,2020-01-29,,,,Engineering,Software Engineering,IC5,Exempt,185000,0.0358,NY,White
EMP-2676,Russell,Sampson,russell.sampson@techcorp.com,Male,EMP-2470,2021-11-03,,,,Marketing,Marketing Operations,IC4,Exempt,159000,0.0885,WA,White
EMP-2677,Mark,Erickson,mark.erickson@techcorp.com,Male,EMP-0073,2025-12-02,2026-06-30,Involuntary,Performance,Product,Product Operations,IC1,Exempt,64000,0.1082,NJ,White
EMP-2678,Bryan,Gates,bryan.gates@techcorp.com,Male,EMP-1842,2019-06-07,,,,Sales,Customer Success,M3,Exempt,213000,0.1859,CA,Hispanic or Latino
EMP-2679,Carlos,Douglas,carlos.douglas@techcorp.com,Male,EMP-2707,2020-02-08,,,,Engineering,QA Engineering,IC4,Exempt,138000,0.1015,CA,White
EMP-2680,Steven,Knight,steven.knight@techcorp.com,Male,EMP-2105,2020-01-13,2025-12-15,Involuntary,Reorganization,HR,HR Business Partnering,IC5,Exempt,210000,0.1088,TX,Black or African American
EMP-2681,Tracy,Kemp,tracy.kemp@techcorp.com,Female,EMP-1887,2020-04-28,,,,Product,Product Operations,IC5,Exempt,222000,0.0157,NY,Two or More Races
EMP-2682,Melissa,King,melissa.king@techcorp.com,Female,EMP-0703,2026-04-22,,,,Legal,Employment Law,IC1,Non-Exempt,63000,0.065,TX,Hispanic or Latino
EMP-2683,Julie,Mayer,julie.mayer@techcorp.com,Female,EMP-1463,2020-05-06,,,,Engineering,Security Engineering,IC2,Exempt,105000,0.016,CA,Asian
EMP-2684,Mark,Livingston,mark.livingston@techcorp.com,Male,EMP-0703,2025-02-26,,,,Engineering,QA Engineering,IC5,Exempt,194000,0.0657,FL,White
EMP-2685,Destiny,Simmons,destiny.simmons@techcorp.com,Female,EMP-1446,2020-05-05,,,,Finance,Treasury,IC3,Exempt,132000,0.1323,CA,White
EMP-2686,Stephanie,Carrillo,stephanie.carrillo@techcorp.com,Female,EMP-2053,2021-08-11,2024-07-22,Voluntary,Compensation,Engineering,Infrastructure / DevOps,M2,Exempt,183000,0.1281,IL,White
EMP-2687,Frank,Martin,frank.martin@techcorp.com,Male,EMP-1257,2020-01-04,2026-06-08,Voluntary,Personal Reasons,Legal,Compliance,IC5,Exempt,196000,0.0219,WA,White
EMP-2688,Benjamin,Waters,benjamin.waters@techcorp.com,Male,EMP-2025,2019-02-15,,,,HR,People Operations,IC1,Non-Exempt,78000,0.0073,CA,Hispanic or Latino
EMP-2689,Janet,Cook,janet.cook@techcorp.com,Female,EMP-0370,2025-10-30,,,,Engineering,Software Engineering,M1,Exempt,137000,0.1484,CA,White
EMP-2690,Amy,Sosa,amy.sosa@techcorp.com,Female,EMP-1968,2021-10-12,,,,Engineering,Data Engineering,IC2,Exempt,81000,0.0367,CA,White
EMP-2691,Dennis,Alexander,dennis.alexander@techcorp.com,Male,EMP-2429,2020-08-01,,,,Sales,Revenue Operations,IC1,Non-Exempt,70000,0.0693,NY,Hispanic or Latino
EMP-2692,John,Mcfarland,john.mcfarland@techcorp.com,Male,EMP-0116,2025-04-25,2025-11-30,Voluntary,Career Move,Marketing,Content Marketing,IC4,Exempt,136000,0.0176,TX,White
EMP-2693,Leonard,White,leonard.white@techcorp.com,Male,EMP-0924,2023-05-08,,,,Product,Product Management,IC4,Exempt,149000,0.0587,NJ,White
EMP-2694,Johnathan,Thomas,johnathan.thomas@techcorp.com,Male,EMP-2048,2020-09-25,,,,Finance,Accounting,IC1,Non-Exempt,78000,0.1184,NY,Hispanic or Latino
EMP-2695,Randy,Robinson,randy.robinson@techcorp.com,Male,EMP-0742,2019-05-06,,,,Marketing,Marketing Operations,IC3,Exempt,106000,0.0041,CA,Black or African American
EMP-2696,Maria,Gaines,maria.gaines@techcorp.com,Female,EMP-1463,2025-10-19,,,,Product,Product Operations,IC2,Exempt,94000,0.1381,TX,White
EMP-2697,Michelle,Garcia,michelle.garcia@techcorp.com,Female,EMP-2909,2022-11-19,,,,Engineering,QA Engineering,IC3,Exempt,143000,0.067,WA,Hispanic or Latino
EMP-2698,Benjamin,Duncan,benjamin.duncan@techcorp.com,Male,EMP-0800,2018-05-18,2026-01-13,Voluntary,Personal Reasons,Legal,Compliance,IC3,Exempt,130000,0.0927,TX,Asian
EMP-2699,Danielle,Griffin,danielle.griffin@techcorp.com,Female,EMP-2777,2024-09-29,2026-01-05,Involuntary,Reorganization,Engineering,QA Engineering,IC3,Exempt,124000,0.1107,WA,White
EMP-2700,Stephanie,Hernandez,stephanie.hernandez@techcorp.com,Female,EMP-2843,2022-11-11,,,,Engineering,QA Engineering,IC3,Exempt,133000,0.0386,WA,White
EMP-2701,Martin,Fitzpatrick,martin.fitzpatrick@techcorp.com,Male,EMP-0303,2020-05-14,,,,Marketing,Brand,IC1,Non-Exempt,81000,0.0964,NY,White
EMP-2702,Mary,Adams,mary.adams@techcorp.com,Female,EMP-2493,2022-06-12,,,,HR,Talent Acquisition,IC3,Exempt,109000,0.0107,CA,Asian
EMP-2703,Melissa,Conway,melissa.conway@techcorp.com,Female,EMP-0894,2019-11-30,,,,Legal,Corporate Legal,IC5,Exempt,188000,0.0384,CA,Hispanic or Latino
EMP-2704,Kenneth,Robertson,kenneth.robertson@techcorp.com,Male,EMP-0335,2022-02-16,,,,Product,Product Operations,IC2,Exempt,88000,0.0034,CA,White
EMP-2705,Todd,Henry,todd.henry@techcorp.com,Male,EMP-2022,2018-10-17,,,,Sales,Account Management,IC3,Exempt,119000,0.2065,FL,White
EMP-2706,Jessica,Anthony,jessica.anthony@techcorp.com,Female,EMP-1288,2019-05-14,,,,HR,Total Rewards,IC1,Non-Exempt,69000,0.0456,CA,White
EMP-2707,Richard,Floyd,richard.floyd@techcorp.com,Male,EMP-0434,2022-02-05,,,,HR,Learning & Development,M1,Exempt,178000,0.0911,CA,White
EMP-2708,Joshua,Smith,joshua.smith@techcorp.com,Male,EMP-2297,2021-01-18,,,,HR,Total Rewards,IC2,Exempt,105000,0.112,TX,Hispanic or Latino
EMP-2709,Tiffany,Meyers,tiffany.meyers@techcorp.com,Female,EMP-0672,2020-12-26,,,,Engineering,QA Engineering,IC4,Exempt,159000,0.1364,TX,White
EMP-2710,Karen,Bradley,karen.bradley@techcorp.com,Female,EMP-0583,2025-03-24,,,,Sales,Enterprise Sales,IC2,Non-Exempt,101000,0.2608,TX,White
EMP-2711,Taylor,Howard,taylor.howard@techcorp.com,Female,EMP-1975,2020-11-09,2021-07-25,Voluntary,Compensation,Product,Product Operations,IC1,Exempt,69000,0.0309,TX,White
EMP-2712,Michael,Morales,michael.morales@techcorp.com,Male,EMP-1471,2023-02-05,,,,Legal,Privacy & Data,M3,Exempt,217000,0.1123,TX,White
EMP-2713,Lynn,Benjamin,lynn.benjamin@techcorp.com,Female,EMP-0778,2018-12-01,,,,Product,Product Operations,M1,Exempt,134000,0.0285,NY,White
EMP-2714,Brandon,Nichols,brandon.nichols@techcorp.com,Male,EMP-0438,2025-05-18,,,,Engineering,Software Engineering,IC3,Exempt,111000,0.0943,IL,White
EMP-2715,Tyler,Miller,tyler.miller1@techcorp.com,Male,EMP-0953,2022-11-22,,,,HR,Talent Acquisition,M2,Exempt,193000,0.0326,FL,Hispanic or Latino
EMP-2716,Julia,Miranda,julia.miranda@techcorp.com,Female,EMP-1009,2023-01-19,2025-06-28,Voluntary,Personal Reasons,HR,Total Rewards,IC5,Exempt,193000,0.0741,WA,Two or More Races
EMP-2717,Maria,Thompson,maria.thompson@techcorp.com,Female,EMP-2930,2019-06-26,,,,Legal,Compliance,IC2,Exempt,90000,0.063,NY,Asian
EMP-2718,Andrew,Cruz,andrew.cruz@techcorp.com,Male,EMP-2836,2021-01-07,,,,Engineering,QA Engineering,IC2,Exempt,105000,0.0505,FL,White
EMP-2719,Cheryl,Dominguez,cheryl.dominguez@techcorp.com,Female,EMP-0566,2021-09-29,,,,Legal,Privacy & Data,IC2,Exempt,105000,0.0131,WA,Black or African American
EMP-2720,Steven,Mccoy,steven.mccoy@techcorp.com,Male,EMP-1382,2025-10-19,,,,Finance,Accounting,IC5,Exempt,198000,0.0858,FL,Black or African American
EMP-2721,Christopher,Chen,christopher.chen@techcorp.com,Non-Binary / Third Gender,EMP-1188,2025-03-27,,,,Engineering,Security Engineering,IC2,Exempt,105000,0.0034,NY,White
EMP-2722,Nancy,Taylor,nancy.taylor@techcorp.com,Female,EMP-2148,2021-06-08,,,,Sales,Enterprise Sales,IC2,Non-Exempt,97000,0.2104,NJ,Asian
EMP-2723,Jennifer,Watkins,jennifer.watkins@techcorp.com,Non-Binary / Third Gender,EMP-1546,2022-11-06,,,,Sales,Enterprise Sales,IC2,Non-Exempt,86000,0.1739,NJ,Hispanic or Latino
EMP-2724,Katherine,Brown,katherine.brown1@techcorp.com,Female,EMP-1120,2019-03-11,,,,Finance,Treasury,IC3,Exempt,135000,0.0846,CA,White
EMP-2725,Kimberly,Parker,kimberly.parker@techcorp.com,Female,EMP-2272,2024-07-11,,,,Finance,Tax,M2,Exempt,177000,0.1255,NY,White
EMP-2726,Joseph,Flowers,joseph.flowers@techcorp.com,Male,EMP-0655,2024-11-16,,,,Sales,Revenue Operations,IC2,Non-Exempt,82000,0.1701,TX,White
EMP-2727,Joann,Forbes,joann.forbes@techcorp.com,Female,EMP-0261,2026-05-29,,,,Engineering,QA Engineering,M1,Exempt,159000,0.0869,CA,Asian
EMP-2728,Andrew,Brown,andrew.brown@techcorp.com,Male,,2020-08-07,,,,Product,Product Management,VP,Exempt,374000,0.15,IL,White
EMP-2729,Rachel,Williams,rachel.williams@techcorp.com,Female,EMP-1456,2025-03-01,,,,HR,Talent Acquisition,M3,Exempt,236000,0.1426,CA,Hispanic or Latino
EMP-2730,Bailey,Roman,bailey.roman@techcorp.com,Female,EMP-0583,2024-01-31,,,,Engineering,Data Engineering,IC1,Exempt,77000,0.0041,IL,White
EMP-2731,Mary,Ellis,mary.ellis@techcorp.com,Female,EMP-1887,2024-10-04,,,,Legal,Privacy & Data,IC3,Exempt,135000,0.068,TX,White
EMP-2732,Megan,Sawyer,megan.sawyer@techcorp.com,Female,EMP-2497,2021-04-03,,,,Engineering,Data Engineering,IC2,Exempt,104000,0.0312,NY,Black or African American
EMP-2733,Brittany,Riley,brittany.riley@techcorp.com,Female,EMP-2034,2023-04-26,,,,Engineering,Security Engineering,M1,Exempt,151000,0.0942,TX,White
EMP-2734,Tim,Johnson,tim.johnson@techcorp.com,Male,EMP-0039,2019-07-14,,,,Product,Product Operations,IC3,Exempt,130000,0.1493,TX,Black or African American
EMP-2735,Charles,Valdez,charles.valdez@techcorp.com,Male,EMP-1810,2019-10-09,,,,Engineering,Security Engineering,IC4,Exempt,147000,0.0909,CA,Black or African American
EMP-2736,Kaitlin,Hardin,kaitlin.hardin@techcorp.com,Female,EMP-1363,2024-04-06,,,,Sales,Revenue Operations,IC2,Non-Exempt,93000,0.1719,IL,Hispanic or Latino
EMP-2737,Amber,Haynes,amber.haynes@techcorp.com,Female,EMP-2725,2019-11-10,,,,Sales,Customer Success,IC3,Exempt,118000,0.1143,NJ,White
EMP-2738,Bianca,Jackson,bianca.jackson@techcorp.com,Female,EMP-0084,2019-11-09,2025-04-17,Voluntary,Career Move,HR,Learning & Development,IC5,Exempt,178000,0.0745,NJ,White
EMP-2739,Anthony,Parker,anthony.parker@techcorp.com,Male,EMP-1097,2025-11-25,,,,HR,Learning & Development,IC2,Exempt,97000,0.1108,CA,White
EMP-2740,Riley,Bryant,riley.bryant1@techcorp.com,Male,EMP-1846,2022-06-09,2022-12-18,Voluntary,Career Move,HR,HR Business Partnering,IC4,Exempt,155000,0.0381,CA,White
EMP-2741,Carolyn,Garza,carolyn.garza@techcorp.com,Female,EMP-2042,2026-01-25,,,,Engineering,QA Engineering,IC4,Exempt,136000,0.0554,NY,White
EMP-2742,Robert,Rodriguez,robert.rodriguez@techcorp.com,Male,EMP-1216,2025-10-27,,,,Engineering,Security Engineering,IC4,Exempt,138000,0.1498,CA,White
EMP-2743,Kathleen,Lloyd,kathleen.lloyd@techcorp.com,Female,EMP-0747,2022-12-29,,,,Finance,Accounting,IC3,Exempt,132000,0.0354,TX,Black or African American
EMP-2744,Daniel,Brock,daniel.brock@techcorp.com,Male,EMP-2725,2021-03-31,2022-04-18,Voluntary,Career Move,Marketing,Marketing Operations,IC5,Exempt,173000,0.0282,NJ,Two or More Races
EMP-2745,Jeffery,Cain,jeffery.cain@techcorp.com,Male,EMP-0196,2023-11-18,,,,Sales,Revenue Operations,IC1,Non-Exempt,67000,0.2616,TX,Asian
EMP-2746,William,Gregory,william.gregory@techcorp.com,Male,EMP-1768,2021-07-06,,,,Engineering,Infrastructure / DevOps,M2,Exempt,206000,0.1067,NY,Hispanic or Latino
EMP-2747,Erika,Daugherty,erika.daugherty@techcorp.com,Female,EMP-1135,2018-12-06,,,,Sales,Enterprise Sales,IC5,Exempt,186000,0.2807,FL,White
EMP-2748,Kenneth,Taylor,kenneth.taylor@techcorp.com,Male,EMP-0084,2025-01-12,,,,Sales,Revenue Operations,IC2,Non-Exempt,81000,0.291,NY,Hispanic or Latino
EMP-2749,Sara,Mcguire,sara.mcguire@techcorp.com,Female,EMP-0411,2021-01-27,,,,Product,UX / Design,IC1,Exempt,80000,0.091,NY,Black or African American
EMP-2750,Pamela,Watkins,pamela.watkins@techcorp.com,Female,EMP-1097,2021-09-23,,,,Marketing,Product Marketing,IC2,Exempt,84000,0.085,CA,White
EMP-2751,Gabriela,Martinez,gabriela.martinez@techcorp.com,Female,EMP-0846,2020-12-04,,,,Engineering,Software Engineering,IC2,Exempt,99000,0.1315,FL,Hispanic or Latino
EMP-2752,Charles,Perry,charles.perry@techcorp.com,Male,EMP-0031,2019-03-10,2026-01-13,Involuntary,Reorganization,Product,Product Operations,IC2,Exempt,84000,0.0032,CA,White
EMP-2753,Michael,Tran,michael.tran@techcorp.com,Male,EMP-2878,2021-12-21,,,,Sales,Revenue Operations,M1,Exempt,153000,0.0926,NY,White
EMP-2754,Jeffrey,Frost,jeffrey.frost@techcorp.com,Male,EMP-0924,2024-12-31,,,,Engineering,QA Engineering,M1,Exempt,174000,0.1123,NY,Hispanic or Latino
EMP-2755,Andrew,Garcia,andrew.garcia@techcorp.com,Male,EMP-0442,2019-05-23,,,,Sales,Sales Development,M3,Exempt,218000,0.2268,NY,Hispanic or Latino
EMP-2756,Sarah,Salazar,sarah.salazar@techcorp.com,Female,EMP-2980,2024-12-03,,,,Engineering,Security Engineering,IC2,Exempt,102000,0.0214,CA,Hispanic or Latino
EMP-2757,Richard,Smith,richard.smith1@techcorp.com,Male,EMP-0175,2022-12-29,,,,Legal,Privacy & Data,IC5,Exempt,173000,0.0079,TX,White
EMP-2758,John,Smith,john.smith1@techcorp.com,Male,EMP-0444,2025-07-14,2025-12-19,Voluntary,Personal Reasons,Sales,Sales Development,M1,Exempt,151000,0.2126,NY,White
EMP-2759,Christopher,Davis,christopher.davis@techcorp.com,Male,EMP-1887,2018-12-09,,,,Engineering,Infrastructure / DevOps,IC5,Exempt,179000,0.1321,NY,White
EMP-2760,Marissa,Eaton,marissa.eaton@techcorp.com,Female,EMP-1733,2021-03-09,2025-11-22,Voluntary,Career Move,Finance,Tax,IC2,Exempt,91000,0.0655,TX,White
EMP-2761,Lindsay,Barton,lindsay.barton@techcorp.com,Non-Binary / Third Gender,EMP-1861,2019-12-26,,,,Engineering,Infrastructure / DevOps,IC3,Exempt,128000,0.0449,IL,White
EMP-2762,Michael,Harris,michael.harris@techcorp.com,Male,EMP-2926,2019-09-11,,,,Marketing,Demand Generation,IC3,Exempt,134000,0.0814,CA,White
EMP-2763,Margaret,Mills,margaret.mills@techcorp.com,Female,EMP-1023,2021-02-22,,,,HR,Talent Acquisition,IC3,Exempt,132000,0.0813,CA,Hispanic or Latino
EMP-2764,Jennifer,Hurley,jennifer.hurley@techcorp.com,Female,EMP-1670,2021-01-01,,,,Finance,Accounting,IC1,Non-Exempt,74000,0.0091,NJ,White
EMP-2765,Lisa,Johnson,lisa.johnson2@techcorp.com,Female,,2019-01-29,,,,Legal,Corporate Legal,VP,Exempt,406000,0.123,CA,White
EMP-2766,Catherine,Porter,catherine.porter@techcorp.com,Female,EMP-0116,2026-03-31,,,,HR,People Operations,IC4,Exempt,153000,0.0549,CA,White
EMP-2767,Travis,Burton,travis.burton@techcorp.com,Male,EMP-0702,2024-12-25,,,,Marketing,Demand Generation,IC2,Exempt,94000,0.0705,IL,Hispanic or Latino
EMP-2768,Richard,Bailey,richard.bailey@techcorp.com,Male,EMP-2028,2021-11-23,,,,Product,Product Management,M2,Exempt,205000,0.0928,FL,White
EMP-2769,Abigail,Young,abigail.young@techcorp.com,Female,EMP-0953,2021-02-04,,,,Sales,Enterprise Sales,M2,Exempt,180000,0.1874,WA,White
EMP-2770,Autumn,Moreno,autumn.moreno@techcorp.com,Female,EMP-2909,2025-04-14,,,,Product,Product Operations,IC3,Exempt,132000,0.0145,IL,Asian
EMP-2771,Anna,Cox,anna.cox@techcorp.com,Female,EMP-0187,2022-11-26,,,,Sales,Revenue Operations,IC5,Exempt,167000,0.1232,NY,Asian
EMP-2772,Philip,Fernandez,philip.fernandez@techcorp.com,Male,EMP-1474,2026-01-05,,,,Marketing,Content Marketing,IC2,Exempt,80000,0.0847,FL,Asian
EMP-2773,Daniel,Townsend,daniel.townsend@techcorp.com,Male,EMP-2467,2018-01-22,2025-11-03,Voluntary,Personal Reasons,Product,UX / Design,Director,Exempt,267000,0.15,WA,Hispanic or Latino
EMP-2774,Matthew,Hill,matthew.hill@techcorp.com,Male,EMP-2186,2019-04-11,,,,Engineering,Data Engineering,IC1,Exempt,65000,0.1416,CA,Asian
EMP-2775,Cory,Hogan,cory.hogan@techcorp.com,Male,EMP-1230,2021-09-07,,,,HR,Total Rewards,IC1,Non-Exempt,70000,0.1083,TX,White
EMP-2776,Melinda,Schmitt,melinda.schmitt@techcorp.com,Female,EMP-0793,2018-04-10,,,,Engineering,Security Engineering,IC1,Exempt,63000,0.0247,NY,White
EMP-2777,John,Thompson,john.thompson@techcorp.com,Male,EMP-2008,2020-01-23,,,,Legal,Corporate Legal,M1,Exempt,168000,0.014,TX,White
EMP-2778,Meagan,Williams,meagan.williams@techcorp.com,Female,EMP-1288,2021-11-16,,,,Engineering,Software Engineering,IC1,Exempt,77000,0.0183,WA,Hispanic or Latino
EMP-2779,Maria,Mitchell,maria.mitchell@techcorp.com,Female,EMP-1318,2019-01-15,2026-06-09,Voluntary,Career Move,Engineering,QA Engineering,IC3,Exempt,121000,0.0033,FL,Black or African American
EMP-2780,Jeffrey,Cook,jeffrey.cook@techcorp.com,Male,EMP-2451,2020-06-04,,,,Marketing,Product Marketing,IC3,Exempt,119000,0.1507,CA,Hispanic or Latino
EMP-2781,Renee,Chang,renee.chang@techcorp.com,Female,EMP-0183,2024-05-12,,,,Engineering,Data Engineering,Director,Exempt,260000,0.15,CA,White
EMP-2782,Andrew,Yang,andrew.yang@techcorp.com,Male,EMP-0570,2021-05-01,,,,Marketing,Brand,IC2,Exempt,82000,0.1565,TX,Black or African American
EMP-2783,Tammy,Thompson,tammy.thompson@techcorp.com,Female,EMP-2174,2020-04-30,,,,Legal,Privacy & Data,IC2,Exempt,96000,0.0693,CA,White
EMP-2784,Richard,Washington,richard.washington@techcorp.com,Male,EMP-0073,2022-09-20,,,,Marketing,Marketing Operations,IC2,Exempt,99000,0.1042,FL,White
EMP-2785,Audrey,Jacobson,audrey.jacobson@techcorp.com,Female,EMP-0746,2020-07-23,,,,HR,HR Business Partnering,M1,Exempt,164000,0.0912,CA,White
EMP-2786,Mikayla,Watkins,mikayla.watkins@techcorp.com,Female,EMP-2984,2020-09-12,,,,Engineering,Data Engineering,IC4,Exempt,161000,0.0788,FL,White
EMP-2787,Gabriel,Gonzalez,gabriel.gonzalez@techcorp.com,Male,EMP-2026,2020-11-24,,,,HR,People Operations,IC5,Exempt,161000,0.0048,NJ,White
EMP-2788,Michael,Nguyen,michael.nguyen@techcorp.com,Male,EMP-1532,2019-09-18,,,,Engineering,Security Engineering,IC3,Exempt,120000,0.024,NY,Hispanic or Latino
EMP-2789,Richard,Nguyen,richard.nguyen@techcorp.com,Male,EMP-0974,2023-06-12,,,,HR,HR Business Partnering,IC2,Exempt,93000,0.1012,NJ,Two or More Races
EMP-2790,Brent,Rojas,brent.rojas@techcorp.com,Male,EMP-1321,2018-06-26,,,,Engineering,Infrastructure / DevOps,IC1,Exempt,69000,0.014,NJ,White
EMP-2791,Sergio,Bennett,sergio.bennett@techcorp.com,Male,EMP-0411,2018-07-26,,,,Engineering,Security Engineering,IC2,Exempt,89000,0.0785,IL,White
EMP-2792,Connie,Ruiz,connie.ruiz@techcorp.com,Female,EMP-1213,2025-01-05,,,,Sales,Revenue Operations,IC5,Exempt,189000,0.1509,TX,Two or More Races
EMP-2793,Kari,Zamora,kari.zamora@techcorp.com,Female,EMP-0570,2018-10-06,2024-11-08,Voluntary,Personal Reasons,Engineering,QA Engineering,IC3,Exempt,130000,0.109,CA,White
EMP-2794,Charles,Reilly,charles.reilly@techcorp.com,Male,EMP-2839,2022-03-26,,,,Sales,Enterprise Sales,IC2,Non-Exempt,87000,0.0558,TX,White
EMP-2795,Jordan,Hughes,jordan.hughes@techcorp.com,Female,EMP-1476,2024-11-02,,,,Engineering,Security Engineering,IC1,Exempt,80000,0.0664,CA,White
EMP-2796,Chad,Cortez,chad.cortez@techcorp.com,Male,EMP-0329,2024-04-07,,,,HR,Talent Acquisition,IC3,Exempt,124000,0.1097,NY,Hispanic or Latino
EMP-2797,Mark,Cantrell,mark.cantrell@techcorp.com,Male,EMP-0133,2023-02-11,,,,Legal,Privacy & Data,IC3,Exempt,117000,0.0916,NJ,White
EMP-2798,Christina,Martinez,christina.martinez@techcorp.com,Female,EMP-1255,2022-05-04,,,,Sales,Account Management,IC3,Exempt,110000,0.1041,FL,White
EMP-2799,Melissa,Brown,melissa.brown@techcorp.com,Female,EMP-2873,2026-05-21,,,,Engineering,Security Engineering,Director,Exempt,238000,0.15,TX,Black or African American
EMP-2800,Chad,York,chad.york1@techcorp.com,Male,EMP-0672,2025-09-01,,,,Product,UX / Design,IC2,Exempt,86000,0.1102,NY,White
EMP-2801,Judy,Jackson,judy.jackson@techcorp.com,Female,EMP-0950,2023-12-01,,,,Finance,Treasury,IC2,Exempt,81000,0.1489,CA,Black or African American
EMP-2802,Greg,Tanner,greg.tanner@techcorp.com,Male,EMP-2909,2025-02-20,,,,Legal,Corporate Legal,IC3,Exempt,123000,0.0734,CA,White
EMP-2803,Larry,Clarke,larry.clarke@techcorp.com,Male,EMP-1666,2026-02-07,,,,Finance,Tax,IC1,Non-Exempt,69000,0.1253,NY,White
EMP-2804,Mark,Carr,mark.carr@techcorp.com,Male,EMP-2753,2019-07-07,,,,Legal,Corporate Legal,IC1,Non-Exempt,71000,0.0825,IL,White
EMP-2805,Carolyn,Cordova,carolyn.cordova@techcorp.com,Female,EMP-2842,2020-11-02,,,,Engineering,Software Engineering,IC4,Exempt,168000,0.0498,NY,White
EMP-2806,Scott,Miller,scott.miller@techcorp.com,Male,EMP-0733,2021-11-05,,,,Marketing,Content Marketing,M1,Exempt,141000,0.0618,IL,White
EMP-2807,Shannon,Burns,shannon.burns@techcorp.com,Female,EMP-1187,2022-07-05,,,,Sales,Revenue Operations,IC4,Exempt,139000,0.0947,TX,Two or More Races
EMP-2808,Zachary,Vargas,zachary.vargas@techcorp.com,Male,EMP-0824,2022-09-17,,,,Engineering,Security Engineering,IC2,Exempt,104000,0.0066,FL,White
EMP-2809,Sara,Ramirez,sara.ramirez@techcorp.com,Female,EMP-1659,2023-11-23,,,,Sales,Sales Development,M1,Exempt,165000,0.1395,NJ,Black or African American
EMP-2810,Monica,Fitzgerald,monica.fitzgerald@techcorp.com,Female,EMP-2746,2022-09-30,,,,Engineering,Infrastructure / DevOps,IC2,Exempt,98000,0.028,NY,White
EMP-2811,David,Murphy,david.murphy@techcorp.com,Male,EMP-1860,2022-07-03,,,,Legal,Compliance,IC1,Non-Exempt,70000,0.0641,CA,Asian
EMP-2812,Kevin,Snow,kevin.snow@techcorp.com,Male,EMP-1093,2018-11-21,2023-11-23,Voluntary,Personal Reasons,Engineering,QA Engineering,IC2,Exempt,104000,0.0869,NY,White
EMP-2813,Kevin,Hernandez,kevin.hernandez@techcorp.com,Male,EMP-0300,2022-05-18,,,,Engineering,Software Engineering,IC3,Exempt,123000,0.0651,NY,Black or African American
EMP-2814,Kenneth,Smith,kenneth.smith@techcorp.com,Male,EMP-0308,2021-12-27,2024-09-23,Involuntary,Reorganization,HR,Learning & Development,IC3,Exempt,131000,0.0371,WA,Asian
EMP-2815,Veronica,Williams,veronica.williams@techcorp.com,Female,EMP-2727,2022-06-27,,,,Sales,Sales Development,IC4,Exempt,156000,0.2673,FL,Black or African American
EMP-2816,John,Mack,john.mack@techcorp.com,Male,EMP-1733,2026-01-03,,,,Marketing,Content Marketing,IC3,Exempt,128000,0.1215,TX,Asian
EMP-2817,Amanda,Schmidt,amanda.schmidt@techcorp.com,Female,,2019-03-23,,,,Sales,Revenue Operations,VP,Exempt,432000,0.206,NJ,White
EMP-2818,John,Yates,john.yates@techcorp.com,Male,EMP-2980,2020-11-01,,,,Product,Product Management,IC1,Exempt,73000,0.0536,WA,White
EMP-2819,Samantha,Chavez,samantha.chavez@techcorp.com,Female,EMP-0419,2022-09-19,2025-06-17,Involuntary,Reorganization,Engineering,QA Engineering,IC2,Exempt,94000,0.1248,TX,Hispanic or Latino
EMP-2820,Cynthia,Hansen,cynthia.hansen@techcorp.com,Female,EMP-1975,2023-08-07,,,,Legal,Privacy & Data,IC3,Exempt,125000,0.0263,CA,White
EMP-2821,Alexandria,Dennis,alexandria.dennis@techcorp.com,Female,EMP-2857,2024-06-05,,,,Legal,Privacy & Data,IC5,Exempt,167000,0.0923,IL,White
EMP-2822,Tiffany,Anderson,tiffany.anderson@techcorp.com,Female,EMP-1213,2026-04-15,2026-06-17,Involuntary,Performance,Engineering,Data Engineering,IC2,Exempt,81000,0.1085,FL,Black or African American
EMP-2823,Edward,Holland,edward.holland@techcorp.com,Male,EMP-1382,2020-07-24,,,,Sales,Account Management,IC3,Exempt,129000,0.0747,IL,White
EMP-2824,Ann,Castillo,ann.castillo@techcorp.com,Female,EMP-1347,2020-10-05,,,,Sales,Sales Development,M1,Exempt,165000,0.1738,FL,White
EMP-2825,Elizabeth,Warner,elizabeth.warner@techcorp.com,Female,EMP-0861,2021-06-20,,,,Product,UX / Design,IC2,Exempt,98000,0.0788,WA,Asian
EMP-2826,Shannon,Burgess,shannon.burgess@techcorp.com,Female,EMP-2091,2023-04-20,,,,Engineering,Security Engineering,IC2,Exempt,107000,0.0954,NJ,Hispanic or Latino
EMP-2827,Alexander,Gibson,alexander.gibson@techcorp.com,Male,EMP-1672,2018-02-11,,,,Engineering,Security Engineering,M1,Exempt,146000,0.1347,TX,White
EMP-2828,Patricia,Sawyer,patricia.sawyer@techcorp.com,Female,,2024-04-08,,,,Marketing,Brand,VP,Exempt,309000,0.1552,TX,White
EMP-2829,Jared,Clarke,jared.clarke@techcorp.com,Male,EMP-1825,2020-11-29,,,,Sales,Account Management,IC1,Non-Exempt,64000,0.1356,NY,White
EMP-2830,Jacqueline,Marshall,jacqueline.marshall@techcorp.com,Female,EMP-1213,2024-04-28,,,,Legal,Corporate Legal,M1,Exempt,143000,0.0849,TX,White
EMP-2831,Mark,Dalton,mark.dalton@techcorp.com,Male,EMP-1648,2022-04-01,,,,Product,UX / Design,IC2,Exempt,104000,0.0976,WA,White
EMP-2832,Benjamin,Barry,benjamin.barry@techcorp.com,Male,EMP-2842,2018-08-17,,,,Sales,Revenue Operations,IC4,Exempt,152000,0.1785,CA,Black or African American
EMP-2833,Faith,Johnson,faith.johnson@techcorp.com,Female,EMP-1949,2020-09-07,,,,Sales,Customer Success,IC4,Exempt,155000,0.2121,CA,Asian
EMP-2834,Jessica,Nelson,jessica.nelson1@techcorp.com,Female,EMP-0262,2025-10-01,,,,Legal,Employment Law,IC3,Exempt,130000,0.0095,CA,Hispanic or Latino
EMP-2835,Theresa,Daniels,theresa.daniels@techcorp.com,Female,EMP-0861,2018-11-19,,,,Sales,Enterprise Sales,IC2,Non-Exempt,86000,0.242,WA,White
EMP-2836,Rebecca,French,rebecca.french@techcorp.com,Female,EMP-2715,2023-02-10,,,,Product,Product Management,M1,Exempt,164000,0.0555,CA,White
EMP-2837,Angela,Gilmore,angela.gilmore@techcorp.com,Female,EMP-2542,2020-01-30,,,,HR,People Operations,IC3,Exempt,128000,0.1118,FL,Black or African American
EMP-2838,Noah,Brown,noah.brown@techcorp.com,Male,EMP-1395,2018-08-04,,,,Finance,Tax,IC2,Exempt,95000,0.006,TX,Two or More Races
EMP-2839,Tony,Leonard,tony.leonard@techcorp.com,Male,EMP-1659,2023-07-20,,,,Engineering,Infrastructure / DevOps,M2,Exempt,171000,0.0451,CA,White
EMP-2840,Stacy,Rodriguez,stacy.rodriguez@techcorp.com,Female,EMP-2895,2019-03-17,,,,Sales,Customer Success,IC4,Exempt,143000,0.1061,TX,White
EMP-2841,Jacob,Harvey,jacob.harvey@techcorp.com,Male,EMP-1343,2021-12-12,,,,Engineering,Software Engineering,IC1,Exempt,66000,0.1085,NY,White
EMP-2842,Holly,Thompson,holly.thompson@techcorp.com,Female,EMP-2176,2024-02-04,,,,Finance,Treasury,M2,Exempt,223000,0.0542,NY,White
EMP-2843,Justin,Jones,justin.jones@techcorp.com,Male,EMP-1939,2021-09-11,,,,Engineering,Security Engineering,M1,Exempt,168000,0.0924,NY,White
EMP-2844,Michael,Harris,michael.harris1@techcorp.com,Male,EMP-2612,2018-06-27,2024-07-07,Voluntary,Compensation,Engineering,Data Engineering,IC2,Exempt,101000,0.0636,FL,Hispanic or Latino
EMP-2845,Vicki,Allen,vicki.allen@techcorp.com,Female,EMP-1672,2019-05-28,,,,Sales,Enterprise Sales,IC1,Non-Exempt,67000,0.2744,CA,Hispanic or Latino
EMP-2846,Ashley,Mendoza,ashley.mendoza@techcorp.com,Female,EMP-1255,2022-04-19,,,,Legal,Employment Law,IC3,Exempt,123000,0.0556,TX,Asian
EMP-2847,Todd,Carpenter,todd.carpenter@techcorp.com,Male,EMP-2384,2022-04-26,2024-05-07,Voluntary,Personal Reasons,Finance,Accounting,IC1,Non-Exempt,64000,0.1366,FL,White
EMP-2848,Tyler,Clark,tyler.clark@techcorp.com,Male,EMP-2656,2020-04-25,,,,Legal,Compliance,IC3,Exempt,120000,0.0251,CA,White
EMP-2849,Natasha,Perez,natasha.perez@techcorp.com,Female,EMP-1819,2019-04-17,,,,Sales,Customer Success,M1,Exempt,163000,0.1439,CA,Asian
EMP-2850,Heather,Adams,heather.adams@techcorp.com,Female,EMP-0702,2018-01-26,2026-04-27,Involuntary,Performance,HR,Talent Acquisition,IC2,Exempt,111000,0.0776,CA,White
EMP-2851,Michael,Ramirez,michael.ramirez@techcorp.com,Male,EMP-0331,2021-12-02,2025-04-18,Involuntary,Reorganization,Sales,Revenue Operations,IC1,Non-Exempt,73000,0.1388,CA,White
EMP-2852,Arthur,Reed,arthur.reed@techcorp.com,Male,EMP-0449,2022-08-24,2025-09-03,Voluntary,Career Move,Marketing,Product Marketing,IC4,Exempt,178000,0.0139,NY,White
EMP-2853,Alisha,Martinez,alisha.martinez@techcorp.com,Non-Binary / Third Gender,EMP-0200,2018-11-29,,,,Legal,Privacy & Data,IC1,Non-Exempt,80000,0.0363,NY,White
EMP-2854,Michael,Gregory,michael.gregory1@techcorp.com,Male,EMP-1975,2020-02-28,2026-01-25,Voluntary,Career Move,Engineering,Data Engineering,IC2,Exempt,95000,0.0715,WA,White
EMP-2855,Joseph,Carter,joseph.carter@techcorp.com,Male,EMP-0338,2026-02-23,,,,Legal,Employment Law,IC2,Exempt,88000,0.0055,NJ,Black or African American
EMP-2856,Marc,Marsh,marc.marsh@techcorp.com,Male,EMP-0973,2018-04-06,2025-02-20,Involuntary,Performance,Product,Product Management,IC3,Exempt,130000,0.0815,WA,White
EMP-2857,Tony,Lamb,tony.lamb@techcorp.com,Male,EMP-2430,2025-02-13,,,,HR,People Operations,M2,Exempt,182000,0.0243,IL,Black or African American
EMP-2858,Teresa,Jones,teresa.jones@techcorp.com,Female,EMP-1829,2019-05-14,2020-10-10,Voluntary,Compensation,Product,UX / Design,IC1,Exempt,72000,0.033,IL,White
EMP-2859,Steven,Ellis,steven.ellis@techcorp.com,Male,EMP-2954,2024-06-09,2026-01-04,Voluntary,Compensation,Product,Product Operations,IC4,Exempt,146000,0.063,CA,White
EMP-2860,Angela,Hurst,angela.hurst@techcorp.com,Female,EMP-0824,2020-06-15,,,,Engineering,Software Engineering,IC2,Exempt,97000,0.1126,TX,White
EMP-2861,Dylan,Frye,dylan.frye1@techcorp.com,Male,EMP-2725,2024-12-21,,,,Engineering,Security Engineering,IC2,Exempt,105000,0.1111,TX,White
EMP-2862,Ashley,Hill,ashley.hill@techcorp.com,Female,EMP-2827,2023-08-20,,,,Sales,Sales Development,IC3,Exempt,115000,0.1086,IL,Asian
EMP-2863,Melissa,Crawford,melissa.crawford@techcorp.com,Female,EMP-0851,2021-09-25,2024-12-10,Voluntary,Compensation,Product,Product Operations,IC3,Exempt,135000,0.0987,NJ,White
EMP-2864,Shaun,Meyer,shaun.meyer@techcorp.com,Male,EMP-1480,2023-11-08,,,,Engineering,Software Engineering,IC1,Exempt,66000,0.0804,IL,White
EMP-2865,Mark,Carter,mark.carter@techcorp.com,Male,EMP-1106,2021-06-17,2025-12-25,Voluntary,Compensation,Engineering,Infrastructure / DevOps,IC2,Exempt,96000,0.1249,NJ,White
EMP-2866,Tracy,Weaver,tracy.weaver@techcorp.com,Female,EMP-0111,2021-02-14,2025-02-08,Voluntary,Compensation,Sales,Revenue Operations,IC1,Non-Exempt,73000,0.2958,NJ,Hispanic or Latino
EMP-2867,Bonnie,Reed,bonnie.reed@techcorp.com,Female,EMP-2984,2024-11-08,,,,Legal,Compliance,IC2,Exempt,103000,0.0281,CA,White
EMP-2868,Jill,Newman,jill.newman@techcorp.com,Female,EMP-0949,2021-11-22,,,,Marketing,Marketing Operations,M2,Exempt,185000,0.0098,NJ,Hispanic or Latino
EMP-2869,Dorothy,Brown,dorothy.brown@techcorp.com,Female,EMP-2938,2022-10-11,,,,Sales,Account Management,IC4,Exempt,147000,0.2567,TX,Black or African American
EMP-2870,Shane,Hall,shane.hall@techcorp.com,Male,EMP-2836,2019-09-16,,,,Sales,Customer Success,IC4,Exempt,142000,0.2926,NY,Black or African American
EMP-2871,Theresa,Newman,theresa.newman@techcorp.com,Female,EMP-0072,2021-11-03,,,,Sales,Customer Success,M1,Exempt,156000,0.1362,CA,Two or More Races
EMP-2872,Jason,Cooper,jason.cooper@techcorp.com,Male,EMP-1549,2023-05-19,,,,Engineering,Security Engineering,IC5,Exempt,185000,0.0884,FL,Hispanic or Latino
EMP-2873,Maria,Nguyen,maria.nguyen@techcorp.com,Female,,2018-05-18,,,,Marketing,Marketing Operations,VP,Exempt,312000,0.1683,CA,Black or African American
EMP-2874,Leslie,Terry,leslie.terry@techcorp.com,Female,EMP-0300,2023-04-02,2026-06-05,Voluntary,Personal Reasons,Marketing,Product Marketing,IC5,Exempt,183000,0.1727,TX,White
EMP-2875,Sarah,Wallace,sarah.wallace@techcorp.com,Female,EMP-1303,2024-12-25,,,,Sales,Sales Development,IC2,Non-Exempt,116000,0.1608,FL,Hispanic or Latino
EMP-2876,Elizabeth,Anderson,elizabeth.anderson@techcorp.com,Female,EMP-2100,2019-12-07,,,,Product,Product Management,IC3,Exempt,124000,0.0362,FL,White
EMP-2877,Richard,Jackson,richard.jackson@techcorp.com,Male,EMP-2283,2019-04-26,,,,Engineering,Software Engineering,IC3,Exempt,118000,0.1287,NY,Hispanic or Latino
EMP-2878,David,Washington,david.washington@techcorp.com,Male,EMP-1293,2020-10-14,,,,Sales,Sales Development,M2,Exempt,197000,0.1012,NY,White
EMP-2879,Kayla,Williams,kayla.williams@techcorp.com,Non-Binary / Third Gender,EMP-2777,2019-04-26,2025-04-08,Voluntary,Personal Reasons,Sales,Revenue Operations,IC4,Exempt,141000,0.0917,NY,Hispanic or Latino
EMP-2880,Harry,Bryant,harry.bryant@techcorp.com,Male,EMP-0194,2026-04-28,,,,Engineering,Security Engineering,IC2,Exempt,100000,0.1329,NY,White
EMP-2881,Carol,Glass,carol.glass@techcorp.com,Female,EMP-0336,2023-07-04,2026-06-24,Voluntary,Compensation,HR,HR Business Partnering,IC1,Non-Exempt,89000,0.0449,CA,Hispanic or Latino
EMP-2882,Michelle,Mitchell,michelle.mitchell@techcorp.com,Female,EMP-0039,2022-04-02,,,,Legal,Employment Law,IC2,Exempt,89000,0.0347,NY,White
EMP-2883,Valerie,Franco,valerie.franco@techcorp.com,Female,EMP-2938,2023-01-25,2026-03-27,Involuntary,Performance,Product,Product Operations,IC2,Exempt,105000,0.0204,CA,Hispanic or Latino
EMP-2884,Michael,Estrada,michael.estrada@techcorp.com,Male,EMP-0025,2022-08-02,,,,HR,People Operations,M2,Exempt,178000,0.0024,CA,White
EMP-2885,Christian,Young,christian.young@techcorp.com,Male,EMP-0237,2026-05-19,,,,Sales,Account Management,IC5,Exempt,195000,0.1038,NY,White
EMP-2886,Amanda,Stewart,amanda.stewart@techcorp.com,Female,EMP-2580,2021-03-15,,,,Legal,Privacy & Data,IC1,Non-Exempt,70000,0.009,NY,Hispanic or Latino
EMP-2887,Beth,Green,beth.green@techcorp.com,Female,,2024-08-14,,,,Legal,Privacy & Data,VP,Exempt,281000,0.1484,NJ,Two or More Races
EMP-2888,Cathy,Hart,cathy.hart@techcorp.com,Female,EMP-0821,2024-01-20,,,,Product,UX / Design,IC3,Exempt,142000,0.1032,TX,Hispanic or Latino
EMP-2889,Andrew,Stewart,andrew.stewart@techcorp.com,Male,EMP-1359,2022-05-13,,,,Product,UX / Design,IC5,Exempt,203000,0.0498,CA,White
EMP-2890,Gregg,Watson,gregg.watson@techcorp.com,Male,,2022-07-29,,,,Engineering,QA Engineering,VP,Exempt,360000,0.15,CA,White
EMP-2891,Kimberly,Martin,kimberly.martin@techcorp.com,Female,EMP-0210,2022-03-21,,,,Engineering,Security Engineering,Director,Exempt,275000,0.15,TX,Hispanic or Latino
EMP-2892,Samantha,Sullivan,samantha.sullivan@techcorp.com,Non-Binary / Third Gender,EMP-0128,2023-10-26,2026-06-24,Voluntary,Compensation,Legal,Privacy & Data,IC2,Exempt,97000,0.0795,CA,White
EMP-2893,Kathryn,Thomas,kathryn.thomas@techcorp.com,Female,EMP-1474,2020-02-20,,,,Engineering,Infrastructure / DevOps,IC4,Exempt,144000,0.0575,TX,Hispanic or Latino
EMP-2894,Jimmy,Flores,jimmy.flores@techcorp.com,Male,EMP-1248,2019-07-29,,,,HR,HR Business Partnering,IC2,Exempt,98000,0.0657,TX,White
EMP-2895,April,Rodgers,april.rodgers@techcorp.com,Female,EMP-1454,2023-11-22,,,,HR,Talent Acquisition,M1,Exempt,137000,0.1075,NY,White
EMP-2896,William,Rivera,william.rivera@techcorp.com,Male,EMP-0221,2023-09-11,,,,Marketing,Brand,M2,Exempt,199000,0.1192,NY,Black or African American
EMP-2897,Michael,Wells,michael.wells@techcorp.com,Male,EMP-0449,2023-06-22,,,,Engineering,Data Engineering,IC1,Exempt,84000,0.1261,CA,Black or African American
EMP-2898,Donna,Raymond,donna.raymond@techcorp.com,Female,,2020-07-05,,,,Product,Product Management,VP,Exempt,352000,0.15,IL,White
EMP-2899,Veronica,Berry,veronica.berry@techcorp.com,Female,EMP-2884,2021-05-01,,,,Sales,Sales Development,IC2,Non-Exempt,81000,0.1978,NY,Asian
EMP-2900,Charles,Cunningham,charles.cunningham@techcorp.com,Male,EMP-1833,2023-10-01,,,,Sales,Enterprise Sales,M1,Exempt,136000,0.1888,TX,Asian
EMP-2901,Terry,Ramos,terry.ramos@techcorp.com,Male,EMP-1234,2026-05-18,,,,Finance,Treasury,IC5,Exempt,170000,0.0249,CA,Asian
EMP-2902,Melissa,Dennis,melissa.dennis@techcorp.com,Female,EMP-1116,2019-03-06,2022-03-06,Voluntary,Career Move,Sales,Account Management,IC3,Exempt,126000,0.1466,TX,White
EMP-2903,Steven,Taylor,steven.taylor@techcorp.com,Male,EMP-2207,2023-01-09,,,,Engineering,Software Engineering,M1,Exempt,141000,0.1055,IL,White
EMP-2904,Kristen,Parker,kristen.parker@techcorp.com,Female,EMP-2370,2019-01-12,,,,Engineering,Software Engineering,M1,Exempt,149000,0.0917,CA,White
EMP-2905,Jennifer,Randall,jennifer.randall@techcorp.com,Female,EMP-0566,2022-04-10,,,,Product,UX / Design,IC2,Exempt,92000,0.068,IL,White
EMP-2906,Jeremy,Davis,jeremy.davis@techcorp.com,Male,EMP-2086,2025-05-22,,,,Product,Product Management,IC3,Exempt,128000,0.0097,NY,Hispanic or Latino
EMP-2907,Amy,Davidson,amy.davidson@techcorp.com,Female,EMP-2917,2018-03-15,2025-06-02,Voluntary,Personal Reasons,Engineering,Software Engineering,M1,Exempt,143000,0.0673,CA,White
EMP-2908,Lauren,Walker,lauren.walker@techcorp.com,Female,EMP-0982,2018-12-04,,,,Marketing,Content Marketing,IC4,Exempt,164000,0.0065,NY,White
EMP-2909,Timothy,Ramirez,timothy.ramirez@techcorp.com,Male,EMP-1691,2024-05-29,,,,Engineering,Infrastructure / DevOps,M2,Exempt,196000,0.1104,IL,Hispanic or Latino
EMP-2910,Alexander,Ryan,alexander.ryan@techcorp.com,Male,EMP-0321,2021-08-26,,,,Engineering,Software Engineering,IC1,Exempt,61000,0.1265,TX,White
EMP-2911,Jeremy,Powers,jeremy.powers@techcorp.com,Male,EMP-0878,2022-01-27,,,,Sales,Account Management,IC4,Exempt,155000,0.2869,CA,White
EMP-2912,Brandon,Hunt,brandon.hunt1@techcorp.com,Male,EMP-2092,2022-12-21,,,,Sales,Sales Development,M3,Exempt,217000,0.2797,TX,Asian
EMP-2913,Cheyenne,Stewart,cheyenne.stewart@techcorp.com,Female,EMP-2171,2020-04-05,,,,HR,Total Rewards,IC3,Exempt,128000,0.0816,NY,White
EMP-2914,Lisa,Harding,lisa.harding@techcorp.com,Female,EMP-1355,2020-04-01,,,,Engineering,Data Engineering,IC3,Exempt,123000,0.0882,IL,White
EMP-2915,Terry,Ward,terry.ward@techcorp.com,Male,EMP-2612,2021-05-07,,,,Legal,Corporate Legal,IC1,Non-Exempt,68000,0.0268,NY,White
EMP-2916,Charles,Nash,charles.nash@techcorp.com,Male,,2018-03-14,2025-12-18,Voluntary,Compensation,Engineering,Data Engineering,VP,Exempt,391000,0.15,IL,White
EMP-2917,Jaclyn,Watson,jaclyn.watson@techcorp.com,Female,EMP-0568,2024-09-14,,,,Sales,Account Management,M2,Exempt,170000,0.0923,CA,Two or More Races
EMP-2918,Dominique,Bell,dominique.bell@techcorp.com,Female,EMP-0449,2024-10-09,,,,HR,Talent Acquisition,IC3,Exempt,117000,0.1103,TX,Black or African American
EMP-2919,Vanessa,Sawyer,vanessa.sawyer@techcorp.com,Female,EMP-2857,2019-10-24,2024-04-13,Voluntary,Compensation,Legal,Privacy & Data,IC2,Exempt,100000,0.0461,TX,Black or African American
EMP-2920,Brandon,Luna,brandon.luna@techcorp.com,Male,EMP-2297,2019-08-19,2024-12-15,Involuntary,Reorganization,Legal,Privacy & Data,IC3,Exempt,124000,0.0785,CA,Hispanic or Latino
EMP-2921,Jeremy,Riddle,jeremy.riddle@techcorp.com,Male,EMP-1860,2024-03-26,,,,Sales,Revenue Operations,IC1,Non-Exempt,62000,0.0575,CA,Black or African American
EMP-2922,Robert,Roberts,robert.roberts1@techcorp.com,Male,EMP-0943,2022-03-23,,,,Engineering,QA Engineering,IC3,Exempt,140000,0.0437,CA,Asian
EMP-2923,Renee,Waller,renee.waller@techcorp.com,Female,EMP-0100,2022-01-28,,,,Marketing,Marketing Operations,IC2,Exempt,89000,0.0028,TX,White
EMP-2924,Jessica,Mosley,jessica.mosley@techcorp.com,Female,EMP-0449,2018-03-17,2022-08-24,Voluntary,Compensation,Sales,Revenue Operations,IC4,Exempt,146000,0.1375,NY,Two or More Races
EMP-2925,Charles,Matthews,charles.matthews@techcorp.com,Male,EMP-2713,2019-01-16,2024-12-21,Voluntary,Compensation,Sales,Account Management,IC1,Non-Exempt,79000,0.2026,TX,Asian
EMP-2926,Brandon,Clark,brandon.clark@techcorp.com,Male,EMP-1496,2022-10-30,,,,Engineering,QA Engineering,M2,Exempt,180000,0.0226,CA,White
EMP-2927,Karen,Dillon,karen.dillon@techcorp.com,Female,EMP-1199,2022-10-19,,,,Sales,Account Management,IC2,Non-Exempt,84000,0.1408,NY,Asian
EMP-2928,William,Jones,william.jones@techcorp.com,Male,EMP-1921,2020-02-10,,,,Legal,Compliance,IC1,Non-Exempt,75000,0.045,CA,White
EMP-2929,Toni,Avila,toni.avila@techcorp.com,Female,EMP-2980,2021-05-10,,,,Marketing,Demand Generation,IC5,Exempt,164000,0.0479,CA,White
EMP-2930,Ann,Ortiz,ann.ortiz@techcorp.com,Female,EMP-0995,2020-04-16,,,,Engineering,Data Engineering,M2,Exempt,191000,0.0916,NY,Hispanic or Latino
EMP-2931,Thomas,Perry,thomas.perry@techcorp.com,Male,EMP-1783,2024-02-03,,,,Legal,Privacy & Data,M1,Exempt,174000,0.0837,FL,White
EMP-2932,Kristi,Page,kristi.page@techcorp.com,Female,EMP-0831,2022-03-21,,,,Sales,Enterprise Sales,IC2,Non-Exempt,92000,0.2541,NY,White
EMP-2933,Nicole,Taylor,nicole.taylor@techcorp.com,Female,EMP-2267,2021-12-16,,,,Legal,Corporate Legal,IC1,Non-Exempt,75000,0.0078,IL,Black or African American
EMP-2934,Charlene,James,charlene.james@techcorp.com,Female,EMP-1860,2024-06-07,,,,Engineering,Software Engineering,IC3,Exempt,122000,0.0216,IL,Black or African American
EMP-2935,Kristen,Williams,kristen.williams@techcorp.com,Female,EMP-0722,2021-10-03,2022-11-17,Involuntary,Reorganization,Engineering,Software Engineering,M2,Exempt,174000,0.0793,IL,White
EMP-2936,Samantha,Davenport,samantha.davenport@techcorp.com,Female,EMP-0323,2021-10-13,,,,Finance,Internal Audit,IC5,Exempt,174000,0.1144,CA,Black or African American
EMP-2937,Elizabeth,Hansen,elizabeth.hansen@techcorp.com,Female,EMP-1794,2018-06-24,2025-12-02,Voluntary,Personal Reasons,Legal,Compliance,M1,Exempt,142000,0.0971,NY,Black or African American
EMP-2938,Julie,Johnson,julie.johnson@techcorp.com,Female,EMP-0600,2022-07-04,2022-08-29,Involuntary,Performance,Sales,Customer Success,M1,Exempt,135000,0.2222,CA,Black or African American
EMP-2939,April,Baker,april.baker@techcorp.com,Female,EMP-2462,2024-06-28,,,,Marketing,Product Marketing,Director,Exempt,234000,0.1606,NY,Two or More Races
EMP-2940,Tyler,Flowers,tyler.flowers@techcorp.com,Male,EMP-1187,2019-04-22,,,,Engineering,QA Engineering,IC3,Exempt,126000,0.0682,NY,White
EMP-2941,John,Valdez,john.valdez@techcorp.com,Male,EMP-1830,2026-05-10,,,,Product,UX / Design,M3,Exempt,217000,0.15,NY,Asian
EMP-2942,Robert,Vasquez,robert.vasquez@techcorp.com,Non-Binary / Third Gender,EMP-0647,2024-04-25,,,,Engineering,Security Engineering,IC2,Exempt,85000,0.0613,CA,White
EMP-2943,Melissa,Sanchez,melissa.sanchez@techcorp.com,Female,EMP-0485,2020-07-24,,,,Finance,Tax,IC1,Non-Exempt,75000,0.1025,IL,Hispanic or Latino
EMP-2944,Joshua,Gamble,joshua.gamble@techcorp.com,Non-Binary / Third Gender,EMP-0116,2020-12-23,,,,Sales,Account Management,IC3,Exempt,133000,0.127,CA,White
EMP-2945,Austin,Reese,austin.reese@techcorp.com,Male,EMP-0778,2022-12-24,,,,Marketing,Product Marketing,IC1,Non-Exempt,76000,0.0985,TX,Hispanic or Latino
EMP-2946,Kevin,Cunningham,kevin.cunningham@techcorp.com,Male,EMP-1480,2026-02-01,,,,Legal,Corporate Legal,IC1,Non-Exempt,72000,0.0471,CA,Hispanic or Latino
EMP-2947,Sheena,Burton,sheena.burton@techcorp.com,Female,EMP-0034,2026-05-28,2026-06-28,Involuntary,Reorganization,Engineering,Data Engineering,M3,Exempt,218000,0.15,CA,White
EMP-2948,John,Benson,john.benson@techcorp.com,Male,EMP-2174,2020-02-29,,,,Product,Product Management,IC5,Exempt,163000,0.0668,FL,Hispanic or Latino
EMP-2949,Bryan,Hunt,bryan.hunt@techcorp.com,Male,EMP-1456,2024-01-16,,,,Finance,Treasury,Director,Exempt,273000,0.15,FL,White
EMP-2950,Laura,Bruce,laura.bruce@techcorp.com,Female,EMP-1666,2021-11-30,,,,Marketing,Brand,IC4,Exempt,157000,0.1066,IL,White
EMP-2951,Carla,Brown,carla.brown@techcorp.com,Female,EMP-0133,2020-08-05,,,,Sales,Revenue Operations,IC3,Exempt,125000,0.0547,TX,Hispanic or Latino
EMP-2952,Emma,Johns,emma.johns@techcorp.com,Female,EMP-0856,2026-04-02,2026-06-14,Involuntary,Reorganization,Marketing,Demand Generation,Director,Exempt,244000,0.1771,CA,White
EMP-2953,Brandy,Martin,brandy.martin@techcorp.com,Female,EMP-2060,2018-10-08,,,,Sales,Customer Success,IC4,Exempt,152000,0.0594,WA,White
EMP-2954,Dominic,Barnes,dominic.barnes@techcorp.com,Male,EMP-1635,2026-01-10,,,,Product,Product Management,M2,Exempt,184000,0.1173,NY,White
EMP-2955,Thomas,Kelly,thomas.kelly@techcorp.com,Male,EMP-2361,2024-02-11,,,,HR,People Operations,IC5,Exempt,174000,0.097,NJ,White
EMP-2956,Donna,Moreno,donna.moreno@techcorp.com,Female,EMP-2903,2019-09-14,,,,Finance,Internal Audit,IC2,Exempt,98000,0.078,WA,White
EMP-2957,Taylor,Palmer,taylor.palmer@techcorp.com,Female,EMP-1216,2025-03-15,,,,Marketing,Content Marketing,IC3,Exempt,129000,0.1306,TX,Hispanic or Latino
EMP-2958,Randall,White,randall.white@techcorp.com,Male,EMP-2459,2025-09-29,,,,Engineering,Security Engineering,IC1,Exempt,74000,0.0144,IL,Asian
EMP-2959,Anna,Goodwin,anna.goodwin@techcorp.com,Female,EMP-0116,2024-04-06,,,,Sales,Account Management,IC2,Non-Exempt,94000,0.1409,IL,Hispanic or Latino
EMP-2960,Kimberly,Brennan,kimberly.brennan@techcorp.com,Female,EMP-0324,2024-01-01,2026-04-28,Involuntary,Reorganization,Product,Product Management,IC5,Exempt,178000,0.0262,CA,White
EMP-2961,Ronald,Cohen,ronald.cohen@techcorp.com,Male,EMP-2487,2022-07-12,,,,Engineering,Software Engineering,IC1,Exempt,63000,0.074,TX,White
EMP-2962,Eric,Jennings,eric.jennings@techcorp.com,Male,EMP-1288,2025-09-09,,,,Engineering,Data Engineering,IC5,Exempt,179000,0.0797,NY,White
EMP-2963,Michael,Davis,michael.davis@techcorp.com,Male,EMP-2275,2022-12-25,,,,Finance,Internal Audit,M3,Exempt,250000,0.15,TX,Asian
EMP-2964,Lauren,Morrow,lauren.morrow@techcorp.com,Female,EMP-2346,2025-04-01,,,,Sales,Customer Success,M3,Exempt,204000,0.2139,NY,White
EMP-2965,Alexandria,Holmes,alexandria.holmes@techcorp.com,Female,EMP-1091,2024-08-13,,,,Marketing,Product Marketing,IC2,Exempt,98000,0.0178,WA,White
EMP-2966,Jake,Washington,jake.washington@techcorp.com,Male,,2021-10-27,2025-10-19,Voluntary,Compensation,Sales,Revenue Operations,VP,Exempt,360000,0.2508,NJ,Hispanic or Latino
EMP-2967,Gerald,Bartlett,gerald.bartlett@techcorp.com,Male,EMP-2070,2018-05-01,,,,Engineering,Software Engineering,Director,Exempt,261000,0.15,NY,Two or More Races
EMP-2968,Ashley,Moore,ashley.moore@techcorp.com,Female,EMP-0262,2019-09-09,,,,HR,Learning & Development,IC2,Exempt,94000,0.0536,NY,White
EMP-2969,Daniel,Lopez,daniel.lopez1@techcorp.com,Male,EMP-2361,2022-07-08,,,,Engineering,Data Engineering,IC4,Exempt,154000,0.0673,TX,White
EMP-2970,Stephanie,Austin,stephanie.austin@techcorp.com,Female,EMP-0631,2023-02-24,,,,Legal,Privacy & Data,M2,Exempt,182000,0.0416,FL,Hispanic or Latino
EMP-2971,Sandra,Fox,sandra.fox@techcorp.com,Female,EMP-2419,2024-07-12,,,,Finance,Financial Planning & Analysis,Director,Exempt,275000,0.15,NY,Hispanic or Latino
EMP-2972,Joseph,Arnold,joseph.arnold@techcorp.com,Male,EMP-1860,2025-12-11,,,,Sales,Sales Development,IC3,Exempt,112000,0.1689,NJ,White
EMP-2973,Nicole,Wilson,nicole.wilson1@techcorp.com,Female,EMP-2938,2023-05-27,,,,Product,Product Operations,IC3,Exempt,120000,0.0787,TX,Hispanic or Latino
EMP-2974,Julia,Jones,julia.jones@techcorp.com,Female,EMP-1840,2020-08-15,,,,Marketing,Product Marketing,M3,Exempt,219000,0.1792,IL,White
EMP-2975,Robert,Mclean,robert.mclean@techcorp.com,Male,EMP-0037,2024-12-12,,,,Engineering,Data Engineering,IC1,Exempt,61000,0.0181,CA,White
EMP-2976,John,Collins,john.collins@techcorp.com,Male,EMP-2884,2023-10-19,,,,Sales,Sales Development,IC5,Exempt,182000,0.2474,TX,White
EMP-2977,Lisa,Preston,lisa.preston@techcorp.com,Non-Binary / Third Gender,EMP-2007,2019-03-21,,,,HR,Talent Acquisition,IC3,Exempt,129000,0.0526,NY,Hispanic or Latino
EMP-2978,Linda,Gallagher,linda.gallagher@techcorp.com,Female,,2026-02-22,,,,Engineering,Software Engineering,VP,Exempt,334000,0.15,CA,White
EMP-2979,Gloria,Mckinney,gloria.mckinney@techcorp.com,Female,EMP-2086,2019-05-08,,,,Engineering,Software Engineering,IC1,Exempt,77000,0.1165,CA,Black or African American
EMP-2980,Alyssa,Olsen,alyssa.olsen@techcorp.com,Female,EMP-0171,2020-04-26,,,,Engineering,Software Engineering,M2,Exempt,192000,0.0934,CA,Hispanic or Latino
EMP-2981,Daniel,Vincent,daniel.vincent@techcorp.com,Male,EMP-0320,2022-07-11,2023-01-02,Involuntary,Reorganization,Legal,Compliance,IC1,Non-Exempt,69000,0.0365,NY,White
EMP-2982,Charles,Perez,charles.perez@techcorp.com,Male,EMP-1883,2025-07-05,,,,Engineering,Software Engineering,IC4,Exempt,155000,0.0591,IL,White
EMP-2983,Beth,Anderson,beth.anderson@techcorp.com,Female,EMP-0133,2026-01-16,,,,HR,Total Rewards,IC4,Exempt,147000,0.0687,CA,White
EMP-2984,Blake,Vazquez,blake.vazquez@techcorp.com,Male,EMP-0274,2020-03-04,,,,Product,Product Management,M2,Exempt,180000,0.0609,NJ,White
EMP-2985,Richard,Jones,richard.jones1@techcorp.com,Male,EMP-1994,2024-09-26,,,,Product,UX / Design,IC3,Exempt,141000,0.0137,CA,White
EMP-2986,Raymond,Todd,raymond.todd@techcorp.com,Male,EMP-0271,2022-01-22,,,,Legal,Compliance,IC3,Exempt,111000,0.0608,TX,White
EMP-2987,Andrew,Rodriguez,andrew.rodriguez@techcorp.com,Male,EMP-2241,2022-11-18,,,,HR,Learning & Development,IC3,Exempt,124000,0.0667,TX,Black or African American
EMP-2988,Ricky,Palmer,ricky.palmer@techcorp.com,Male,EMP-1469,2020-07-02,2024-07-14,Involuntary,Reorganization,Sales,Enterprise Sales,IC1,Non-Exempt,77000,0.115,CA,Black or African American
EMP-2989,Amy,Wilson,amy.wilson@techcorp.com,Female,EMP-0310,2021-04-20,,,,HR,HR Business Partnering,IC2,Exempt,104000,0.0084,CA,Black or African American
EMP-2990,Dawn,Jones,dawn.jones@techcorp.com,Female,EMP-0702,2021-08-18,,,,Marketing,Product Marketing,IC1,Non-Exempt,77000,0.0236,TX,Asian
EMP-2991,Karen,Patton,karen.patton@techcorp.com,Non-Binary / Third Gender,EMP-1217,2022-04-12,,,,Sales,Sales Development,IC1,Non-Exempt,84000,0.1371,IL,Two or More Races
EMP-2992,Tamara,Harris,tamara.harris@techcorp.com,Female,EMP-0262,2020-08-25,,,,Product,UX / Design,IC2,Exempt,101000,0.0725,NY,White
EMP-2993,Steven,Lopez,steven.lopez@techcorp.com,Male,EMP-2487,2024-09-29,,,,Finance,Treasury,IC5,Exempt,177000,0.0702,TX,White
EMP-2994,Gregory,Davis,gregory.davis@techcorp.com,Male,EMP-0856,2019-04-30,,,,Engineering,Data Engineering,Director,Exempt,274000,0.15,NY,Hispanic or Latino
EMP-2995,Sarah,Mcmahon,sarah.mcmahon@techcorp.com,Female,EMP-0230,2024-08-05,,,,Engineering,Security Engineering,M2,Exempt,193000,0.0418,CA,Hispanic or Latino
EMP-2996,Travis,Bailey,travis.bailey@techcorp.com,Male,EMP-0271,2018-02-03,,,,Sales,Customer Success,IC4,Exempt,167000,0.1796,CA,Asian
EMP-2997,Caitlyn,Mason,caitlyn.mason@techcorp.com,Female,EMP-2620,2025-09-14,,,,Product,Product Operations,IC2,Exempt,100000,0.0226,CA,White
EMP-2998,Nicholas,Allen,nicholas.allen@techcorp.com,Male,EMP-2857,2018-09-19,2022-04-29,Voluntary,Career Move,Sales,Customer Success,IC3,Exempt,123000,0.1114,NJ,White
EMP-2999,Laura,Garcia,laura.garcia@techcorp.com,Female,EMP-1213,2020-09-06,,,,Engineering,Security Engineering,IC1,Exempt,71000,0.1472,WA,White
EMP-3000,Kenneth,Smith,kenneth.smith1@techcorp.com,Male,EMP-0164,2024-09-16,2026-06-17,Involuntary,Performance,Sales,Revenue Operations,IC3,Exempt,126000,0.1396,CA,Hispanic or Latino
