transaction_id,employee_id,event_date,event_type,reason_code,previous_department,new_department,previous_job_family,new_job_family,previous_job_level,new_job_level,previous_base_salary_usd,new_base_salary_usd,termination_type
TXN-0000001,EMP-0001,2024-07-29,Hire,New Hire,,Marketing,,Demand Generation,,IC4,,142000.0,
TXN-0000002,EMP-0002,2020-06-02,Hire,New Hire,,Product,,Product Operations,,IC1,,73000.0,
TXN-0000003,EMP-0002,2026-05-15,Compensation Change,Merit Increase,Product,Product,Product Operations,Product Operations,IC1,IC1,73000.0,77000.0,
TXN-0000004,EMP-0003,2022-01-15,Hire,New Hire,,HR,,Learning & Development,,IC2,,101000.0,
TXN-0000005,EMP-0003,2023-04-17,Compensation Change,Merit Increase,HR,HR,Learning & Development,Learning & Development,IC2,IC2,101000.0,110000.0,
TXN-0000006,EMP-0004,2023-07-31,Hire,New Hire,,Engineering,,Software Engineering,,IC2,,100000.0,
TXN-0000007,EMP-0004,2024-02-24,Transfer,Internal Transfer,Engineering,Finance,Software Engineering,Tax,IC2,IC2,100000.0,100000.0,
TXN-0000008,EMP-0004,2025-01-21,Promotion,Merit Promotion,Finance,Finance,Tax,Tax,IC2,IC3,100000.0,113000.0,
TXN-0000009,EMP-0005,2019-01-01,Hire,New Hire,,Engineering,,Software Engineering,,IC5,,166000.0,
TXN-0000010,EMP-0006,2025-04-17,Hire,New Hire,,Finance,,Accounting,,IC4,,158000.0,
TXN-0000011,EMP-0007,2024-12-13,Hire,New Hire,,Engineering,,Data Engineering,,M2,,180000.0,
TXN-0000012,EMP-0008,2023-01-18,Hire,New Hire,,Sales,,Enterprise Sales,,IC1,,78000.0,
TXN-0000013,EMP-0009,2025-11-06,Hire,New Hire,,Legal,,Corporate Legal,,IC3,,110000.0,
TXN-0000014,EMP-0009,2026-02-01,Transfer,Internal Transfer,Legal,HR,Corporate Legal,Talent Acquisition,IC3,IC3,110000.0,110000.0,
TXN-0000015,EMP-0009,2026-05-01,Compensation Change,Market Adjustment,HR,HR,Talent Acquisition,Talent Acquisition,IC3,IC3,110000.0,122000.0,
TXN-0000016,EMP-0009,2026-06-05,Termination,Reorganization,,,,,,,,,Involuntary
TXN-0000017,EMP-0010,2022-11-10,Hire,New Hire,,Engineering,,Data Engineering,,IC1,,68000.0,
TXN-0000018,EMP-0011,2019-04-14,Hire,New Hire,,Engineering,,QA Engineering,,IC2,,91000.0,
TXN-0000019,EMP-0012,2024-09-28,Hire,New Hire,,Sales,,Revenue Operations,,IC3,,107000.0,
TXN-0000020,EMP-0013,2018-04-04,Hire,New Hire,,HR,,People Operations,,IC1,,65000.0,
TXN-0000021,EMP-0013,2021-09-06,Compensation Change,Market Adjustment,HR,HR,People Operations,People Operations,IC1,IC1,65000.0,70000.0,
TXN-0000022,EMP-0014,2025-07-05,Hire,New Hire,,Sales,,Enterprise Sales,,IC1,,64000.0,
TXN-0000023,EMP-0014,2026-01-03,Promotion,Merit Promotion,Sales,Sales,Enterprise Sales,Enterprise Sales,IC1,IC2,64000.0,89000.0,
TXN-0000024,EMP-0014,2026-05-20,Transfer,Internal Transfer,Sales,Marketing,Enterprise Sales,Content Marketing,IC2,IC2,89000.0,89000.0,
TXN-0000025,EMP-0015,2025-10-09,Hire,New Hire,,Marketing,,Marketing Operations,,IC4,,145000.0,
TXN-0000026,EMP-0016,2024-11-30,Hire,New Hire,,Engineering,,Data Engineering,,IC3,,115000.0,
TXN-0000027,EMP-0016,2025-11-19,Promotion,Merit Promotion,Engineering,Engineering,Data Engineering,Data Engineering,IC3,IC4,115000.0,157000.0,
TXN-0000028,EMP-0017,2023-08-08,Hire,New Hire,,Product,,UX / Design,,IC2,,83000.0,
TXN-0000029,EMP-0018,2019-05-30,Hire,New Hire,,Product,,Product Operations,,IC3,,118000.0,
TXN-0000030,EMP-0018,2024-03-15,Compensation Change,Market Adjustment,Product,Product,Product Operations,Product Operations,IC3,IC3,118000.0,130000.0,
TXN-0000031,EMP-0018,2024-11-21,Transfer,Internal Transfer,Product,Sales,Product Operations,Customer Success,IC3,IC3,130000.0,130000.0,
TXN-0000032,EMP-0019,2022-01-30,Hire,New Hire,,Sales,,Account Management,,M1,,141000.0,
TXN-0000033,EMP-0019,2024-09-19,Transfer,Internal Transfer,Sales,HR,Account Management,Total Rewards,M1,M1,141000.0,141000.0,
TXN-0000034,EMP-0020,2021-10-07,Hire,New Hire,,Engineering,,Software Engineering,,IC1,,79000.0,
TXN-0000035,EMP-0021,2021-03-13,Hire,New Hire,,Legal,,Privacy & Data,,M1,,152000.0,
TXN-0000036,EMP-0021,2025-12-21,Termination,Compensation,,,,,,,,,Voluntary
TXN-0000037,EMP-0022,2018-03-09,Hire,New Hire,,Engineering,,Infrastructure / DevOps,,IC4,,158000.0,
TXN-0000038,EMP-0022,2025-05-15,Transfer,Internal Transfer,Engineering,Marketing,Infrastructure / DevOps,Demand Generation,IC4,IC4,158000.0,158000.0,
TXN-0000039,EMP-0023,2020-05-17,Hire,New Hire,,Marketing,,Content Marketing,,IC2,,99000.0,
TXN-0000040,EMP-0023,2024-05-22,Compensation Change,Market Adjustment,Marketing,Marketing,Content Marketing,Content Marketing,IC2,IC2,99000.0,110000.0,
TXN-0000041,EMP-0023,2026-04-12,Compensation Change,Merit Increase,Marketing,Marketing,Content Marketing,Content Marketing,IC2,IC2,110000.0,121000.0,
TXN-0000042,EMP-0024,2020-07-06,Hire,New Hire,,Engineering,,Infrastructure / DevOps,,IC1,,66000.0,
TXN-0000043,EMP-0024,2025-03-30,Compensation Change,Market Adjustment,Engineering,Engineering,Infrastructure / DevOps,Infrastructure / DevOps,IC1,IC1,66000.0,68000.0,
TXN-0000044,EMP-0024,2025-05-12,Termination,Personal Reasons,,,,,,,,,Voluntary
TXN-0000045,EMP-0025,2023-10-27,Hire,New Hire,,Engineering,,Infrastructure / DevOps,,M3,,213000.0,
TXN-0000046,EMP-0025,2024-12-30,Compensation Change,Merit Increase,Engineering,Engineering,Infrastructure / DevOps,Infrastructure / DevOps,M3,M3,213000.0,232000.0,
TXN-0000047,EMP-0026,2024-06-24,Hire,New Hire,,Engineering,,Security Engineering,,IC2,,83000.0,
TXN-0000048,EMP-0026,2026-01-04,Promotion,Merit Promotion,Engineering,Engineering,Security Engineering,Security Engineering,IC2,IC3,83000.0,112000.0,
TXN-0000049,EMP-0026,2026-03-07,Transfer,Internal Transfer,Engineering,Legal,Security Engineering,Privacy & Data,IC3,IC3,112000.0,112000.0,
TXN-0000050,EMP-0027,2020-12-01,Hire,New Hire,,Engineering,,Infrastructure / DevOps,,IC1,,63000.0,
TXN-0000051,EMP-0028,2019-09-19,Hire,New Hire,,HR,,Talent Acquisition,,IC1,,72000.0,
TXN-0000052,EMP-0029,2023-02-02,Hire,New Hire,,HR,,Total Rewards,,M1,,137000.0,
TXN-0000053,EMP-0029,2025-04-16,Compensation Change,Market Adjustment,HR,HR,Total Rewards,Total Rewards,M1,M1,137000.0,149000.0,
TXN-0000054,EMP-0029,2025-06-27,Compensation Change,Merit Increase,HR,HR,Total Rewards,Total Rewards,M1,M1,149000.0,162000.0,
TXN-0000055,EMP-0029,2026-05-28,Termination,Career Move,,,,,,,,,Voluntary
TXN-0000056,EMP-0030,2021-03-02,Hire,New Hire,,HR,,Total Rewards,,IC4,,157000.0,
TXN-0000057,EMP-0030,2023-06-10,Promotion,Merit Promotion,HR,HR,Total Rewards,Total Rewards,IC4,IC5,157000.0,188000.0,
TXN-0000058,EMP-0030,2025-11-03,Compensation Change,Merit Increase,HR,HR,Total Rewards,Total Rewards,IC5,IC5,188000.0,210000.0,
TXN-0000059,EMP-0031,2022-09-16,Hire,New Hire,,Engineering,,Security Engineering,,M1,,161000.0,
TXN-0000060,EMP-0032,2025-05-25,Hire,New Hire,,Engineering,,Infrastructure / DevOps,,IC5,,182000.0,
TXN-0000061,EMP-0033,2024-09-23,Hire,New Hire,,Engineering,,Infrastructure / DevOps,,IC3,,105000.0,
TXN-0000062,EMP-0033,2026-04-24,Promotion,Merit Promotion,Engineering,Engineering,Infrastructure / DevOps,Infrastructure / DevOps,IC3,IC4,105000.0,148000.0,
TXN-0000063,EMP-0033,2026-06-16,Termination,Career Move,,,,,,,,,Voluntary
TXN-0000064,EMP-0034,2018-05-01,Hire,New Hire,,Engineering,,QA Engineering,,Director,,228000.0,
TXN-0000065,EMP-0035,2019-01-12,Hire,New Hire,,Product,,UX / Design,,IC2,,98000.0,
TXN-0000066,EMP-0035,2023-08-07,Compensation Change,Merit Increase,Product,Product,UX / Design,UX / Design,IC2,IC2,98000.0,103000.0,
TXN-0000067,EMP-0036,2026-01-17,Hire,New Hire,,Finance,,Tax,,IC3,,134000.0,
TXN-0000068,EMP-0037,2026-02-05,Hire,New Hire,,Engineering,,Security Engineering,,M1,,145000.0,
TXN-0000069,EMP-0037,2026-04-25,Termination,Compensation,,,,,,,,,Voluntary
TXN-0000070,EMP-0038,2021-12-16,Hire,New Hire,,Sales,,Enterprise Sales,,IC4,,157000.0,
TXN-0000071,EMP-0038,2023-06-17,Compensation Change,Market Adjustment,Sales,Sales,Enterprise Sales,Enterprise Sales,IC4,IC4,157000.0,166000.0,
TXN-0000072,EMP-0038,2025-10-09,Promotion,Merit Promotion,Sales,Sales,Enterprise Sales,Enterprise Sales,IC4,IC5,166000.0,166000.0,
TXN-0000073,EMP-0039,2020-02-01,Hire,New Hire,,Sales,,Enterprise Sales,,M1,,139000.0,
TXN-0000074,EMP-0039,2020-04-15,Termination,Performance,,,,,,,,,Involuntary
TXN-0000075,EMP-0040,2023-03-22,Hire,New Hire,,Engineering,,Infrastructure / DevOps,,IC3,,129000.0,
TXN-0000076,EMP-0040,2026-04-04,Promotion,Merit Promotion,Engineering,Engineering,Infrastructure / DevOps,Infrastructure / DevOps,IC3,IC4,129000.0,149000.0,
TXN-0000077,EMP-0041,2025-07-12,Hire,New Hire,,Product,,Product Management,,IC4,,149000.0,
TXN-0000078,EMP-0041,2025-11-20,Promotion,Merit Promotion,Product,Product,Product Management,Product Management,IC4,IC5,149000.0,188000.0,
TXN-0000079,EMP-0041,2026-04-26,Compensation Change,Merit Increase,Product,Product,Product Management,Product Management,IC5,IC5,188000.0,198000.0,
TXN-0000080,EMP-0041,2026-06-05,Termination,Compensation,,,,,,,,,Voluntary
TXN-0000081,EMP-0042,2022-04-18,Hire,New Hire,,Product,,Product Management,,IC1,,72000.0,
TXN-0000082,EMP-0042,2024-12-18,Promotion,Merit Promotion,Product,Product,Product Management,Product Management,IC1,IC2,72000.0,101000.0,
TXN-0000083,EMP-0042,2026-03-05,Promotion,Merit Promotion,Product,Product,Product Management,Product Management,IC2,IC3,101000.0,121000.0,
TXN-0000084,EMP-0043,2021-10-13,Hire,New Hire,,Engineering,,Software Engineering,,IC2,,82000.0,
TXN-0000085,EMP-0044,2022-06-28,Hire,New Hire,,Engineering,,Software Engineering,,IC2,,94000.0,
TXN-0000086,EMP-0044,2025-02-12,Transfer,Internal Transfer,Engineering,Legal,Software Engineering,Corporate Legal,IC2,IC2,94000.0,94000.0,
TXN-0000087,EMP-0045,2019-02-25,Hire,New Hire,,Engineering,,Software Engineering,,IC1,,64000.0,
TXN-0000088,EMP-0045,2024-02-13,Promotion,Merit Promotion,Engineering,Engineering,Software Engineering,Software Engineering,IC1,IC2,64000.0,82000.0,
TXN-0000089,EMP-0045,2026-03-25,Compensation Change,Merit Increase,Engineering,Engineering,Software Engineering,Software Engineering,IC2,IC2,82000.0,87000.0,
TXN-0000090,EMP-0046,2018-08-04,Hire,New Hire,,Engineering,,QA Engineering,,IC2,,102000.0,
TXN-0000091,EMP-0047,2022-04-04,Hire,New Hire,,Engineering,,QA Engineering,,IC1,,74000.0,
TXN-0000092,EMP-0047,2025-08-12,Termination,Reorganization,,,,,,,,,Involuntary
TXN-0000093,EMP-0048,2025-02-21,Hire,New Hire,,Finance,,Treasury,,IC2,,97000.0,
TXN-0000094,EMP-0048,2025-08-13,Transfer,Internal Transfer,Finance,Legal,Treasury,Privacy & Data,IC2,IC2,97000.0,97000.0,
TXN-0000095,EMP-0049,2021-04-28,Hire,New Hire,,Sales,,Account Management,,IC4,,144000.0,
TXN-0000096,EMP-0049,2025-04-20,Promotion,Merit Promotion,Sales,Sales,Account Management,Account Management,IC4,IC5,144000.0,194000.0,
TXN-0000097,EMP-0049,2025-06-19,Compensation Change,Market Adjustment,Sales,Sales,Account Management,Account Management,IC5,IC5,194000.0,212000.0,
TXN-0000098,EMP-0050,2020-02-09,Hire,New Hire,,Sales,,Revenue Operations,,IC2,,83000.0,
TXN-0000099,EMP-0050,2023-09-08,Compensation Change,Merit Increase,Sales,Sales,Revenue Operations,Revenue Operations,IC2,IC2,83000.0,90000.0,
TXN-0000100,EMP-0050,2026-05-01,Promotion,Merit Promotion,Sales,Sales,Revenue Operations,Revenue Operations,IC2,IC3,90000.0,133000.0,
TXN-0000101,EMP-0051,2023-01-28,Hire,New Hire,,Sales,,Customer Success,,IC2,,93000.0,
TXN-0000102,EMP-0052,2024-06-22,Hire,New Hire,,Product,,Product Operations,,IC2,,83000.0,
TXN-0000103,EMP-0053,2020-12-28,Hire,New Hire,,Engineering,,Software Engineering,,IC2,,92000.0,
TXN-0000104,EMP-0053,2023-01-22,Transfer,Internal Transfer,Engineering,Product,Software Engineering,UX / Design,IC2,IC2,92000.0,92000.0,
TXN-0000105,EMP-0054,2018-08-06,Hire,New Hire,,Sales,,Revenue Operations,,M3,,211000.0,
TXN-0000106,EMP-0054,2021-12-22,Compensation Change,Market Adjustment,Sales,Sales,Revenue Operations,Revenue Operations,M3,M3,211000.0,221000.0,
TXN-0000107,EMP-0055,2023-07-15,Hire,New Hire,,Engineering,,Infrastructure / DevOps,,IC4,,146000.0,
TXN-0000108,EMP-0055,2023-10-26,Termination,Career Move,,,,,,,,,Voluntary
TXN-0000109,EMP-0056,2018-09-27,Hire,New Hire,,Marketing,,Marketing Operations,,IC4,,138000.0,
TXN-0000110,EMP-0056,2019-12-15,Promotion,Merit Promotion,Marketing,Marketing,Marketing Operations,Marketing Operations,IC4,IC5,138000.0,189000.0,
TXN-0000111,EMP-0057,2023-07-22,Hire,New Hire,,Sales,,Sales Development,,IC1,,63000.0,
TXN-0000112,EMP-0057,2024-09-03,Termination,Compensation,,,,,,,,,Voluntary
TXN-0000113,EMP-0058,2024-12-23,Hire,New Hire,,Sales,,Revenue Operations,,IC5,,186000.0,
TXN-0000114,EMP-0058,2025-07-11,Compensation Change,Merit Increase,Sales,Sales,Revenue Operations,Revenue Operations,IC5,IC5,186000.0,207000.0,
TXN-0000115,EMP-0059,2025-06-21,Hire,New Hire,,Engineering,,Security Engineering,,IC1,,69000.0,
TXN-0000116,EMP-0060,2018-02-09,Hire,New Hire,,Sales,,Customer Success,,IC2,,89000.0,
TXN-0000117,EMP-0060,2018-09-12,Compensation Change,Market Adjustment,Sales,Sales,Customer Success,Customer Success,IC2,IC2,89000.0,96000.0,
TXN-0000118,EMP-0061,2023-11-22,Hire,New Hire,,Engineering,,Infrastructure / DevOps,,VP,,297000.0,
TXN-0000119,EMP-0061,2025-03-29,Transfer,Internal Transfer,Engineering,HR,Infrastructure / DevOps,Learning & Development,VP,VP,297000.0,297000.0,
TXN-0000120,EMP-0062,2022-02-01,Hire,New Hire,,Engineering,,Security Engineering,,IC4,,135000.0,
TXN-0000121,EMP-0062,2025-07-05,Transfer,Internal Transfer,Engineering,HR,Security Engineering,Learning & Development,IC4,IC4,135000.0,135000.0,
TXN-0000122,EMP-0062,2026-03-02,Termination,Performance,,,,,,,,,Involuntary
TXN-0000123,EMP-0063,2022-01-03,Hire,New Hire,,Engineering,,Security Engineering,,IC3,,106000.0,
TXN-0000124,EMP-0063,2024-03-16,Termination,Personal Reasons,,,,,,,,,Voluntary
TXN-0000125,EMP-0064,2025-01-11,Hire,New Hire,,Finance,,Internal Audit,,IC4,,157000.0,
TXN-0000126,EMP-0065,2021-09-18,Hire,New Hire,,Product,,UX / Design,,M1,,151000.0,
TXN-0000127,EMP-0065,2025-09-24,Transfer,Internal Transfer,Product,Marketing,UX / Design,Demand Generation,M1,M1,151000.0,151000.0,
TXN-0000128,EMP-0066,2021-11-22,Hire,New Hire,,Engineering,,QA Engineering,,IC5,,164000.0,
TXN-0000129,EMP-0066,2024-11-27,Compensation Change,Merit Increase,Engineering,Engineering,QA Engineering,QA Engineering,IC5,IC5,164000.0,178000.0,
TXN-0000130,EMP-0067,2021-03-26,Hire,New Hire,,Sales,,Account Management,,IC2,,100000.0,
TXN-0000131,EMP-0067,2021-08-11,Transfer,Internal Transfer,Sales,Engineering,Account Management,Security Engineering,IC2,IC2,100000.0,100000.0,
TXN-0000132,EMP-0068,2018-07-24,Hire,New Hire,,Sales,,Enterprise Sales,,IC1,,63000.0,
TXN-0000133,EMP-0068,2024-12-05,Promotion,Merit Promotion,Sales,Sales,Enterprise Sales,Enterprise Sales,IC1,IC2,63000.0,82000.0,
TXN-0000134,EMP-0068,2025-10-08,Promotion,Merit Promotion,Sales,Sales,Enterprise Sales,Enterprise Sales,IC2,IC3,82000.0,127000.0,
TXN-0000135,EMP-0069,2018-11-27,Hire,New Hire,,Legal,,Compliance,,IC2,,85000.0,
TXN-0000136,EMP-0069,2023-09-22,Transfer,Internal Transfer,Legal,Engineering,Compliance,QA Engineering,IC2,IC2,85000.0,85000.0,
TXN-0000137,EMP-0070,2019-12-11,Hire,New Hire,,Product,,Product Operations,,IC2,,91000.0,
TXN-0000138,EMP-0070,2022-10-30,Promotion,Merit Promotion,Product,Product,Product Operations,Product Operations,IC2,IC3,91000.0,122000.0,
TXN-0000139,EMP-0071,2018-12-17,Hire,New Hire,,Product,,UX / Design,,IC2,,94000.0,
TXN-0000140,EMP-0071,2023-12-10,Promotion,Merit Promotion,Product,Product,UX / Design,UX / Design,IC2,IC3,94000.0,121000.0,
TXN-0000141,EMP-0071,2025-12-19,Transfer,Internal Transfer,Product,Legal,UX / Design,Compliance,IC3,IC3,121000.0,121000.0,
TXN-0000142,EMP-0072,2022-09-19,Hire,New Hire,,Finance,,Treasury,,M3,,218000.0,
TXN-0000143,EMP-0072,2024-06-29,Termination,Reorganization,,,,,,,,,Involuntary
TXN-0000144,EMP-0073,2019-06-06,Hire,New Hire,,Finance,,Internal Audit,,M1,,149000.0,
TXN-0000145,EMP-0073,2024-01-11,Compensation Change,Market Adjustment,Finance,Finance,Internal Audit,Internal Audit,M1,M1,149000.0,160000.0,
TXN-0000146,EMP-0074,2018-12-13,Hire,New Hire,,Sales,,Account Management,,IC2,,87000.0,
TXN-0000147,EMP-0074,2025-05-16,Transfer,Internal Transfer,Sales,HR,Account Management,Talent Acquisition,IC2,IC2,87000.0,87000.0,
TXN-0000148,EMP-0074,2026-04-10,Compensation Change,Merit Increase,HR,HR,Talent Acquisition,Talent Acquisition,IC2,IC2,87000.0,95000.0,
TXN-0000149,EMP-0075,2023-10-16,Hire,New Hire,,Sales,,Sales Development,,IC4,,149000.0,
TXN-0000150,EMP-0075,2024-04-21,Transfer,Internal Transfer,Sales,HR,Sales Development,Talent Acquisition,IC4,IC4,149000.0,149000.0,
TXN-0000151,EMP-0076,2020-04-02,Hire,New Hire,,Marketing,,Demand Generation,,IC2,,82000.0,
TXN-0000152,EMP-0076,2020-08-10,Termination,Reorganization,,,,,,,,,Involuntary
TXN-0000153,EMP-0077,2022-05-20,Hire,New Hire,,Sales,,Account Management,,M2,,197000.0,
TXN-0000154,EMP-0078,2020-12-02,Hire,New Hire,,Marketing,,Marketing Operations,,IC3,,125000.0,
TXN-0000155,EMP-0078,2022-01-14,Promotion,Merit Promotion,Marketing,Marketing,Marketing Operations,Marketing Operations,IC3,IC4,125000.0,154000.0,
TXN-0000156,EMP-0079,2023-09-27,Hire,New Hire,,Sales,,Customer Success,,IC2,,85000.0,
TXN-0000157,EMP-0079,2024-11-06,Compensation Change,Merit Increase,Sales,Sales,Customer Success,Customer Success,IC2,IC2,85000.0,91000.0,
TXN-0000158,EMP-0080,2022-10-07,Hire,New Hire,,Engineering,,Data Engineering,,IC2,,81000.0,
TXN-0000159,EMP-0081,2025-05-15,Hire,New Hire,,Marketing,,Marketing Operations,,IC3,,118000.0,
TXN-0000160,EMP-0081,2026-02-03,Promotion,Merit Promotion,Marketing,Marketing,Marketing Operations,Marketing Operations,IC3,IC4,118000.0,160000.0,
TXN-0000161,EMP-0081,2026-04-19,Transfer,Internal Transfer,Marketing,Finance,Marketing Operations,Accounting,IC4,IC4,160000.0,160000.0,
TXN-0000162,EMP-0082,2022-05-19,Hire,New Hire,,HR,,Learning & Development,,IC2,,82000.0,
TXN-0000163,EMP-0083,2019-07-28,Hire,New Hire,,Sales,,Enterprise Sales,,IC3,,129000.0,
TXN-0000164,EMP-0083,2025-01-28,Transfer,Internal Transfer,Sales,Finance,Enterprise Sales,Internal Audit,IC3,IC3,129000.0,129000.0,
TXN-0000165,EMP-0083,2025-12-18,Compensation Change,Market Adjustment,Finance,Finance,Internal Audit,Internal Audit,IC3,IC3,129000.0,139000.0,
TXN-0000166,EMP-0083,2026-04-09,Termination,Compensation,,,,,,,,,Voluntary
TXN-0000167,EMP-0084,2021-11-26,Hire,New Hire,,Marketing,,Marketing Operations,,M2,,187000.0,
TXN-0000168,EMP-0084,2022-07-31,Termination,Compensation,,,,,,,,,Voluntary
TXN-0000169,EMP-0085,2023-05-06,Hire,New Hire,,Finance,,Tax,,IC2,,99000.0,
TXN-0000170,EMP-0086,2019-12-14,Hire,New Hire,,HR,,People Operations,,IC2,,99000.0,
TXN-0000171,EMP-0087,2018-10-26,Hire,New Hire,,Product,,UX / Design,,VP,,356000.0,
TXN-0000172,EMP-0088,2022-03-27,Hire,New Hire,,Engineering,,Data Engineering,,IC3,,135000.0,
TXN-0000173,EMP-0088,2023-12-02,Promotion,Merit Promotion,Engineering,Engineering,Data Engineering,Data Engineering,IC3,IC4,135000.0,154000.0,
TXN-0000174,EMP-0089,2023-12-05,Hire,New Hire,,Finance,,Accounting,,IC1,,62000.0,
TXN-0000175,EMP-0089,2024-01-09,Termination,Personal Reasons,,,,,,,,,Voluntary
TXN-0000176,EMP-0090,2024-05-16,Hire,New Hire,,Engineering,,Infrastructure / DevOps,,IC1,,77000.0,
TXN-0000177,EMP-0090,2025-12-07,Transfer,Internal Transfer,Engineering,Product,Infrastructure / DevOps,Product Operations,IC1,IC1,77000.0,77000.0,
TXN-0000178,EMP-0091,2021-12-31,Hire,New Hire,,Legal,,Employment Law,,IC1,,76000.0,
TXN-0000179,EMP-0091,2022-10-17,Compensation Change,Merit Increase,Legal,Legal,Employment Law,Employment Law,IC1,IC1,76000.0,80000.0,
TXN-0000180,EMP-0092,2018-07-30,Hire,New Hire,,Legal,,Compliance,,IC4,,136000.0,
TXN-0000181,EMP-0092,2022-09-02,Promotion,Merit Promotion,Legal,Legal,Compliance,Compliance,IC4,IC5,136000.0,191000.0,
TXN-0000182,EMP-0093,2018-11-03,Hire,New Hire,,Finance,,Internal Audit,,IC5,,180000.0,
TXN-0000183,EMP-0093,2019-07-23,Transfer,Internal Transfer,Finance,Engineering,Internal Audit,Infrastructure / DevOps,IC5,IC5,180000.0,180000.0,
TXN-0000184,EMP-0094,2020-12-13,Hire,New Hire,,Engineering,,Software Engineering,,IC3,,106000.0,
TXN-0000185,EMP-0095,2026-03-25,Hire,New Hire,,Sales,,Enterprise Sales,,IC1,,78000.0,
TXN-0000186,EMP-0096,2024-11-03,Hire,New Hire,,Legal,,Corporate Legal,,IC2,,89000.0,
TXN-0000187,EMP-0096,2026-06-20,Transfer,Internal Transfer,Legal,Sales,Corporate Legal,Enterprise Sales,IC2,IC2,89000.0,89000.0,
TXN-0000188,EMP-0097,2023-07-28,Hire,New Hire,,Sales,,Customer Success,,VP,,303000.0,
TXN-0000189,EMP-0097,2024-12-05,Compensation Change,Merit Increase,Sales,Sales,Customer Success,Customer Success,VP,VP,303000.0,314000.0,
TXN-0000190,EMP-0097,2026-01-27,Compensation Change,Market Adjustment,Sales,Sales,Customer Success,Customer Success,VP,VP,314000.0,344000.0,
TXN-0000191,EMP-0097,2026-06-04,Termination,Career Move,,,,,,,,,Voluntary
TXN-0000192,EMP-0098,2022-10-27,Hire,New Hire,,Legal,,Privacy & Data,,IC3,,121000.0,
TXN-0000193,EMP-0098,2024-11-15,Promotion,Merit Promotion,Legal,Legal,Privacy & Data,Privacy & Data,IC3,IC4,121000.0,146000.0,
TXN-0000194,EMP-0098,2025-02-12,Promotion,Merit Promotion,Legal,Legal,Privacy & Data,Privacy & Data,IC4,IC5,146000.0,163000.0,
TXN-0000195,EMP-0098,2025-10-11,Termination,Performance,,,,,,,,,Involuntary
TXN-0000196,EMP-0099,2018-03-03,Hire,New Hire,,Product,,Product Operations,,Director,,235000.0,
TXN-0000197,EMP-0100,2024-10-03,Hire,New Hire,,Finance,,Accounting,,M1,,165000.0,
TXN-0000198,EMP-0100,2025-01-19,Compensation Change,Market Adjustment,Finance,Finance,Accounting,Accounting,M1,M1,165000.0,178000.0,
TXN-0000199,EMP-0101,2022-01-02,Hire,New Hire,,Engineering,,Data Engineering,,IC1,,69000.0,
TXN-0000200,EMP-0101,2023-06-16,Transfer,Internal Transfer,Engineering,HR,Data Engineering,Total Rewards,IC1,IC1,69000.0,69000.0,
TXN-0000201,EMP-0101,2026-05-12,Promotion,Merit Promotion,HR,HR,Total Rewards,Total Rewards,IC1,IC2,69000.0,89000.0,
TXN-0000202,EMP-0102,2024-12-22,Hire,New Hire,,Marketing,,Product Marketing,,IC5,,170000.0,
TXN-0000203,EMP-0103,2020-05-13,Hire,New Hire,,Marketing,,Demand Generation,,IC4,,144000.0,
TXN-0000204,EMP-0103,2025-07-14,Compensation Change,Merit Increase,Marketing,Marketing,Demand Generation,Demand Generation,IC4,IC4,144000.0,149000.0,
TXN-0000205,EMP-0104,2024-08-06,Hire,New Hire,,Engineering,,Security Engineering,,IC3,,114000.0,
TXN-0000206,EMP-0104,2024-09-24,Compensation Change,Merit Increase,Engineering,Engineering,Security Engineering,Security Engineering,IC3,IC3,114000.0,121000.0,
TXN-0000207,EMP-0105,2022-04-03,Hire,New Hire,,Sales,,Sales Development,,IC2,,96000.0,
TXN-0000208,EMP-0105,2022-06-25,Compensation Change,Market Adjustment,Sales,Sales,Sales Development,Sales Development,IC2,IC2,96000.0,105000.0,
TXN-0000209,EMP-0106,2020-12-11,Hire,New Hire,,Sales,,Customer Success,,IC4,,140000.0,
TXN-0000210,EMP-0106,2025-05-31,Compensation Change,Merit Increase,Sales,Sales,Customer Success,Customer Success,IC4,IC4,140000.0,153000.0,
TXN-0000211,EMP-0106,2025-08-24,Compensation Change,Market Adjustment,Sales,Sales,Customer Success,Customer Success,IC4,IC4,153000.0,171000.0,
TXN-0000212,EMP-0107,2023-12-31,Hire,New Hire,,Sales,,Revenue Operations,,IC1,,68000.0,
TXN-0000213,EMP-0107,2025-05-22,Compensation Change,Merit Increase,Sales,Sales,Revenue Operations,Revenue Operations,IC1,IC1,68000.0,76000.0,
TXN-0000214,EMP-0107,2025-06-28,Promotion,Merit Promotion,Sales,Sales,Revenue Operations,Revenue Operations,IC1,IC2,76000.0,97000.0,
TXN-0000215,EMP-0108,2020-10-20,Hire,New Hire,,Engineering,,Infrastructure / DevOps,,IC3,,114000.0,
TXN-0000216,EMP-0109,2025-04-28,Hire,New Hire,,Sales,,Customer Success,,IC3,,105000.0,
TXN-0000217,EMP-0109,2026-01-10,Transfer,Internal Transfer,Sales,Finance,Customer Success,Financial Planning & Analysis,IC3,IC3,105000.0,105000.0,
TXN-0000218,EMP-0109,2026-05-11,Transfer,Internal Transfer,Finance,Marketing,Financial Planning & Analysis,Content Marketing,IC3,IC3,105000.0,105000.0,
TXN-0000219,EMP-0110,2018-11-22,Hire,New Hire,,Marketing,,Brand,,M3,,236000.0,
TXN-0000220,EMP-0111,2020-11-29,Hire,New Hire,,Finance,,Treasury,,M1,,134000.0,
TXN-0000221,EMP-0111,2021-03-17,Termination,Compensation,,,,,,,,,Voluntary
TXN-0000222,EMP-0112,2022-12-09,Hire,New Hire,,Product,,Product Operations,,IC2,,88000.0,
TXN-0000223,EMP-0112,2024-06-18,Promotion,Merit Promotion,Product,Product,Product Operations,Product Operations,IC2,IC3,88000.0,130000.0,
TXN-0000224,EMP-0112,2025-07-14,Transfer,Internal Transfer,Product,Engineering,Product Operations,Infrastructure / DevOps,IC3,IC3,130000.0,130000.0,
TXN-0000225,EMP-0112,2026-04-29,Termination,Compensation,,,,,,,,,Voluntary
TXN-0000226,EMP-0113,2018-11-14,Hire,New Hire,,Sales,,Sales Development,,IC3,,111000.0,
TXN-0000227,EMP-0114,2021-03-05,Hire,New Hire,,Sales,,Sales Development,,IC1,,60000.0,
TXN-0000228,EMP-0114,2023-05-11,Transfer,Internal Transfer,Sales,HR,Sales Development,Learning & Development,IC1,IC1,60000.0,60000.0,
TXN-0000229,EMP-0114,2025-07-03,Promotion,Merit Promotion,HR,HR,Learning & Development,Learning & Development,IC1,IC2,60000.0,103000.0,
TXN-0000230,EMP-0115,2018-04-15,Hire,New Hire,,Sales,,Account Management,,M2,,186000.0,
TXN-0000231,EMP-0115,2024-11-20,Compensation Change,Market Adjustment,Sales,Sales,Account Management,Account Management,M2,M2,186000.0,207000.0,
TXN-0000232,EMP-0116,2018-05-14,Hire,New Hire,,Engineering,,Data Engineering,,M1,,143000.0,
TXN-0000233,EMP-0116,2020-12-18,Compensation Change,Market Adjustment,Engineering,Engineering,Data Engineering,Data Engineering,M1,M1,143000.0,160000.0,
TXN-0000234,EMP-0116,2024-01-25,Compensation Change,Merit Increase,Engineering,Engineering,Data Engineering,Data Engineering,M1,M1,160000.0,177000.0,
TXN-0000235,EMP-0117,2025-05-24,Hire,New Hire,,Product,,Product Operations,,IC2,,93000.0,
TXN-0000236,EMP-0117,2025-12-08,Promotion,Merit Promotion,Product,Product,Product Operations,Product Operations,IC2,IC3,93000.0,128000.0,
TXN-0000237,EMP-0117,2026-04-09,Promotion,Merit Promotion,Product,Product,Product Operations,Product Operations,IC3,IC4,128000.0,143000.0,
TXN-0000238,EMP-0118,2025-10-09,Hire,New Hire,,Finance,,Accounting,,IC4,,146000.0,
TXN-0000239,EMP-0118,2025-11-27,Compensation Change,Merit Increase,Finance,Finance,Accounting,Accounting,IC4,IC4,146000.0,159000.0,
TXN-0000240,EMP-0119,2022-09-12,Hire,New Hire,,Marketing,,Content Marketing,,IC4,,149000.0,
TXN-0000241,EMP-0119,2025-01-23,Compensation Change,Market Adjustment,Marketing,Marketing,Content Marketing,Content Marketing,IC4,IC4,149000.0,162000.0,
TXN-0000242,EMP-0120,2021-10-31,Hire,New Hire,,Marketing,,Brand,,IC1,,62000.0,
TXN-0000243,EMP-0120,2026-03-31,Promotion,Merit Promotion,Marketing,Marketing,Brand,Brand,IC1,IC2,62000.0,84000.0,
TXN-0000244,EMP-0121,2019-11-15,Hire,New Hire,,Product,,Product Management,,IC5,,175000.0,
TXN-0000245,EMP-0122,2022-11-03,Hire,New Hire,,Engineering,,Software Engineering,,IC3,,126000.0,
TXN-0000246,EMP-0122,2025-04-15,Transfer,Internal Transfer,Engineering,Finance,Software Engineering,Internal Audit,IC3,IC3,126000.0,126000.0,
TXN-0000247,EMP-0122,2025-10-12,Promotion,Merit Promotion,Finance,Finance,Internal Audit,Internal Audit,IC3,IC4,126000.0,157000.0,
TXN-0000248,EMP-0123,2024-08-19,Hire,New Hire,,Engineering,,Infrastructure / DevOps,,IC5,,182000.0,
TXN-0000249,EMP-0123,2025-12-21,Compensation Change,Market Adjustment,Engineering,Engineering,Infrastructure / DevOps,Infrastructure / DevOps,IC5,IC5,182000.0,198000.0,
TXN-0000250,EMP-0124,2023-05-09,Hire,New Hire,,Sales,,Sales Development,,IC3,,127000.0,
TXN-0000251,EMP-0124,2024-04-14,Compensation Change,Market Adjustment,Sales,Sales,Sales Development,Sales Development,IC3,IC3,127000.0,138000.0,
TXN-0000252,EMP-0125,2023-02-01,Hire,New Hire,,Sales,,Revenue Operations,,IC1,,66000.0,
TXN-0000253,EMP-0125,2024-06-20,Promotion,Merit Promotion,Sales,Sales,Revenue Operations,Revenue Operations,IC1,IC2,66000.0,89000.0,
TXN-0000254,EMP-0126,2023-11-22,Hire,New Hire,,Sales,,Customer Success,,IC2,,93000.0,
TXN-0000255,EMP-0126,2024-05-16,Promotion,Merit Promotion,Sales,Sales,Customer Success,Customer Success,IC2,IC3,93000.0,133000.0,
TXN-0000256,EMP-0127,2026-03-14,Hire,New Hire,,Sales,,Sales Development,,IC1,,69000.0,
TXN-0000257,EMP-0127,2026-05-19,Termination,Personal Reasons,,,,,,,,,Voluntary
TXN-0000258,EMP-0128,2020-07-05,Hire,New Hire,,Sales,,Sales Development,,M2,,175000.0,
TXN-0000259,EMP-0128,2023-09-19,Compensation Change,Merit Increase,Sales,Sales,Sales Development,Sales Development,M2,M2,175000.0,184000.0,
TXN-0000260,EMP-0128,2023-11-16,Compensation Change,Merit Increase,Sales,Sales,Sales Development,Sales Development,M2,M2,184000.0,190000.0,
TXN-0000261,EMP-0128,2026-04-16,Termination,Reorganization,,,,,,,,,Involuntary
TXN-0000262,EMP-0129,2020-04-12,Hire,New Hire,,Product,,UX / Design,,M1,,163000.0,
TXN-0000263,EMP-0129,2023-09-02,Compensation Change,Merit Increase,Product,Product,UX / Design,UX / Design,M1,M1,163000.0,178000.0,
TXN-0000264,EMP-0129,2024-12-30,Compensation Change,Merit Increase,Product,Product,UX / Design,UX / Design,M1,M1,178000.0,191000.0,
TXN-0000265,EMP-0130,2021-02-14,Hire,New Hire,,Engineering,,Software Engineering,,M1,,164000.0,
TXN-0000266,EMP-0130,2023-01-31,Termination,Compensation,,,,,,,,,Voluntary
TXN-0000267,EMP-0131,2026-04-01,Hire,New Hire,,Engineering,,Infrastructure / DevOps,,IC2,,97000.0,
TXN-0000268,EMP-0131,2026-05-07,Termination,Reorganization,,,,,,,,,Involuntary
TXN-0000269,EMP-0132,2020-02-19,Hire,New Hire,,Engineering,,Infrastructure / DevOps,,IC1,,73000.0,
TXN-0000270,EMP-0132,2024-06-07,Termination,Performance,,,,,,,,,Involuntary
TXN-0000271,EMP-0133,2025-07-21,Hire,New Hire,,Product,,Product Management,,M1,,139000.0,
TXN-0000272,EMP-0134,2018-12-30,Hire,New Hire,,HR,,Learning & Development,,M3,,234000.0,
TXN-0000273,EMP-0134,2021-06-01,Compensation Change,Market Adjustment,HR,HR,Learning & Development,Learning & Development,M3,M3,234000.0,242000.0,
TXN-0000274,EMP-0135,2025-01-28,Hire,New Hire,,Engineering,,Infrastructure / DevOps,,IC1,,65000.0,
TXN-0000275,EMP-0135,2026-05-03,Promotion,Merit Promotion,Engineering,Engineering,Infrastructure / DevOps,Infrastructure / DevOps,IC1,IC2,65000.0,87000.0,
TXN-0000276,EMP-0135,2026-06-17,Transfer,Internal Transfer,Engineering,Legal,Infrastructure / DevOps,Privacy & Data,IC2,IC2,87000.0,87000.0,
TXN-0000277,EMP-0136,2021-04-25,Hire,New Hire,,Marketing,,Demand Generation,,IC3,,112000.0,
TXN-0000278,EMP-0136,2023-11-26,Transfer,Internal Transfer,Marketing,Legal,Demand Generation,Privacy & Data,IC3,IC3,112000.0,112000.0,
TXN-0000279,EMP-0137,2021-07-30,Hire,New Hire,,Sales,,Account Management,,IC1,,67000.0,
TXN-0000280,EMP-0137,2024-05-26,Compensation Change,Merit Increase,Sales,Sales,Account Management,Account Management,IC1,IC1,67000.0,73000.0,
TXN-0000281,EMP-0137,2025-04-18,Promotion,Merit Promotion,Sales,Sales,Account Management,Account Management,IC1,IC2,73000.0,85000.0,
TXN-0000282,EMP-0138,2022-08-03,Hire,New Hire,,Engineering,,Software Engineering,,IC5,,180000.0,
TXN-0000283,EMP-0138,2025-01-19,Transfer,Internal Transfer,Engineering,Sales,Software Engineering,Enterprise Sales,IC5,IC5,180000.0,180000.0,
TXN-0000284,EMP-0138,2025-06-10,Transfer,Internal Transfer,Sales,Engineering,Enterprise Sales,QA Engineering,IC5,IC5,180000.0,180000.0,
TXN-0000285,EMP-0139,2019-11-14,Hire,New Hire,,HR,,Learning & Development,,IC5,,167000.0,
TXN-0000286,EMP-0140,2018-03-23,Hire,New Hire,,Marketing,,Demand Generation,,IC1,,76000.0,
TXN-0000287,EMP-0140,2024-07-03,Promotion,Merit Promotion,Marketing,Marketing,Demand Generation,Demand Generation,IC1,IC2,76000.0,81000.0,
TXN-0000288,EMP-0141,2024-01-03,Hire,New Hire,,Marketing,,Content Marketing,,IC3,,135000.0,
TXN-0000289,EMP-0141,2025-02-18,Termination,Career Move,,,,,,,,,Voluntary
TXN-0000290,EMP-0142,2024-03-14,Hire,New Hire,,Engineering,,Data Engineering,,IC3,,133000.0,
TXN-0000291,EMP-0143,2023-06-10,Hire,New Hire,,Finance,,Financial Planning & Analysis,,IC2,,84000.0,
TXN-0000292,EMP-0144,2019-05-22,Hire,New Hire,,Sales,,Revenue Operations,,M1,,153000.0,
TXN-0000293,EMP-0144,2024-02-16,Termination,Compensation,,,,,,,,,Voluntary
TXN-0000294,EMP-0145,2024-01-28,Hire,New Hire,,Engineering,,Infrastructure / DevOps,,IC3,,133000.0,
TXN-0000295,EMP-0145,2025-01-11,Compensation Change,Merit Increase,Engineering,Engineering,Infrastructure / DevOps,Infrastructure / DevOps,IC3,IC3,133000.0,142000.0,
TXN-0000296,EMP-0145,2025-07-14,Promotion,Merit Promotion,Engineering,Engineering,Infrastructure / DevOps,Infrastructure / DevOps,IC3,IC4,142000.0,140000.0,
TXN-0000297,EMP-0146,2025-05-11,Hire,New Hire,,Sales,,Customer Success,,IC2,,92000.0,
TXN-0000298,EMP-0146,2026-02-12,Promotion,Merit Promotion,Sales,Sales,Customer Success,Customer Success,IC2,IC3,92000.0,126000.0,
TXN-0000299,EMP-0147,2022-04-16,Hire,New Hire,,HR,,Talent Acquisition,,IC3,,135000.0,
TXN-0000300,EMP-0147,2024-11-27,Promotion,Merit Promotion,HR,HR,Talent Acquisition,Talent Acquisition,IC3,IC4,135000.0,159000.0,
TXN-0000301,EMP-0148,2020-08-08,Hire,New Hire,,Engineering,,Security Engineering,,IC5,,173000.0,
TXN-0000302,EMP-0148,2021-08-15,Compensation Change,Market Adjustment,Engineering,Engineering,Security Engineering,Security Engineering,IC5,IC5,173000.0,181000.0,
TXN-0000303,EMP-0148,2025-01-11,Compensation Change,Market Adjustment,Engineering,Engineering,Security Engineering,Security Engineering,IC5,IC5,181000.0,189000.0,
TXN-0000304,EMP-0149,2024-05-09,Hire,New Hire,,Marketing,,Content Marketing,,IC2,,81000.0,
TXN-0000305,EMP-0149,2024-07-15,Transfer,Internal Transfer,Marketing,Finance,Content Marketing,Internal Audit,IC2,IC2,81000.0,81000.0,
TXN-0000306,EMP-0149,2024-08-19,Promotion,Merit Promotion,Finance,Finance,Internal Audit,Internal Audit,IC2,IC3,81000.0,111000.0,
TXN-0000307,EMP-0150,2023-06-25,Hire,New Hire,,Engineering,,Infrastructure / DevOps,,IC2,,92000.0,
TXN-0000308,EMP-0150,2024-01-07,Compensation Change,Merit Increase,Engineering,Engineering,Infrastructure / DevOps,Infrastructure / DevOps,IC2,IC2,92000.0,98000.0,
TXN-0000309,EMP-0151,2018-02-25,Hire,New Hire,,Legal,,Employment Law,,VP,,332000.0,
TXN-0000310,EMP-0152,2023-07-22,Hire,New Hire,,Sales,,Sales Development,,IC4,,151000.0,
TXN-0000311,EMP-0152,2023-09-08,Promotion,Merit Promotion,Sales,Sales,Sales Development,Sales Development,IC4,IC5,151000.0,175000.0,
TXN-0000312,EMP-0153,2025-08-03,Hire,New Hire,,Finance,,Tax,,IC3,,121000.0,
TXN-0000313,EMP-0154,2020-04-17,Hire,New Hire,,Engineering,,Infrastructure / DevOps,,IC3,,134000.0,
TXN-0000314,EMP-0155,2026-05-17,Hire,New Hire,,Sales,,Sales Development,,IC1,,63000.0,
TXN-0000315,EMP-0156,2023-04-12,Hire,New Hire,,Product,,Product Management,,IC2,,105000.0,
TXN-0000316,EMP-0157,2019-01-23,Hire,New Hire,,Engineering,,Software Engineering,,IC2,,96000.0,
TXN-0000317,EMP-0157,2023-01-04,Compensation Change,Market Adjustment,Engineering,Engineering,Software Engineering,Software Engineering,IC2,IC2,96000.0,107000.0,
TXN-0000318,EMP-0157,2024-09-07,Compensation Change,Market Adjustment,Engineering,Engineering,Software Engineering,Software Engineering,IC2,IC2,107000.0,119000.0,
TXN-0000319,EMP-0158,2022-07-10,Hire,New Hire,,Engineering,,QA Engineering,,IC3,,122000.0,
TXN-0000320,EMP-0159,2020-01-01,Hire,New Hire,,Finance,,Tax,,IC2,,94000.0,
TXN-0000321,EMP-0159,2023-03-11,Compensation Change,Market Adjustment,Finance,Finance,Tax,Tax,IC2,IC2,94000.0,103000.0,
TXN-0000322,EMP-0160,2018-01-11,Hire,New Hire,,HR,,HR Business Partnering,,IC2,,105000.0,
TXN-0000323,EMP-0161,2021-08-17,Hire,New Hire,,Finance,,Financial Planning & Analysis,,IC1,,78000.0,
TXN-0000324,EMP-0161,2023-07-17,Transfer,Internal Transfer,Finance,Engineering,Financial Planning & Analysis,Data Engineering,IC1,IC1,78000.0,78000.0,
TXN-0000325,EMP-0162,2022-04-29,Hire,New Hire,,Marketing,,Product Marketing,,IC4,,144000.0,
TXN-0000326,EMP-0162,2023-08-10,Compensation Change,Market Adjustment,Marketing,Marketing,Product Marketing,Product Marketing,IC4,IC4,144000.0,161000.0,
TXN-0000327,EMP-0163,2022-11-26,Hire,New Hire,,Finance,,Internal Audit,,IC2,,91000.0,
TXN-0000328,EMP-0163,2024-12-08,Promotion,Merit Promotion,Finance,Finance,Internal Audit,Internal Audit,IC2,IC3,91000.0,131000.0,
TXN-0000329,EMP-0163,2026-04-29,Compensation Change,Market Adjustment,Finance,Finance,Internal Audit,Internal Audit,IC3,IC3,131000.0,139000.0,
TXN-0000330,EMP-0164,2024-04-11,Hire,New Hire,,Sales,,Sales Development,,M2,,178000.0,
TXN-0000331,EMP-0164,2025-10-31,Compensation Change,Market Adjustment,Sales,Sales,Sales Development,Sales Development,M2,M2,178000.0,193000.0,
TXN-0000332,EMP-0164,2026-03-04,Termination,Performance,,,,,,,,,Involuntary
TXN-0000333,EMP-0165,2024-10-21,Hire,New Hire,,Engineering,,QA Engineering,,M1,,131000.0,
TXN-0000334,EMP-0165,2025-08-06,Compensation Change,Merit Increase,Engineering,Engineering,QA Engineering,QA Engineering,M1,M1,131000.0,136000.0,
TXN-0000335,EMP-0166,2023-04-13,Hire,New Hire,,Sales,,Customer Success,,IC1,,73000.0,
TXN-0000336,EMP-0166,2023-12-11,Promotion,Merit Promotion,Sales,Sales,Customer Success,Customer Success,IC1,IC2,73000.0,81000.0,
TXN-0000337,EMP-0167,2019-09-20,Hire,New Hire,,Sales,,Sales Development,,IC2,,102000.0,
TXN-0000338,EMP-0168,2018-09-13,Hire,New Hire,,Engineering,,QA Engineering,,IC4,,137000.0,
TXN-0000339,EMP-0168,2018-12-20,Transfer,Internal Transfer,Engineering,Legal,QA Engineering,Compliance,IC4,IC4,137000.0,137000.0,
TXN-0000340,EMP-0168,2025-08-18,Termination,Reorganization,,,,,,,,,Involuntary
TXN-0000341,EMP-0169,2023-10-16,Hire,New Hire,,Marketing,,Demand Generation,,IC2,,104000.0,
TXN-0000342,EMP-0170,2023-08-17,Hire,New Hire,,Marketing,,Content Marketing,,IC1,,75000.0,
TXN-0000343,EMP-0171,2019-12-10,Hire,New Hire,,Engineering,,Software Engineering,,M3,,212000.0,
TXN-0000344,EMP-0171,2020-12-26,Compensation Change,Merit Increase,Engineering,Engineering,Software Engineering,Software Engineering,M3,M3,212000.0,227000.0,
TXN-0000345,EMP-0171,2026-03-20,Compensation Change,Merit Increase,Engineering,Engineering,Software Engineering,Software Engineering,M3,M3,227000.0,249000.0,
TXN-0000346,EMP-0172,2025-01-10,Hire,New Hire,,Engineering,,Software Engineering,,IC3,,128000.0,
TXN-0000347,EMP-0173,2020-10-07,Hire,New Hire,,Finance,,Tax,,IC3,,130000.0,
TXN-0000348,EMP-0173,2022-05-03,Transfer,Internal Transfer,Finance,HR,Tax,Total Rewards,IC3,IC3,130000.0,130000.0,
TXN-0000349,EMP-0173,2024-03-09,Termination,Career Move,,,,,,,,,Voluntary
TXN-0000350,EMP-0174,2021-01-22,Hire,New Hire,,Finance,,Accounting,,IC5,,166000.0,
TXN-0000351,EMP-0174,2024-05-21,Transfer,Internal Transfer,Finance,Legal,Accounting,Privacy & Data,IC5,IC5,166000.0,166000.0,
TXN-0000352,EMP-0175,2019-11-30,Hire,New Hire,,Engineering,,Software Engineering,,M1,,163000.0,
TXN-0000353,EMP-0175,2024-11-10,Transfer,Internal Transfer,Engineering,Legal,Software Engineering,Compliance,M1,M1,163000.0,163000.0,
TXN-0000354,EMP-0175,2026-05-09,Compensation Change,Market Adjustment,Legal,Legal,Compliance,Compliance,M1,M1,163000.0,179000.0,
TXN-0000355,EMP-0175,2026-06-14,Termination,Personal Reasons,,,,,,,,,Voluntary
TXN-0000356,EMP-0176,2020-12-04,Hire,New Hire,,Sales,,Account Management,,IC1,,78000.0,
TXN-0000357,EMP-0176,2022-10-26,Transfer,Internal Transfer,Sales,Finance,Account Management,Internal Audit,IC1,IC1,78000.0,78000.0,
TXN-0000358,EMP-0177,2019-03-05,Hire,New Hire,,Marketing,,Brand,,IC1,,77000.0,
TXN-0000359,EMP-0177,2020-05-18,Promotion,Merit Promotion,Marketing,Marketing,Brand,Brand,IC1,IC2,77000.0,89000.0,
TXN-0000360,EMP-0177,2022-07-19,Termination,Reorganization,,,,,,,,,Involuntary
TXN-0000361,EMP-0178,2024-11-30,Hire,New Hire,,HR,,People Operations,,IC3,,123000.0,
TXN-0000362,EMP-0179,2024-09-27,Hire,New Hire,,Engineering,,QA Engineering,,IC3,,119000.0,
TXN-0000363,EMP-0180,2023-09-08,Hire,New Hire,,Finance,,Financial Planning & Analysis,,IC3,,118000.0,
TXN-0000364,EMP-0181,2021-05-16,Hire,New Hire,,Sales,,Customer Success,,IC5,,194000.0,
TXN-0000365,EMP-0181,2022-03-08,Compensation Change,Merit Increase,Sales,Sales,Customer Success,Customer Success,IC5,IC5,194000.0,214000.0,
TXN-0000366,EMP-0182,2021-06-20,Hire,New Hire,,Product,,Product Management,,IC4,,155000.0,
TXN-0000367,EMP-0183,2021-05-19,Hire,New Hire,,Engineering,,QA Engineering,,VP,,288000.0,
TXN-0000368,EMP-0184,2022-03-13,Hire,New Hire,,Engineering,,Software Engineering,,IC1,,70000.0,
TXN-0000369,EMP-0184,2024-12-04,Compensation Change,Merit Increase,Engineering,Engineering,Software Engineering,Software Engineering,IC1,IC1,70000.0,77000.0,
TXN-0000370,EMP-0185,2019-01-28,Hire,New Hire,,Sales,,Revenue Operations,,IC2,,83000.0,
TXN-0000371,EMP-0185,2023-12-02,Compensation Change,Market Adjustment,Sales,Sales,Revenue Operations,Revenue Operations,IC2,IC2,83000.0,89000.0,
TXN-0000372,EMP-0185,2025-05-15,Compensation Change,Merit Increase,Sales,Sales,Revenue Operations,Revenue Operations,IC2,IC2,89000.0,99000.0,
TXN-0000373,EMP-0186,2024-10-28,Hire,New Hire,,Product,,Product Management,,IC2,,99000.0,
TXN-0000374,EMP-0186,2026-01-08,Compensation Change,Merit Increase,Product,Product,Product Management,Product Management,IC2,IC2,99000.0,108000.0,
TXN-0000375,EMP-0187,2018-07-01,Hire,New Hire,,Engineering,,Data Engineering,,M1,,141000.0,
TXN-0000376,EMP-0188,2025-07-28,Hire,New Hire,,Marketing,,Product Marketing,,IC2,,81000.0,
TXN-0000377,EMP-0188,2025-10-20,Transfer,Internal Transfer,Marketing,Engineering,Product Marketing,QA Engineering,IC2,IC2,81000.0,81000.0,
TXN-0000378,EMP-0188,2026-06-27,Termination,Career Move,,,,,,,,,Voluntary
TXN-0000379,EMP-0189,2019-10-21,Hire,New Hire,,Product,,UX / Design,,IC1,,63000.0,
TXN-0000380,EMP-0189,2024-05-22,Transfer,Internal Transfer,Product,Engineering,UX / Design,QA Engineering,IC1,IC1,63000.0,63000.0,
TXN-0000381,EMP-0190,2019-04-20,Hire,New Hire,,Sales,,Customer Success,,IC3,,129000.0,
TXN-0000382,EMP-0190,2025-05-19,Compensation Change,Merit Increase,Sales,Sales,Customer Success,Customer Success,IC3,IC3,129000.0,134000.0,
TXN-0000383,EMP-0191,2023-12-18,Hire,New Hire,,Engineering,,Security Engineering,,IC3,,131000.0,
TXN-0000384,EMP-0191,2024-10-07,Promotion,Merit Promotion,Engineering,Engineering,Security Engineering,Security Engineering,IC3,IC4,131000.0,155000.0,
TXN-0000385,EMP-0192,2023-02-07,Hire,New Hire,,Marketing,,Product Marketing,,IC2,,81000.0,
TXN-0000386,EMP-0192,2025-04-03,Promotion,Merit Promotion,Marketing,Marketing,Product Marketing,Product Marketing,IC2,IC3,81000.0,115000.0,
TXN-0000387,EMP-0193,2018-04-07,Hire,New Hire,,HR,,Learning & Development,,IC2,,87000.0,
TXN-0000388,EMP-0193,2019-08-07,Termination,Career Move,,,,,,,,,Voluntary
TXN-0000389,EMP-0194,2023-12-17,Hire,New Hire,,HR,,People Operations,,M2,,174000.0,
TXN-0000390,EMP-0194,2025-04-01,Compensation Change,Market Adjustment,HR,HR,People Operations,People Operations,M2,M2,174000.0,185000.0,
TXN-0000391,EMP-0195,2020-09-26,Hire,New Hire,,Engineering,,Infrastructure / DevOps,,IC3,,122000.0,
TXN-0000392,EMP-0195,2021-12-14,Transfer,Internal Transfer,Engineering,Legal,Infrastructure / DevOps,Corporate Legal,IC3,IC3,122000.0,122000.0,
TXN-0000393,EMP-0196,2021-05-21,Hire,New Hire,,Sales,,Revenue Operations,,M1,,144000.0,
TXN-0000394,EMP-0196,2021-11-29,Compensation Change,Merit Increase,Sales,Sales,Revenue Operations,Revenue Operations,M1,M1,144000.0,154000.0,
TXN-0000395,EMP-0197,2024-05-27,Hire,New Hire,,Engineering,,QA Engineering,,IC3,,135000.0,
TXN-0000396,EMP-0197,2024-08-15,Transfer,Internal Transfer,Engineering,Finance,QA Engineering,Accounting,IC3,IC3,135000.0,135000.0,
TXN-0000397,EMP-0198,2026-05-18,Hire,New Hire,,Product,,Product Operations,,IC1,,76000.0,
TXN-0000398,EMP-0199,2025-08-09,Hire,New Hire,,Legal,,Compliance,,VP,,307000.0,
TXN-0000399,EMP-0200,2024-09-19,Hire,New Hire,,Marketing,,Brand,,M1,,133000.0,
TXN-0000400,EMP-0200,2026-02-02,Compensation Change,Market Adjustment,Marketing,Marketing,Brand,Brand,M1,M1,133000.0,145000.0,
TXN-0000401,EMP-0201,2023-05-03,Hire,New Hire,,Product,,Product Operations,,Director,,221000.0,
TXN-0000402,EMP-0201,2026-03-19,Compensation Change,Market Adjustment,Product,Product,Product Operations,Product Operations,Director,Director,221000.0,242000.0,
TXN-0000403,EMP-0202,2018-05-13,Hire,New Hire,,HR,,Learning & Development,,M2,,199000.0,
TXN-0000404,EMP-0203,2022-02-21,Hire,New Hire,,Engineering,,QA Engineering,,M1,,140000.0,
TXN-0000405,EMP-0203,2023-02-27,Compensation Change,Market Adjustment,Engineering,Engineering,QA Engineering,QA Engineering,M1,M1,140000.0,151000.0,
TXN-0000406,EMP-0204,2018-04-06,Hire,New Hire,,Sales,,Enterprise Sales,,IC1,,71000.0,
TXN-0000407,EMP-0205,2019-05-21,Hire,New Hire,,Engineering,,Software Engineering,,IC3,,117000.0,
TXN-0000408,EMP-0205,2023-12-18,Compensation Change,Merit Increase,Engineering,Engineering,Software Engineering,Software Engineering,IC3,IC3,117000.0,124000.0,
TXN-0000409,EMP-0205,2025-03-20,Compensation Change,Market Adjustment,Engineering,Engineering,Software Engineering,Software Engineering,IC3,IC3,124000.0,131000.0,
TXN-0000410,EMP-0206,2025-06-13,Hire,New Hire,,Finance,,Tax,,IC2,,93000.0,
TXN-0000411,EMP-0206,2025-12-06,Compensation Change,Merit Increase,Finance,Finance,Tax,Tax,IC2,IC2,93000.0,100000.0,
TXN-0000412,EMP-0207,2018-01-14,Hire,New Hire,,Finance,,Internal Audit,,IC2,,101000.0,
TXN-0000413,EMP-0208,2022-09-09,Hire,New Hire,,Engineering,,Security Engineering,,IC1,,68000.0,
TXN-0000414,EMP-0208,2023-03-22,Compensation Change,Merit Increase,Engineering,Engineering,Security Engineering,Security Engineering,IC1,IC1,68000.0,75000.0,
TXN-0000415,EMP-0209,2020-10-20,Hire,New Hire,,Marketing,,Content Marketing,,IC2,,94000.0,
TXN-0000416,EMP-0209,2025-04-01,Compensation Change,Merit Increase,Marketing,Marketing,Content Marketing,Content Marketing,IC2,IC2,94000.0,104000.0,
TXN-0000417,EMP-0210,2026-02-09,Hire,New Hire,,Product,,Product Management,,VP,,298000.0,
TXN-0000418,EMP-0211,2020-04-27,Hire,New Hire,,Product,,Product Operations,,IC2,,92000.0,
TXN-0000419,EMP-0211,2025-07-29,Transfer,Internal Transfer,Product,Engineering,Product Operations,Infrastructure / DevOps,IC2,IC2,92000.0,92000.0,
TXN-0000420,EMP-0212,2019-10-15,Hire,New Hire,,Engineering,,Data Engineering,,IC5,,176000.0,
TXN-0000421,EMP-0212,2025-09-11,Compensation Change,Merit Increase,Engineering,Engineering,Data Engineering,Data Engineering,IC5,IC5,176000.0,195000.0,
TXN-0000422,EMP-0213,2020-12-01,Hire,New Hire,,Engineering,,Infrastructure / DevOps,,IC3,,109000.0,
TXN-0000423,EMP-0214,2026-02-21,Hire,New Hire,,Finance,,Financial Planning & Analysis,,IC3,,114000.0,
TXN-0000424,EMP-0214,2026-06-22,Compensation Change,Market Adjustment,Finance,Finance,Financial Planning & Analysis,Financial Planning & Analysis,IC3,IC3,114000.0,124000.0,
TXN-0000425,EMP-0215,2019-05-24,Hire,New Hire,,Sales,,Account Management,,M3,,206000.0,
TXN-0000426,EMP-0215,2024-02-08,Termination,Performance,,,,,,,,,Involuntary
TXN-0000427,EMP-0216,2020-09-22,Hire,New Hire,,Legal,,Privacy & Data,,VP,,301000.0,
TXN-0000428,EMP-0216,2026-04-27,Compensation Change,Market Adjustment,Legal,Legal,Privacy & Data,Privacy & Data,VP,VP,301000.0,331000.0,
TXN-0000429,EMP-0216,2026-06-14,Compensation Change,Market Adjustment,Legal,Legal,Privacy & Data,Privacy & Data,VP,VP,331000.0,351000.0,
TXN-0000430,EMP-0217,2024-05-16,Hire,New Hire,,Product,,UX / Design,,IC3,,123000.0,
TXN-0000431,EMP-0218,2022-01-25,Hire,New Hire,,Sales,,Enterprise Sales,,IC4,,143000.0,
TXN-0000432,EMP-0218,2025-12-03,Promotion,Merit Promotion,Sales,Sales,Enterprise Sales,Enterprise Sales,IC4,IC5,143000.0,186000.0,
TXN-0000433,EMP-0219,2019-08-24,Hire,New Hire,,Sales,,Customer Success,,IC1,,66000.0,
TXN-0000434,EMP-0220,2024-07-21,Hire,New Hire,,Sales,,Account Management,,IC2,,86000.0,
TXN-0000435,EMP-0220,2026-05-15,Compensation Change,Merit Increase,Sales,Sales,Account Management,Account Management,IC2,IC2,86000.0,96000.0,
TXN-0000436,EMP-0221,2023-08-15,Hire,New Hire,,Engineering,,QA Engineering,,Director,,251000.0,
TXN-0000437,EMP-0221,2025-01-19,Compensation Change,Merit Increase,Engineering,Engineering,QA Engineering,QA Engineering,Director,Director,251000.0,279000.0,
TXN-0000438,EMP-0221,2026-01-26,Compensation Change,Market Adjustment,Engineering,Engineering,QA Engineering,QA Engineering,Director,Director,279000.0,296000.0,
TXN-0000439,EMP-0222,2019-09-07,Hire,New Hire,,Sales,,Enterprise Sales,,IC3,,123000.0,
TXN-0000440,EMP-0222,2026-02-24,Compensation Change,Merit Increase,Sales,Sales,Enterprise Sales,Enterprise Sales,IC3,IC3,123000.0,137000.0,
TXN-0000441,EMP-0223,2022-01-29,Hire,New Hire,,HR,,Talent Acquisition,,IC3,,117000.0,
TXN-0000442,EMP-0223,2025-02-27,Compensation Change,Merit Increase,HR,HR,Talent Acquisition,Talent Acquisition,IC3,IC3,117000.0,126000.0,
TXN-0000443,EMP-0224,2018-08-18,Hire,New Hire,,Finance,,Treasury,,IC5,,180000.0,
TXN-0000444,EMP-0224,2026-01-03,Compensation Change,Market Adjustment,Finance,Finance,Treasury,Treasury,IC5,IC5,180000.0,189000.0,
TXN-0000445,EMP-0225,2024-10-31,Hire,New Hire,,Sales,,Enterprise Sales,,IC1,,71000.0,
TXN-0000446,EMP-0226,2023-11-11,Hire,New Hire,,Engineering,,QA Engineering,,IC3,,107000.0,
TXN-0000447,EMP-0226,2025-06-12,Compensation Change,Merit Increase,Engineering,Engineering,QA Engineering,QA Engineering,IC3,IC3,107000.0,111000.0,
TXN-0000448,EMP-0227,2019-04-22,Hire,New Hire,,Sales,,Revenue Operations,,IC3,,108000.0,
TXN-0000449,EMP-0227,2025-10-08,Promotion,Merit Promotion,Sales,Sales,Revenue Operations,Revenue Operations,IC3,IC4,108000.0,146000.0,
TXN-0000450,EMP-0228,2026-01-28,Hire,New Hire,,Product,,UX / Design,,M1,,157000.0,
TXN-0000451,EMP-0228,2026-02-27,Compensation Change,Market Adjustment,Product,Product,UX / Design,UX / Design,M1,M1,157000.0,167000.0,
TXN-0000452,EMP-0229,2019-12-25,Hire,New Hire,,Finance,,Tax,,IC1,,70000.0,
TXN-0000453,EMP-0229,2022-11-08,Transfer,Internal Transfer,Finance,Legal,Tax,Compliance,IC1,IC1,70000.0,70000.0,
TXN-0000454,EMP-0229,2023-07-24,Compensation Change,Market Adjustment,Legal,Legal,Compliance,Compliance,IC1,IC1,70000.0,78000.0,
TXN-0000455,EMP-0229,2026-04-12,Termination,Career Move,,,,,,,,,Voluntary
TXN-0000456,EMP-0230,2018-09-26,Hire,New Hire,,Sales,,Revenue Operations,,Director,,260000.0,
TXN-0000457,EMP-0230,2020-11-12,Compensation Change,Merit Increase,Sales,Sales,Revenue Operations,Revenue Operations,Director,Director,260000.0,270000.0,
TXN-0000458,EMP-0231,2023-08-18,Hire,New Hire,,Product,,UX / Design,,IC1,,66000.0,
TXN-0000459,EMP-0231,2025-04-23,Compensation Change,Merit Increase,Product,Product,UX / Design,UX / Design,IC1,IC1,66000.0,70000.0,
TXN-0000460,EMP-0232,2019-12-05,Hire,New Hire,,Product,,Product Management,,IC1,,72000.0,
TXN-0000461,EMP-0232,2024-09-06,Compensation Change,Market Adjustment,Product,Product,Product Management,Product Management,IC1,IC1,72000.0,76000.0,
TXN-0000462,EMP-0233,2021-05-28,Hire,New Hire,,Engineering,,QA Engineering,,IC3,,109000.0,
TXN-0000463,EMP-0233,2023-11-15,Compensation Change,Merit Increase,Engineering,Engineering,QA Engineering,QA Engineering,IC3,IC3,109000.0,120000.0,
TXN-0000464,EMP-0234,2022-07-14,Hire,New Hire,,Engineering,,Software Engineering,,IC4,,159000.0,
TXN-0000465,EMP-0234,2022-09-21,Compensation Change,Market Adjustment,Engineering,Engineering,Software Engineering,Software Engineering,IC4,IC4,159000.0,167000.0,
TXN-0000466,EMP-0235,2022-03-10,Hire,New Hire,,Engineering,,Software Engineering,,IC2,,88000.0,
TXN-0000467,EMP-0236,2023-08-23,Hire,New Hire,,Legal,,Privacy & Data,,IC1,,77000.0,
TXN-0000468,EMP-0236,2025-09-29,Compensation Change,Merit Increase,Legal,Legal,Privacy & Data,Privacy & Data,IC1,IC1,77000.0,86000.0,
TXN-0000469,EMP-0237,2022-05-17,Hire,New Hire,,Product,,Product Operations,,M2,,199000.0,
TXN-0000470,EMP-0237,2022-10-15,Compensation Change,Market Adjustment,Product,Product,Product Operations,Product Operations,M2,M2,199000.0,216000.0,
TXN-0000471,EMP-0238,2022-11-30,Hire,New Hire,,Marketing,,Brand,,IC2,,83000.0,
TXN-0000472,EMP-0238,2025-04-25,Compensation Change,Market Adjustment,Marketing,Marketing,Brand,Brand,IC2,IC2,83000.0,92000.0,
TXN-0000473,EMP-0239,2024-04-20,Hire,New Hire,,Engineering,,Software Engineering,,IC3,,118000.0,
TXN-0000474,EMP-0239,2025-03-14,Compensation Change,Merit Increase,Engineering,Engineering,Software Engineering,Software Engineering,IC3,IC3,118000.0,123000.0,
TXN-0000475,EMP-0240,2025-11-04,Hire,New Hire,,HR,,Total Rewards,,IC4,,159000.0,
TXN-0000476,EMP-0241,2020-07-21,Hire,New Hire,,Marketing,,Product Marketing,,IC2,,89000.0,
TXN-0000477,EMP-0241,2020-11-22,Promotion,Merit Promotion,Marketing,Marketing,Product Marketing,Product Marketing,IC2,IC3,89000.0,124000.0,
TXN-0000478,EMP-0242,2023-06-16,Hire,New Hire,,Engineering,,Software Engineering,,IC3,,130000.0,
TXN-0000479,EMP-0242,2023-09-19,Compensation Change,Market Adjustment,Engineering,Engineering,Software Engineering,Software Engineering,IC3,IC3,130000.0,144000.0,
TXN-0000480,EMP-0243,2023-07-09,Hire,New Hire,,Engineering,,QA Engineering,,IC3,,122000.0,
TXN-0000481,EMP-0243,2024-03-25,Transfer,Internal Transfer,Engineering,Marketing,QA Engineering,Demand Generation,IC3,IC3,122000.0,122000.0,
TXN-0000482,EMP-0243,2025-08-16,Compensation Change,Merit Increase,Marketing,Marketing,Demand Generation,Demand Generation,IC3,IC3,122000.0,137000.0,
TXN-0000483,EMP-0244,2022-11-01,Hire,New Hire,,Finance,,Tax,,M3,,219000.0,
TXN-0000484,EMP-0245,2024-06-14,Hire,New Hire,,Marketing,,Brand,,IC2,,91000.0,
TXN-0000485,EMP-0245,2025-08-29,Compensation Change,Market Adjustment,Marketing,Marketing,Brand,Brand,IC2,IC2,91000.0,94000.0,
TXN-0000486,EMP-0245,2025-10-07,Promotion,Merit Promotion,Marketing,Marketing,Brand,Brand,IC2,IC3,94000.0,115000.0,
TXN-0000487,EMP-0245,2026-06-13,Termination,Compensation,,,,,,,,,Voluntary
TXN-0000488,EMP-0246,2021-08-30,Hire,New Hire,,Finance,,Internal Audit,,IC4,,146000.0,
TXN-0000489,EMP-0246,2025-10-02,Compensation Change,Merit Increase,Finance,Finance,Internal Audit,Internal Audit,IC4,IC4,146000.0,152000.0,
TXN-0000490,EMP-0247,2020-01-14,Hire,New Hire,,Finance,,Financial Planning & Analysis,,IC2,,81000.0,
TXN-0000491,EMP-0247,2020-11-22,Transfer,Internal Transfer,Finance,Product,Financial Planning & Analysis,Product Management,IC2,IC2,81000.0,81000.0,
TXN-0000492,EMP-0248,2019-10-31,Hire,New Hire,,Product,,UX / Design,,IC2,,105000.0,
TXN-0000493,EMP-0249,2022-12-06,Hire,New Hire,,Product,,Product Management,,IC4,,156000.0,
TXN-0000494,EMP-0249,2025-02-22,Promotion,Merit Promotion,Product,Product,Product Management,Product Management,IC4,IC5,156000.0,175000.0,
TXN-0000495,EMP-0250,2022-04-08,Hire,New Hire,,HR,,Learning & Development,,IC2,,100000.0,
TXN-0000496,EMP-0250,2023-01-12,Promotion,Merit Promotion,HR,HR,Learning & Development,Learning & Development,IC2,IC3,100000.0,111000.0,
TXN-0000497,EMP-0251,2026-04-22,Hire,New Hire,,HR,,Learning & Development,,IC2,,89000.0,
TXN-0000498,EMP-0251,2026-06-23,Termination,Personal Reasons,,,,,,,,,Voluntary
TXN-0000499,EMP-0252,2023-09-15,Hire,New Hire,,Product,,Product Management,,IC5,,193000.0,
TXN-0000500,EMP-0252,2024-01-25,Transfer,Internal Transfer,Product,HR,Product Management,Talent Acquisition,IC5,IC5,193000.0,193000.0,
TXN-0000501,EMP-0252,2025-12-22,Transfer,Internal Transfer,HR,Legal,Talent Acquisition,Corporate Legal,IC5,IC5,193000.0,193000.0,
TXN-0000502,EMP-0253,2023-04-15,Hire,New Hire,,Legal,,Corporate Legal,,IC1,,79000.0,
TXN-0000503,EMP-0254,2024-05-01,Hire,New Hire,,Engineering,,Software Engineering,,IC3,,109000.0,
TXN-0000504,EMP-0255,2026-04-19,Hire,New Hire,,Sales,,Enterprise Sales,,VP,,317000.0,
TXN-0000505,EMP-0256,2019-09-13,Hire,New Hire,,Sales,,Sales Development,,VP,,317000.0,
TXN-0000506,EMP-0257,2022-03-09,Hire,New Hire,,Engineering,,QA Engineering,,IC1,,72000.0,
TXN-0000507,EMP-0257,2026-05-22,Compensation Change,Merit Increase,Engineering,Engineering,QA Engineering,QA Engineering,IC1,IC1,72000.0,80000.0,
TXN-0000508,EMP-0258,2024-09-17,Hire,New Hire,,HR,,Learning & Development,,IC2,,84000.0,
TXN-0000509,EMP-0258,2024-12-23,Promotion,Merit Promotion,HR,HR,Learning & Development,Learning & Development,IC2,IC3,84000.0,119000.0,
TXN-0000510,EMP-0259,2024-01-08,Hire,New Hire,,Product,,UX / Design,,IC2,,83000.0,
TXN-0000511,EMP-0259,2024-10-27,Promotion,Merit Promotion,Product,Product,UX / Design,UX / Design,IC2,IC3,83000.0,125000.0,
TXN-0000512,EMP-0260,2024-11-18,Hire,New Hire,,Engineering,,Software Engineering,,M3,,219000.0,
TXN-0000513,EMP-0260,2025-05-13,Termination,Career Move,,,,,,,,,Voluntary
TXN-0000514,EMP-0261,2026-05-03,Hire,New Hire,,HR,,Talent Acquisition,,M2,,190000.0,
TXN-0000515,EMP-0262,2026-03-10,Hire,New Hire,,Engineering,,QA Engineering,,M1,,142000.0,
TXN-0000516,EMP-0262,2026-05-13,Compensation Change,Market Adjustment,Engineering,Engineering,QA Engineering,QA Engineering,M1,M1,142000.0,148000.0,
TXN-0000517,EMP-0263,2019-08-18,Hire,New Hire,,Sales,,Customer Success,,IC2,,98000.0,
TXN-0000518,EMP-0263,2021-12-05,Compensation Change,Merit Increase,Sales,Sales,Customer Success,Customer Success,IC2,IC2,98000.0,101000.0,
TXN-0000519,EMP-0264,2020-09-01,Hire,New Hire,,Finance,,Accounting,,IC1,,68000.0,
TXN-0000520,EMP-0265,2024-06-22,Hire,New Hire,,Marketing,,Product Marketing,,M1,,146000.0,
TXN-0000521,EMP-0266,2023-10-09,Hire,New Hire,,HR,,Total Rewards,,IC4,,143000.0,
TXN-0000522,EMP-0266,2025-05-23,Transfer,Internal Transfer,HR,Engineering,Total Rewards,QA Engineering,IC4,IC4,143000.0,143000.0,
TXN-0000523,EMP-0267,2022-02-05,Hire,New Hire,,Sales,,Revenue Operations,,IC4,,151000.0,
TXN-0000524,EMP-0267,2022-10-20,Promotion,Merit Promotion,Sales,Sales,Revenue Operations,Revenue Operations,IC4,IC5,151000.0,185000.0,
TXN-0000525,EMP-0267,2024-10-30,Termination,Personal Reasons,,,,,,,,,Voluntary
TXN-0000526,EMP-0268,2024-03-16,Hire,New Hire,,Finance,,Financial Planning & Analysis,,VP,,377000.0,
TXN-0000527,EMP-0268,2025-09-20,Compensation Change,Merit Increase,Finance,Finance,Financial Planning & Analysis,Financial Planning & Analysis,VP,VP,377000.0,417000.0,
TXN-0000528,EMP-0268,2026-05-06,Compensation Change,Market Adjustment,Finance,Finance,Financial Planning & Analysis,Financial Planning & Analysis,VP,VP,417000.0,457000.0,
TXN-0000529,EMP-0269,2019-09-14,Hire,New Hire,,Finance,,Internal Audit,,IC4,,156000.0,
TXN-0000530,EMP-0270,2023-12-15,Hire,New Hire,,Marketing,,Content Marketing,,IC1,,67000.0,
TXN-0000531,EMP-0270,2026-05-26,Compensation Change,Market Adjustment,Marketing,Marketing,Content Marketing,Content Marketing,IC1,IC1,67000.0,73000.0,
TXN-0000532,EMP-0271,2021-02-14,Hire,New Hire,,Engineering,,Software Engineering,,M1,,164000.0,
TXN-0000533,EMP-0271,2026-03-20,Transfer,Internal Transfer,Engineering,HR,Software Engineering,HR Business Partnering,M1,M1,164000.0,164000.0,
TXN-0000534,EMP-0271,2026-05-27,Compensation Change,Market Adjustment,HR,HR,HR Business Partnering,HR Business Partnering,M1,M1,164000.0,173000.0,
TXN-0000535,EMP-0272,2026-03-24,Hire,New Hire,,Engineering,,Infrastructure / DevOps,,IC2,,95000.0,
TXN-0000536,EMP-0272,2026-05-13,Compensation Change,Merit Increase,Engineering,Engineering,Infrastructure / DevOps,Infrastructure / DevOps,IC2,IC2,95000.0,105000.0,
TXN-0000537,EMP-0273,2019-10-16,Hire,New Hire,,Engineering,,Security Engineering,,IC4,,145000.0,
TXN-0000538,EMP-0273,2022-12-20,Promotion,Merit Promotion,Engineering,Engineering,Security Engineering,Security Engineering,IC4,IC5,145000.0,174000.0,
TXN-0000539,EMP-0273,2026-05-02,Compensation Change,Market Adjustment,Engineering,Engineering,Security Engineering,Security Engineering,IC5,IC5,174000.0,182000.0,
TXN-0000540,EMP-0273,2026-06-09,Termination,Performance,,,,,,,,,Involuntary
TXN-0000541,EMP-0274,2025-02-21,Hire,New Hire,,Engineering,,Software Engineering,,M3,,221000.0,
TXN-0000542,EMP-0275,2019-05-27,Hire,New Hire,,Finance,,Internal Audit,,IC1,,75000.0,
TXN-0000543,EMP-0275,2023-04-24,Compensation Change,Merit Increase,Finance,Finance,Internal Audit,Internal Audit,IC1,IC1,75000.0,84000.0,
TXN-0000544,EMP-0275,2025-07-13,Compensation Change,Market Adjustment,Finance,Finance,Internal Audit,Internal Audit,IC1,IC1,84000.0,88000.0,
TXN-0000545,EMP-0276,2019-11-21,Hire,New Hire,,Finance,,Treasury,,IC1,,75000.0,
TXN-0000546,EMP-0276,2024-01-14,Promotion,Merit Promotion,Finance,Finance,Treasury,Treasury,IC1,IC2,75000.0,101000.0,
TXN-0000547,EMP-0277,2025-11-13,Hire,New Hire,,Engineering,,Security Engineering,,IC1,,68000.0,
TXN-0000548,EMP-0277,2026-02-21,Compensation Change,Market Adjustment,Engineering,Engineering,Security Engineering,Security Engineering,IC1,IC1,68000.0,74000.0,
TXN-0000549,EMP-0278,2020-10-26,Hire,New Hire,,HR,,Total Rewards,,IC3,,107000.0,
TXN-0000550,EMP-0278,2024-03-19,Transfer,Internal Transfer,HR,Product,Total Rewards,Product Management,IC3,IC3,107000.0,107000.0,
TXN-0000551,EMP-0279,2023-06-22,Hire,New Hire,,Sales,,Customer Success,,IC2,,95000.0,
TXN-0000552,EMP-0279,2023-10-16,Compensation Change,Merit Increase,Sales,Sales,Customer Success,Customer Success,IC2,IC2,95000.0,103000.0,
TXN-0000553,EMP-0280,2019-04-27,Hire,New Hire,,Engineering,,Data Engineering,,IC4,,144000.0,
TXN-0000554,EMP-0280,2019-11-06,Transfer,Internal Transfer,Engineering,Finance,Data Engineering,Treasury,IC4,IC4,144000.0,144000.0,
TXN-0000555,EMP-0281,2022-06-22,Hire,New Hire,,Sales,,Revenue Operations,,IC4,,152000.0,
TXN-0000556,EMP-0281,2023-02-09,Promotion,Merit Promotion,Sales,Sales,Revenue Operations,Revenue Operations,IC4,IC5,152000.0,174000.0,
TXN-0000557,EMP-0281,2023-05-08,Compensation Change,Market Adjustment,Sales,Sales,Revenue Operations,Revenue Operations,IC5,IC5,174000.0,193000.0,
TXN-0000558,EMP-0282,2025-08-29,Hire,New Hire,,HR,,Total Rewards,,IC2,,89000.0,
TXN-0000559,EMP-0283,2025-02-13,Hire,New Hire,,Sales,,Enterprise Sales,,IC4,,154000.0,
TXN-0000560,EMP-0283,2026-03-29,Transfer,Internal Transfer,Sales,HR,Enterprise Sales,HR Business Partnering,IC4,IC4,154000.0,154000.0,
TXN-0000561,EMP-0284,2021-09-29,Hire,New Hire,,Finance,,Tax,,IC2,,95000.0,
TXN-0000562,EMP-0284,2022-05-24,Compensation Change,Market Adjustment,Finance,Finance,Tax,Tax,IC2,IC2,95000.0,99000.0,
TXN-0000563,EMP-0284,2024-03-24,Compensation Change,Market Adjustment,Finance,Finance,Tax,Tax,IC2,IC2,99000.0,108000.0,
TXN-0000564,EMP-0285,2025-12-07,Hire,New Hire,,Sales,,Revenue Operations,,IC3,,116000.0,
TXN-0000565,EMP-0285,2026-03-29,Promotion,Merit Promotion,Sales,Sales,Revenue Operations,Revenue Operations,IC3,IC4,116000.0,140000.0,
TXN-0000566,EMP-0285,2026-05-17,Compensation Change,Market Adjustment,Sales,Sales,Revenue Operations,Revenue Operations,IC4,IC4,140000.0,153000.0,
TXN-0000567,EMP-0286,2024-01-14,Hire,New Hire,,Engineering,,Data Engineering,,M2,,179000.0,
TXN-0000568,EMP-0286,2025-12-23,Transfer,Internal Transfer,Engineering,HR,Data Engineering,HR Business Partnering,M2,M2,179000.0,179000.0,
TXN-0000569,EMP-0287,2022-06-14,Hire,New Hire,,Engineering,,Data Engineering,,M1,,162000.0,
TXN-0000570,EMP-0287,2024-03-06,Compensation Change,Market Adjustment,Engineering,Engineering,Data Engineering,Data Engineering,M1,M1,162000.0,181000.0,
TXN-0000571,EMP-0287,2024-11-21,Transfer,Internal Transfer,Engineering,Sales,Data Engineering,Sales Development,M1,M1,181000.0,181000.0,
TXN-0000572,EMP-0288,2021-01-26,Hire,New Hire,,Marketing,,Demand Generation,,IC1,,70000.0,
TXN-0000573,EMP-0289,2020-06-03,Hire,New Hire,,Sales,,Sales Development,,IC3,,105000.0,
TXN-0000574,EMP-0289,2025-02-24,Compensation Change,Merit Increase,Sales,Sales,Sales Development,Sales Development,IC3,IC3,105000.0,118000.0,
TXN-0000575,EMP-0289,2025-10-23,Promotion,Merit Promotion,Sales,Sales,Sales Development,Sales Development,IC3,IC4,118000.0,148000.0,
TXN-0000576,EMP-0290,2024-06-15,Hire,New Hire,,Marketing,,Product Marketing,,IC2,,99000.0,
TXN-0000577,EMP-0291,2020-08-19,Hire,New Hire,,Product,,UX / Design,,IC1,,71000.0,
TXN-0000578,EMP-0291,2023-06-26,Compensation Change,Merit Increase,Product,Product,UX / Design,UX / Design,IC1,IC1,71000.0,77000.0,
TXN-0000579,EMP-0291,2026-05-30,Compensation Change,Merit Increase,Product,Product,UX / Design,UX / Design,IC1,IC1,77000.0,83000.0,
TXN-0000580,EMP-0292,2024-10-10,Hire,New Hire,,Legal,,Employment Law,,IC5,,185000.0,
TXN-0000581,EMP-0292,2026-02-28,Compensation Change,Market Adjustment,Legal,Legal,Employment Law,Employment Law,IC5,IC5,185000.0,204000.0,
TXN-0000582,EMP-0292,2026-06-17,Transfer,Internal Transfer,Legal,Finance,Employment Law,Treasury,IC5,IC5,204000.0,204000.0,
TXN-0000583,EMP-0293,2018-04-01,Hire,New Hire,,Engineering,,Infrastructure / DevOps,,IC4,,146000.0,
TXN-0000584,EMP-0293,2019-01-17,Compensation Change,Market Adjustment,Engineering,Engineering,Infrastructure / DevOps,Infrastructure / DevOps,IC4,IC4,146000.0,151000.0,
TXN-0000585,EMP-0294,2026-02-28,Hire,New Hire,,Marketing,,Demand Generation,,IC2,,98000.0,
TXN-0000586,EMP-0294,2026-04-26,Compensation Change,Market Adjustment,Marketing,Marketing,Demand Generation,Demand Generation,IC2,IC2,98000.0,104000.0,
TXN-0000587,EMP-0294,2026-06-16,Promotion,Merit Promotion,Marketing,Marketing,Demand Generation,Demand Generation,IC2,IC3,104000.0,129000.0,
TXN-0000588,EMP-0295,2022-07-26,Hire,New Hire,,Sales,,Sales Development,,IC5,,187000.0,
TXN-0000589,EMP-0295,2022-12-11,Compensation Change,Merit Increase,Sales,Sales,Sales Development,Sales Development,IC5,IC5,187000.0,199000.0,
TXN-0000590,EMP-0295,2023-06-04,Compensation Change,Merit Increase,Sales,Sales,Sales Development,Sales Development,IC5,IC5,199000.0,214000.0,
TXN-0000591,EMP-0296,2020-10-16,Hire,New Hire,,Marketing,,Marketing Operations,,IC3,,128000.0,
TXN-0000592,EMP-0296,2022-03-19,Transfer,Internal Transfer,Marketing,Engineering,Marketing Operations,Security Engineering,IC3,IC3,128000.0,128000.0,
TXN-0000593,EMP-0296,2026-02-19,Transfer,Internal Transfer,Engineering,Finance,Security Engineering,Treasury,IC3,IC3,128000.0,128000.0,
TXN-0000594,EMP-0296,2026-05-03,Termination,Personal Reasons,,,,,,,,,Voluntary
TXN-0000595,EMP-0297,2021-12-25,Hire,New Hire,,Sales,,Sales Development,,IC3,,126000.0,
TXN-0000596,EMP-0297,2023-05-03,Transfer,Internal Transfer,Sales,Legal,Sales Development,Corporate Legal,IC3,IC3,126000.0,126000.0,
TXN-0000597,EMP-0298,2023-11-16,Hire,New Hire,,Engineering,,QA Engineering,,IC1,,60000.0,
TXN-0000598,EMP-0298,2024-06-05,Promotion,Merit Promotion,Engineering,Engineering,QA Engineering,QA Engineering,IC1,IC2,60000.0,105000.0,
TXN-0000599,EMP-0298,2025-06-04,Termination,Career Move,,,,,,,,,Voluntary
TXN-0000600,EMP-0299,2024-05-15,Hire,New Hire,,Engineering,,Infrastructure / DevOps,,IC1,,67000.0,
TXN-0000601,EMP-0299,2025-12-14,Promotion,Merit Promotion,Engineering,Engineering,Infrastructure / DevOps,Infrastructure / DevOps,IC1,IC2,67000.0,89000.0,
TXN-0000602,EMP-0300,2019-09-26,Hire,New Hire,,Marketing,,Marketing Operations,,M2,,178000.0,
TXN-0000603,EMP-0300,2025-07-04,Compensation Change,Merit Increase,Marketing,Marketing,Marketing Operations,Marketing Operations,M2,M2,178000.0,196000.0,
TXN-0000604,EMP-0301,2024-01-11,Hire,New Hire,,Engineering,,Software Engineering,,M2,,193000.0,
TXN-0000605,EMP-0302,2019-02-13,Hire,New Hire,,Engineering,,Security Engineering,,IC3,,111000.0,
TXN-0000606,EMP-0302,2025-05-06,Compensation Change,Merit Increase,Engineering,Engineering,Security Engineering,Security Engineering,IC3,IC3,111000.0,122000.0,
TXN-0000607,EMP-0303,2018-09-26,Hire,New Hire,,Sales,,Enterprise Sales,,M1,,139000.0,
TXN-0000608,EMP-0303,2019-04-14,Transfer,Internal Transfer,Sales,Finance,Enterprise Sales,Internal Audit,M1,M1,139000.0,139000.0,
TXN-0000609,EMP-0304,2025-06-10,Hire,New Hire,,Product,,Product Operations,,IC3,,115000.0,
TXN-0000610,EMP-0304,2026-04-15,Compensation Change,Merit Increase,Product,Product,Product Operations,Product Operations,IC3,IC3,115000.0,121000.0,
TXN-0000611,EMP-0305,2020-03-22,Hire,New Hire,,Marketing,,Brand,,IC1,,79000.0,
TXN-0000612,EMP-0305,2025-09-24,Termination,Personal Reasons,,,,,,,,,Voluntary
TXN-0000613,EMP-0306,2023-08-01,Hire,New Hire,,Sales,,Enterprise Sales,,IC1,,75000.0,
TXN-0000614,EMP-0306,2025-05-20,Compensation Change,Merit Increase,Sales,Sales,Enterprise Sales,Enterprise Sales,IC1,IC1,75000.0,82000.0,
TXN-0000615,EMP-0306,2026-05-13,Transfer,Internal Transfer,Sales,Engineering,Enterprise Sales,Infrastructure / DevOps,IC1,IC1,82000.0,82000.0,
TXN-0000616,EMP-0307,2022-04-26,Hire,New Hire,,Sales,,Sales Development,,IC2,,89000.0,
TXN-0000617,EMP-0307,2025-04-01,Transfer,Internal Transfer,Sales,Product,Sales Development,Product Operations,IC2,IC2,89000.0,89000.0,
TXN-0000618,EMP-0308,2020-05-28,Hire,New Hire,,HR,,Talent Acquisition,,M2,,181000.0,
TXN-0000619,EMP-0308,2026-01-15,Compensation Change,Merit Increase,HR,HR,Talent Acquisition,Talent Acquisition,M2,M2,181000.0,197000.0,
TXN-0000620,EMP-0308,2026-05-22,Termination,Compensation,,,,,,,,,Voluntary
TXN-0000621,EMP-0309,2019-04-22,Hire,New Hire,,Finance,,Tax,,IC5,,160000.0,
TXN-0000622,EMP-0309,2023-10-05,Compensation Change,Market Adjustment,Finance,Finance,Tax,Tax,IC5,IC5,160000.0,170000.0,
TXN-0000623,EMP-0309,2023-12-19,Compensation Change,Market Adjustment,Finance,Finance,Tax,Tax,IC5,IC5,170000.0,184000.0,
TXN-0000624,EMP-0310,2022-09-28,Hire,New Hire,,Sales,,Customer Success,,M1,,155000.0,
TXN-0000625,EMP-0310,2024-05-08,Transfer,Internal Transfer,Sales,Engineering,Customer Success,Security Engineering,M1,M1,155000.0,155000.0,
TXN-0000626,EMP-0311,2020-02-16,Hire,New Hire,,Product,,UX / Design,,M2,,174000.0,
TXN-0000627,EMP-0311,2021-08-26,Compensation Change,Merit Increase,Product,Product,UX / Design,UX / Design,M2,M2,174000.0,183000.0,
TXN-0000628,EMP-0311,2026-03-03,Termination,Career Move,,,,,,,,,Voluntary
TXN-0000629,EMP-0312,2024-01-09,Hire,New Hire,,Engineering,,QA Engineering,,IC2,,84000.0,
TXN-0000630,EMP-0312,2024-11-25,Transfer,Internal Transfer,Engineering,HR,QA Engineering,Learning & Development,IC2,IC2,84000.0,84000.0,
TXN-0000631,EMP-0313,2022-06-06,Hire,New Hire,,Product,,Product Management,,IC2,,104000.0,
TXN-0000632,EMP-0313,2025-02-20,Transfer,Internal Transfer,Product,Engineering,Product Management,Data Engineering,IC2,IC2,104000.0,104000.0,
TXN-0000633,EMP-0313,2025-10-06,Promotion,Merit Promotion,Engineering,Engineering,Data Engineering,Data Engineering,IC2,IC3,104000.0,128000.0,
TXN-0000634,EMP-0314,2020-09-17,Hire,New Hire,,Engineering,,Security Engineering,,IC1,,72000.0,
TXN-0000635,EMP-0315,2020-02-14,Hire,New Hire,,Engineering,,Data Engineering,,IC5,,185000.0,
TXN-0000636,EMP-0315,2023-01-06,Compensation Change,Merit Increase,Engineering,Engineering,Data Engineering,Data Engineering,IC5,IC5,185000.0,196000.0,
TXN-0000637,EMP-0315,2023-05-31,Transfer,Internal Transfer,Engineering,Product,Data Engineering,UX / Design,IC5,IC5,196000.0,196000.0,
TXN-0000638,EMP-0316,2025-01-13,Hire,New Hire,,Finance,,Accounting,,M2,,177000.0,
TXN-0000639,EMP-0316,2025-12-17,Transfer,Internal Transfer,Finance,Marketing,Accounting,Content Marketing,M2,M2,177000.0,177000.0,
TXN-0000640,EMP-0316,2026-04-07,Compensation Change,Market Adjustment,Marketing,Marketing,Content Marketing,Content Marketing,M2,M2,177000.0,193000.0,
TXN-0000641,EMP-0317,2018-03-13,Hire,New Hire,,Engineering,,Infrastructure / DevOps,,IC2,,98000.0,
TXN-0000642,EMP-0317,2025-12-13,Promotion,Merit Promotion,Engineering,Engineering,Infrastructure / DevOps,Infrastructure / DevOps,IC2,IC3,98000.0,116000.0,
TXN-0000643,EMP-0317,2026-06-05,Promotion,Merit Promotion,Engineering,Engineering,Infrastructure / DevOps,Infrastructure / DevOps,IC3,IC4,116000.0,145000.0,
TXN-0000644,EMP-0318,2020-07-08,Hire,New Hire,,Finance,,Financial Planning & Analysis,,IC4,,149000.0,
TXN-0000645,EMP-0318,2024-12-05,Promotion,Merit Promotion,Finance,Finance,Financial Planning & Analysis,Financial Planning & Analysis,IC4,IC5,149000.0,182000.0,
TXN-0000646,EMP-0318,2026-04-09,Compensation Change,Market Adjustment,Finance,Finance,Financial Planning & Analysis,Financial Planning & Analysis,IC5,IC5,182000.0,191000.0,
TXN-0000647,EMP-0319,2021-11-14,Hire,New Hire,,Sales,,Revenue Operations,,IC1,,70000.0,
TXN-0000648,EMP-0320,2026-03-14,Hire,New Hire,,Finance,,Accounting,,M2,,199000.0,
TXN-0000649,EMP-0320,2026-06-07,Compensation Change,Market Adjustment,Finance,Finance,Accounting,Accounting,M2,M2,199000.0,208000.0,
TXN-0000650,EMP-0321,2024-01-27,Hire,New Hire,,Engineering,,Data Engineering,,M1,,165000.0,
TXN-0000651,EMP-0321,2025-04-28,Transfer,Internal Transfer,Engineering,Finance,Data Engineering,Treasury,M1,M1,165000.0,165000.0,
TXN-0000652,EMP-0322,2021-10-15,Hire,New Hire,,Product,,UX / Design,,Director,,260000.0,
TXN-0000653,EMP-0322,2025-01-21,Compensation Change,Market Adjustment,Product,Product,UX / Design,UX / Design,Director,Director,260000.0,288000.0,
TXN-0000654,EMP-0323,2024-02-24,Hire,New Hire,,Product,,UX / Design,,M1,,143000.0,
TXN-0000655,EMP-0323,2025-07-01,Transfer,Internal Transfer,Product,Marketing,UX / Design,Product Marketing,M1,M1,143000.0,143000.0,
TXN-0000656,EMP-0324,2024-03-09,Hire,New Hire,,Sales,,Sales Development,,M2,,188000.0,
TXN-0000657,EMP-0325,2024-05-13,Hire,New Hire,,Legal,,Employment Law,,IC1,,65000.0,
TXN-0000658,EMP-0325,2024-12-31,Promotion,Merit Promotion,Legal,Legal,Employment Law,Employment Law,IC1,IC2,65000.0,88000.0,
TXN-0000659,EMP-0326,2026-04-13,Hire,New Hire,,Sales,,Sales Development,,IC5,,187000.0,
TXN-0000660,EMP-0327,2025-01-16,Hire,New Hire,,Engineering,,Software Engineering,,IC2,,97000.0,
TXN-0000661,EMP-0327,2025-03-14,Transfer,Internal Transfer,Engineering,Sales,Software Engineering,Enterprise Sales,IC2,IC2,97000.0,97000.0,
TXN-0000662,EMP-0327,2025-10-12,Promotion,Merit Promotion,Sales,Sales,Enterprise Sales,Enterprise Sales,IC2,IC3,97000.0,110000.0,
TXN-0000663,EMP-0328,2018-09-28,Hire,New Hire,,Engineering,,QA Engineering,,M3,,225000.0,
TXN-0000664,EMP-0329,2021-05-27,Hire,New Hire,,Sales,,Account Management,,M1,,158000.0,
TXN-0000665,EMP-0330,2022-08-06,Hire,New Hire,,Engineering,,Data Engineering,,M1,,150000.0,
TXN-0000666,EMP-0330,2024-01-28,Compensation Change,Merit Increase,Engineering,Engineering,Data Engineering,Data Engineering,M1,M1,150000.0,163000.0,
TXN-0000667,EMP-0330,2025-05-27,Compensation Change,Market Adjustment,Engineering,Engineering,Data Engineering,Data Engineering,M1,M1,163000.0,168000.0,
TXN-0000668,EMP-0331,2023-05-08,Hire,New Hire,,Sales,,Sales Development,,M1,,157000.0,
TXN-0000669,EMP-0331,2024-06-13,Transfer,Internal Transfer,Sales,Engineering,Sales Development,Security Engineering,M1,M1,157000.0,157000.0,
TXN-0000670,EMP-0332,2021-10-23,Hire,New Hire,,Finance,,Financial Planning & Analysis,,IC2,,102000.0,
TXN-0000671,EMP-0332,2022-09-24,Promotion,Merit Promotion,Finance,Finance,Financial Planning & Analysis,Financial Planning & Analysis,IC2,IC3,102000.0,133000.0,
TXN-0000672,EMP-0333,2020-03-18,Hire,New Hire,,Engineering,,QA Engineering,,IC5,,170000.0,
TXN-0000673,EMP-0333,2025-11-03,Compensation Change,Market Adjustment,Engineering,Engineering,QA Engineering,QA Engineering,IC5,IC5,170000.0,189000.0,
TXN-0000674,EMP-0333,2026-01-15,Transfer,Internal Transfer,Engineering,HR,QA Engineering,HR Business Partnering,IC5,IC5,189000.0,189000.0,
TXN-0000675,EMP-0334,2018-04-07,Hire,New Hire,,HR,,People Operations,,IC1,,66000.0,
TXN-0000676,EMP-0335,2021-10-14,Hire,New Hire,,Product,,Product Management,,M1,,140000.0,
TXN-0000677,EMP-0335,2025-05-14,Termination,Compensation,,,,,,,,,Voluntary
TXN-0000678,EMP-0336,2018-03-20,Hire,New Hire,,Engineering,,QA Engineering,,M1,,143000.0,
TXN-0000679,EMP-0336,2026-02-10,Transfer,Internal Transfer,Engineering,HR,QA Engineering,Learning & Development,M1,M1,143000.0,143000.0,
TXN-0000680,EMP-0337,2022-07-26,Hire,New Hire,,HR,,Total Rewards,,IC2,,83000.0,
TXN-0000681,EMP-0337,2025-03-03,Termination,Performance,,,,,,,,,Involuntary
TXN-0000682,EMP-0338,2025-06-21,Hire,New Hire,,Sales,,Enterprise Sales,,M1,,160000.0,
TXN-0000683,EMP-0338,2025-11-22,Compensation Change,Merit Increase,Sales,Sales,Enterprise Sales,Enterprise Sales,M1,M1,160000.0,170000.0,
TXN-0000684,EMP-0339,2020-08-28,Hire,New Hire,,Engineering,,Software Engineering,,IC3,,131000.0,
TXN-0000685,EMP-0339,2021-07-12,Promotion,Merit Promotion,Engineering,Engineering,Software Engineering,Software Engineering,IC3,IC4,131000.0,151000.0,
TXN-0000686,EMP-0339,2024-03-11,Compensation Change,Merit Increase,Engineering,Engineering,Software Engineering,Software Engineering,IC4,IC4,151000.0,160000.0,
TXN-0000687,EMP-0340,2018-08-19,Hire,New Hire,,Sales,,Sales Development,,IC2,,85000.0,
TXN-0000688,EMP-0340,2018-10-03,Transfer,Internal Transfer,Sales,Legal,Sales Development,Employment Law,IC2,IC2,85000.0,85000.0,
TXN-0000689,EMP-0340,2019-09-23,Transfer,Internal Transfer,Legal,Marketing,Employment Law,Marketing Operations,IC2,IC2,85000.0,85000.0,
TXN-0000690,EMP-0341,2025-12-10,Hire,New Hire,,Product,,UX / Design,,IC5,,181000.0,
TXN-0000691,EMP-0341,2026-01-24,Transfer,Internal Transfer,Product,Marketing,UX / Design,Demand Generation,IC5,IC5,181000.0,181000.0,
TXN-0000692,EMP-0341,2026-06-27,Compensation Change,Merit Increase,Marketing,Marketing,Demand Generation,Demand Generation,IC5,IC5,181000.0,189000.0,
TXN-0000693,EMP-0342,2025-11-18,Hire,New Hire,,Engineering,,Software Engineering,,IC2,,85000.0,
TXN-0000694,EMP-0342,2026-05-18,Promotion,Merit Promotion,Engineering,Engineering,Software Engineering,Software Engineering,IC2,IC3,85000.0,117000.0,
TXN-0000695,EMP-0343,2020-06-12,Hire,New Hire,,Finance,,Treasury,,IC1,,65000.0,
TXN-0000696,EMP-0343,2023-05-08,Promotion,Merit Promotion,Finance,Finance,Treasury,Treasury,IC1,IC2,65000.0,84000.0,
TXN-0000697,EMP-0343,2023-10-11,Promotion,Merit Promotion,Finance,Finance,Treasury,Treasury,IC2,IC3,84000.0,115000.0,
TXN-0000698,EMP-0344,2024-12-13,Hire,New Hire,,Engineering,,Security Engineering,,IC1,,62000.0,
TXN-0000699,EMP-0344,2025-04-12,Transfer,Internal Transfer,Engineering,HR,Security Engineering,Learning & Development,IC1,IC1,62000.0,62000.0,
TXN-0000700,EMP-0344,2025-09-23,Termination,Reorganization,,,,,,,,,Involuntary
TXN-0000701,EMP-0345,2023-01-21,Hire,New Hire,,Engineering,,QA Engineering,,IC2,,99000.0,
TXN-0000702,EMP-0346,2020-02-19,Hire,New Hire,,HR,,HR Business Partnering,,M1,,151000.0,
TXN-0000703,EMP-0346,2024-09-26,Transfer,Internal Transfer,HR,Finance,HR Business Partnering,Treasury,M1,M1,151000.0,151000.0,
TXN-0000704,EMP-0347,2022-04-29,Hire,New Hire,,Product,,UX / Design,,Director,,277000.0,
TXN-0000705,EMP-0347,2023-03-30,Transfer,Internal Transfer,Product,Engineering,UX / Design,Security Engineering,Director,Director,277000.0,277000.0,
TXN-0000706,EMP-0347,2024-04-16,Compensation Change,Merit Increase,Engineering,Engineering,Security Engineering,Security Engineering,Director,Director,277000.0,309000.0,
TXN-0000707,EMP-0347,2025-06-20,Termination,Personal Reasons,,,,,,,,,Voluntary
TXN-0000708,EMP-0348,2021-10-13,Hire,New Hire,,Sales,,Sales Development,,IC2,,81000.0,
TXN-0000709,EMP-0348,2023-02-21,Promotion,Merit Promotion,Sales,Sales,Sales Development,Sales Development,IC2,IC3,81000.0,123000.0,
TXN-0000710,EMP-0349,2022-11-18,Hire,New Hire,,Marketing,,Content Marketing,,IC4,,147000.0,
TXN-0000711,EMP-0349,2025-08-20,Compensation Change,Market Adjustment,Marketing,Marketing,Content Marketing,Content Marketing,IC4,IC4,147000.0,153000.0,
TXN-0000712,EMP-0349,2026-01-07,Transfer,Internal Transfer,Marketing,Engineering,Content Marketing,QA Engineering,IC4,IC4,153000.0,153000.0,
TXN-0000713,EMP-0350,2021-06-26,Hire,New Hire,,Legal,,Privacy & Data,,IC2,,95000.0,
TXN-0000714,EMP-0350,2025-06-05,Compensation Change,Market Adjustment,Legal,Legal,Privacy & Data,Privacy & Data,IC2,IC2,95000.0,101000.0,
TXN-0000715,EMP-0350,2026-02-18,Termination,Career Move,,,,,,,,,Voluntary
TXN-0000716,EMP-0351,2020-05-07,Hire,New Hire,,Sales,,Enterprise Sales,,VP,,349000.0,
TXN-0000717,EMP-0351,2025-10-08,Compensation Change,Market Adjustment,Sales,Sales,Enterprise Sales,Enterprise Sales,VP,VP,349000.0,377000.0,
TXN-0000718,EMP-0351,2026-05-04,Compensation Change,Market Adjustment,Sales,Sales,Enterprise Sales,Enterprise Sales,VP,VP,377000.0,393000.0,
TXN-0000719,EMP-0352,2024-06-02,Hire,New Hire,,Marketing,,Content Marketing,,IC3,,126000.0,
TXN-0000720,EMP-0352,2024-07-21,Transfer,Internal Transfer,Marketing,Engineering,Content Marketing,Security Engineering,IC3,IC3,126000.0,126000.0,
TXN-0000721,EMP-0353,2018-11-30,Hire,New Hire,,Sales,,Customer Success,,M3,,220000.0,
TXN-0000722,EMP-0354,2020-03-02,Hire,New Hire,,Engineering,,QA Engineering,,IC1,,74000.0,
TXN-0000723,EMP-0354,2024-03-29,Termination,Reorganization,,,,,,,,,Involuntary
TXN-0000724,EMP-0355,2024-04-20,Hire,New Hire,,Legal,,Employment Law,,Director,,267000.0,
TXN-0000725,EMP-0355,2024-12-10,Compensation Change,Merit Increase,Legal,Legal,Employment Law,Employment Law,Director,Director,267000.0,291000.0,
TXN-0000726,EMP-0355,2025-11-07,Compensation Change,Merit Increase,Legal,Legal,Employment Law,Employment Law,Director,Director,291000.0,319000.0,
TXN-0000727,EMP-0356,2023-08-27,Hire,New Hire,,Marketing,,Brand,,IC1,,65000.0,
TXN-0000728,EMP-0357,2021-04-27,Hire,New Hire,,Sales,,Account Management,,Director,,222000.0,
TXN-0000729,EMP-0357,2022-03-25,Transfer,Internal Transfer,Sales,Finance,Account Management,Internal Audit,Director,Director,222000.0,222000.0,
TXN-0000730,EMP-0358,2021-07-10,Hire,New Hire,,Engineering,,Software Engineering,,IC2,,103000.0,
TXN-0000731,EMP-0359,2021-08-15,Hire,New Hire,,HR,,Talent Acquisition,,IC1,,62000.0,
TXN-0000732,EMP-0360,2024-03-03,Hire,New Hire,,Engineering,,Software Engineering,,IC3,,124000.0,
TXN-0000733,EMP-0360,2024-05-07,Compensation Change,Merit Increase,Engineering,Engineering,Software Engineering,Software Engineering,IC3,IC3,124000.0,131000.0,
TXN-0000734,EMP-0360,2025-11-11,Promotion,Merit Promotion,Engineering,Engineering,Software Engineering,Software Engineering,IC3,IC4,131000.0,153000.0,
TXN-0000735,EMP-0360,2025-12-27,Termination,Performance,,,,,,,,,Involuntary
TXN-0000736,EMP-0361,2019-09-13,Hire,New Hire,,HR,,Talent Acquisition,,IC5,,178000.0,
TXN-0000737,EMP-0361,2023-07-29,Compensation Change,Merit Increase,HR,HR,Talent Acquisition,Talent Acquisition,IC5,IC5,178000.0,189000.0,
TXN-0000738,EMP-0361,2026-06-01,Transfer,Internal Transfer,HR,Engineering,Talent Acquisition,Infrastructure / DevOps,IC5,IC5,189000.0,189000.0,
TXN-0000739,EMP-0362,2025-10-16,Hire,New Hire,,Product,,Product Management,,IC2,,94000.0,
TXN-0000740,EMP-0362,2026-06-25,Promotion,Merit Promotion,Product,Product,Product Management,Product Management,IC2,IC3,94000.0,112000.0,
TXN-0000741,EMP-0363,2024-04-03,Hire,New Hire,,Engineering,,Software Engineering,,IC4,,136000.0,
TXN-0000742,EMP-0364,2019-09-18,Hire,New Hire,,Sales,,Sales Development,,IC3,,120000.0,
TXN-0000743,EMP-0365,2023-07-10,Hire,New Hire,,Product,,Product Management,,IC2,,97000.0,
TXN-0000744,EMP-0365,2024-10-09,Promotion,Merit Promotion,Product,Product,Product Management,Product Management,IC2,IC3,97000.0,120000.0,
TXN-0000745,EMP-0366,2018-11-27,Hire,New Hire,,Engineering,,Infrastructure / DevOps,,IC3,,131000.0,
TXN-0000746,EMP-0366,2026-01-09,Termination,Reorganization,,,,,,,,,Involuntary
TXN-0000747,EMP-0367,2020-12-24,Hire,New Hire,,Marketing,,Marketing Operations,,IC2,,89000.0,
TXN-0000748,EMP-0368,2020-12-02,Hire,New Hire,,Engineering,,Security Engineering,,IC4,,138000.0,
TXN-0000749,EMP-0368,2023-11-15,Compensation Change,Merit Increase,Engineering,Engineering,Security Engineering,Security Engineering,IC4,IC4,138000.0,145000.0,
TXN-0000750,EMP-0368,2026-03-17,Termination,Career Move,,,,,,,,,Voluntary
TXN-0000751,EMP-0369,2020-03-30,Hire,New Hire,,Sales,,Customer Success,,IC1,,75000.0,
TXN-0000752,EMP-0369,2023-09-23,Transfer,Internal Transfer,Sales,Engineering,Customer Success,Data Engineering,IC1,IC1,75000.0,75000.0,
TXN-0000753,EMP-0370,2020-10-30,Hire,New Hire,,Engineering,,Data Engineering,,M2,,183000.0,
TXN-0000754,EMP-0371,2026-01-27,Hire,New Hire,,Legal,,Privacy & Data,,IC3,,127000.0,
TXN-0000755,EMP-0371,2026-04-28,Compensation Change,Merit Increase,Legal,Legal,Privacy & Data,Privacy & Data,IC3,IC3,127000.0,134000.0,
TXN-0000756,EMP-0371,2026-06-01,Compensation Change,Merit Increase,Legal,Legal,Privacy & Data,Privacy & Data,IC3,IC3,134000.0,149000.0,
TXN-0000757,EMP-0372,2018-02-15,Hire,New Hire,,Product,,UX / Design,,IC4,,158000.0,
TXN-0000758,EMP-0372,2020-08-14,Termination,Personal Reasons,,,,,,,,,Voluntary
TXN-0000759,EMP-0373,2026-04-27,Hire,New Hire,,Product,,UX / Design,,IC5,,163000.0,
TXN-0000760,EMP-0374,2021-05-22,Hire,New Hire,,Engineering,,Data Engineering,,IC4,,142000.0,
TXN-0000761,EMP-0375,2026-05-07,Hire,New Hire,,HR,,Talent Acquisition,,IC2,,102000.0,
TXN-0000762,EMP-0376,2023-02-08,Hire,New Hire,,Sales,,Customer Success,,IC1,,74000.0,
TXN-0000763,EMP-0377,2020-06-01,Hire,New Hire,,Sales,,Account Management,,IC4,,145000.0,
TXN-0000764,EMP-0377,2022-06-17,Compensation Change,Merit Increase,Sales,Sales,Account Management,Account Management,IC4,IC4,145000.0,157000.0,
TXN-0000765,EMP-0378,2021-02-24,Hire,New Hire,,Sales,,Enterprise Sales,,IC2,,98000.0,
TXN-0000766,EMP-0378,2022-04-15,Promotion,Merit Promotion,Sales,Sales,Enterprise Sales,Enterprise Sales,IC2,IC3,98000.0,118000.0,
TXN-0000767,EMP-0378,2022-05-18,Compensation Change,Market Adjustment,Sales,Sales,Enterprise Sales,Enterprise Sales,IC3,IC3,118000.0,122000.0,
TXN-0000768,EMP-0379,2025-11-19,Hire,New Hire,,Sales,,Revenue Operations,,IC2,,100000.0,
TXN-0000769,EMP-0380,2023-04-20,Hire,New Hire,,Engineering,,Infrastructure / DevOps,,M1,,136000.0,
TXN-0000770,EMP-0381,2021-11-21,Hire,New Hire,,HR,,People Operations,,IC4,,139000.0,
TXN-0000771,EMP-0382,2023-07-19,Hire,New Hire,,Product,,Product Operations,,IC2,,94000.0,
TXN-0000772,EMP-0382,2025-06-29,Compensation Change,Market Adjustment,Product,Product,Product Operations,Product Operations,IC2,IC2,94000.0,102000.0,
TXN-0000773,EMP-0382,2026-05-01,Compensation Change,Merit Increase,Product,Product,Product Operations,Product Operations,IC2,IC2,102000.0,107000.0,
TXN-0000774,EMP-0383,2025-01-04,Hire,New Hire,,Sales,,Sales Development,,IC2,,95000.0,
TXN-0000775,EMP-0383,2025-06-25,Compensation Change,Market Adjustment,Sales,Sales,Sales Development,Sales Development,IC2,IC2,95000.0,105000.0,
TXN-0000776,EMP-0383,2026-02-24,Termination,Performance,,,,,,,,,Involuntary
TXN-0000777,EMP-0384,2023-10-30,Hire,New Hire,,Product,,Product Management,,IC2,,94000.0,
TXN-0000778,EMP-0384,2025-10-29,Compensation Change,Merit Increase,Product,Product,Product Management,Product Management,IC2,IC2,94000.0,100000.0,
TXN-0000779,EMP-0385,2022-03-10,Hire,New Hire,,Product,,Product Operations,,IC2,,103000.0,
TXN-0000780,EMP-0385,2024-07-22,Compensation Change,Merit Increase,Product,Product,Product Operations,Product Operations,IC2,IC2,103000.0,115000.0,
TXN-0000781,EMP-0386,2023-02-02,Hire,New Hire,,Engineering,,Data Engineering,,IC2,,101000.0,
TXN-0000782,EMP-0386,2025-12-31,Compensation Change,Merit Increase,Engineering,Engineering,Data Engineering,Data Engineering,IC2,IC2,101000.0,109000.0,
TXN-0000783,EMP-0387,2021-06-09,Hire,New Hire,,Product,,Product Management,,IC1,,75000.0,
TXN-0000784,EMP-0387,2022-08-04,Promotion,Merit Promotion,Product,Product,Product Management,Product Management,IC1,IC2,75000.0,81000.0,
TXN-0000785,EMP-0387,2023-05-08,Promotion,Merit Promotion,Product,Product,Product Management,Product Management,IC2,IC3,81000.0,130000.0,
TXN-0000786,EMP-0388,2018-10-02,Hire,New Hire,,Engineering,,QA Engineering,,IC3,,119000.0,
TXN-0000787,EMP-0389,2021-11-06,Hire,New Hire,,Finance,,Treasury,,M3,,215000.0,
TXN-0000788,EMP-0389,2025-04-04,Compensation Change,Merit Increase,Finance,Finance,Treasury,Treasury,M3,M3,215000.0,231000.0,
TXN-0000789,EMP-0390,2021-12-10,Hire,New Hire,,Engineering,,Software Engineering,,IC4,,141000.0,
TXN-0000790,EMP-0390,2024-05-23,Compensation Change,Market Adjustment,Engineering,Engineering,Software Engineering,Software Engineering,IC4,IC4,141000.0,153000.0,
TXN-0000791,EMP-0391,2025-09-06,Hire,New Hire,,HR,,People Operations,,M2,,200000.0,
TXN-0000792,EMP-0392,2019-01-13,Hire,New Hire,,Engineering,,Software Engineering,,IC4,,141000.0,
TXN-0000793,EMP-0392,2022-11-24,Promotion,Merit Promotion,Engineering,Engineering,Software Engineering,Software Engineering,IC4,IC5,141000.0,194000.0,
TXN-0000794,EMP-0392,2024-09-18,Termination,Compensation,,,,,,,,,Voluntary
TXN-0000795,EMP-0393,2023-01-23,Hire,New Hire,,Engineering,,Data Engineering,,IC2,,95000.0,
TXN-0000796,EMP-0393,2023-04-20,Compensation Change,Merit Increase,Engineering,Engineering,Data Engineering,Data Engineering,IC2,IC2,95000.0,102000.0,
TXN-0000797,EMP-0394,2025-10-26,Hire,New Hire,,Engineering,,Infrastructure / DevOps,,IC3,,117000.0,
TXN-0000798,EMP-0394,2026-05-22,Transfer,Internal Transfer,Engineering,Product,Infrastructure / DevOps,UX / Design,IC3,IC3,117000.0,117000.0,
TXN-0000799,EMP-0394,2026-06-25,Termination,Personal Reasons,,,,,,,,,Voluntary
TXN-0000800,EMP-0395,2019-03-26,Hire,New Hire,,Engineering,,Data Engineering,,IC1,,79000.0,
TXN-0000801,EMP-0395,2021-04-17,Compensation Change,Merit Increase,Engineering,Engineering,Data Engineering,Data Engineering,IC1,IC1,79000.0,82000.0,
TXN-0000802,EMP-0396,2025-08-29,Hire,New Hire,,Engineering,,Infrastructure / DevOps,,IC2,,101000.0,
TXN-0000803,EMP-0396,2025-11-18,Promotion,Merit Promotion,Engineering,Engineering,Infrastructure / DevOps,Infrastructure / DevOps,IC2,IC3,101000.0,109000.0,
TXN-0000804,EMP-0396,2026-05-21,Compensation Change,Market Adjustment,Engineering,Engineering,Infrastructure / DevOps,Infrastructure / DevOps,IC3,IC3,109000.0,117000.0,
TXN-0000805,EMP-0397,2022-10-28,Hire,New Hire,,Engineering,,Software Engineering,,IC3,,126000.0,
TXN-0000806,EMP-0397,2023-02-03,Promotion,Merit Promotion,Engineering,Engineering,Software Engineering,Software Engineering,IC3,IC4,126000.0,149000.0,
TXN-0000807,EMP-0398,2018-09-24,Hire,New Hire,,Sales,,Account Management,,IC3,,113000.0,
TXN-0000808,EMP-0398,2020-05-09,Promotion,Merit Promotion,Sales,Sales,Account Management,Account Management,IC3,IC4,113000.0,139000.0,
TXN-0000809,EMP-0398,2022-07-13,Compensation Change,Market Adjustment,Sales,Sales,Account Management,Account Management,IC4,IC4,139000.0,149000.0,
TXN-0000810,EMP-0399,2023-05-12,Hire,New Hire,,Engineering,,Software Engineering,,IC4,,159000.0,
TXN-0000811,EMP-0400,2021-05-15,Hire,New Hire,,HR,,HR Business Partnering,,IC3,,127000.0,
TXN-0000812,EMP-0401,2020-12-25,Hire,New Hire,,Engineering,,Infrastructure / DevOps,,IC3,,121000.0,
TXN-0000813,EMP-0402,2020-05-24,Hire,New Hire,,Engineering,,Data Engineering,,IC2,,97000.0,
TXN-0000814,EMP-0402,2021-04-09,Promotion,Merit Promotion,Engineering,Engineering,Data Engineering,Data Engineering,IC2,IC3,97000.0,109000.0,
TXN-0000815,EMP-0403,2018-10-06,Hire,New Hire,,Sales,,Revenue Operations,,IC3,,120000.0,
TXN-0000816,EMP-0403,2025-11-10,Transfer,Internal Transfer,Sales,Product,Revenue Operations,UX / Design,IC3,IC3,120000.0,120000.0,
TXN-0000817,EMP-0404,2018-06-25,Hire,New Hire,,Engineering,,QA Engineering,,M2,,192000.0,
TXN-0000818,EMP-0404,2025-05-12,Compensation Change,Merit Increase,Engineering,Engineering,QA Engineering,QA Engineering,M2,M2,192000.0,202000.0,
TXN-0000819,EMP-0405,2023-09-19,Hire,New Hire,,Marketing,,Product Marketing,,IC5,,183000.0,
TXN-0000820,EMP-0406,2022-11-08,Hire,New Hire,,Sales,,Customer Success,,IC1,,61000.0,
TXN-0000821,EMP-0407,2022-02-22,Hire,New Hire,,Engineering,,QA Engineering,,IC1,,68000.0,
TXN-0000822,EMP-0408,2021-09-01,Hire,New Hire,,HR,,Total Rewards,,IC3,,131000.0,
TXN-0000823,EMP-0408,2025-01-20,Compensation Change,Merit Increase,HR,HR,Total Rewards,Total Rewards,IC3,IC3,131000.0,146000.0,
TXN-0000824,EMP-0408,2025-10-17,Transfer,Internal Transfer,HR,Legal,Total Rewards,Privacy & Data,IC3,IC3,146000.0,146000.0,
TXN-0000825,EMP-0409,2024-11-29,Hire,New Hire,,Marketing,,Demand Generation,,IC4,,141000.0,
TXN-0000826,EMP-0409,2025-11-14,Compensation Change,Merit Increase,Marketing,Marketing,Demand Generation,Demand Generation,IC4,IC4,141000.0,149000.0,
TXN-0000827,EMP-0410,2021-11-28,Hire,New Hire,,Finance,,Tax,,IC2,,85000.0,
TXN-0000828,EMP-0410,2025-09-29,Compensation Change,Merit Increase,Finance,Finance,Tax,Tax,IC2,IC2,85000.0,93000.0,
TXN-0000829,EMP-0411,2025-09-20,Hire,New Hire,,Product,,UX / Design,,M1,,137000.0,
TXN-0000830,EMP-0412,2023-11-01,Hire,New Hire,,Engineering,,Data Engineering,,IC5,,164000.0,
TXN-0000831,EMP-0412,2025-09-09,Compensation Change,Market Adjustment,Engineering,Engineering,Data Engineering,Data Engineering,IC5,IC5,164000.0,172000.0,
TXN-0000832,EMP-0413,2022-05-24,Hire,New Hire,,Engineering,,Security Engineering,,IC4,,153000.0,
TXN-0000833,EMP-0413,2023-03-04,Termination,Reorganization,,,,,,,,,Involuntary
TXN-0000834,EMP-0414,2018-01-14,Hire,New Hire,,Sales,,Account Management,,IC2,,85000.0,
TXN-0000835,EMP-0414,2024-08-30,Compensation Change,Market Adjustment,Sales,Sales,Account Management,Account Management,IC2,IC2,85000.0,91000.0,
TXN-0000836,EMP-0414,2025-04-20,Promotion,Merit Promotion,Sales,Sales,Account Management,Account Management,IC2,IC3,91000.0,134000.0,
TXN-0000837,EMP-0415,2023-06-29,Hire,New Hire,,HR,,Learning & Development,,IC1,,62000.0,
TXN-0000838,EMP-0416,2018-08-12,Hire,New Hire,,Engineering,,Software Engineering,,IC1,,77000.0,
TXN-0000839,EMP-0416,2026-05-24,Transfer,Internal Transfer,Engineering,Sales,Software Engineering,Customer Success,IC1,IC1,77000.0,77000.0,
TXN-0000840,EMP-0416,2026-06-27,Termination,Career Move,,,,,,,,,Voluntary
TXN-0000841,EMP-0417,2020-08-02,Hire,New Hire,,Engineering,,Data Engineering,,IC2,,95000.0,
TXN-0000842,EMP-0417,2022-05-15,Promotion,Merit Promotion,Engineering,Engineering,Data Engineering,Data Engineering,IC2,IC3,95000.0,123000.0,
TXN-0000843,EMP-0417,2023-09-07,Promotion,Merit Promotion,Engineering,Engineering,Data Engineering,Data Engineering,IC3,IC4,123000.0,159000.0,
TXN-0000844,EMP-0418,2024-01-28,Hire,New Hire,,Engineering,,Infrastructure / DevOps,,IC3,,106000.0,
TXN-0000845,EMP-0418,2026-06-04,Transfer,Internal Transfer,Engineering,Sales,Infrastructure / DevOps,Sales Development,IC3,IC3,106000.0,106000.0,
TXN-0000846,EMP-0419,2023-02-26,Hire,New Hire,,Legal,,Employment Law,,M1,,161000.0,
TXN-0000847,EMP-0419,2025-09-04,Compensation Change,Market Adjustment,Legal,Legal,Employment Law,Employment Law,M1,M1,161000.0,175000.0,
TXN-0000848,EMP-0420,2020-08-09,Hire,New Hire,,Engineering,,Software Engineering,,IC1,,77000.0,
TXN-0000849,EMP-0420,2024-12-13,Promotion,Merit Promotion,Engineering,Engineering,Software Engineering,Software Engineering,IC1,IC2,77000.0,99000.0,
TXN-0000850,EMP-0420,2025-08-10,Compensation Change,Market Adjustment,Engineering,Engineering,Software Engineering,Software Engineering,IC2,IC2,99000.0,106000.0,
TXN-0000851,EMP-0421,2023-08-07,Hire,New Hire,,Sales,,Customer Success,,IC2,,95000.0,
TXN-0000852,EMP-0421,2025-10-18,Promotion,Merit Promotion,Sales,Sales,Customer Success,Customer Success,IC2,IC3,95000.0,117000.0,
TXN-0000853,EMP-0422,2021-12-17,Hire,New Hire,,Engineering,,Security Engineering,,IC4,,142000.0,
TXN-0000854,EMP-0422,2022-03-06,Compensation Change,Merit Increase,Engineering,Engineering,Security Engineering,Security Engineering,IC4,IC4,142000.0,153000.0,
TXN-0000855,EMP-0422,2024-10-17,Compensation Change,Market Adjustment,Engineering,Engineering,Security Engineering,Security Engineering,IC4,IC4,153000.0,158000.0,
TXN-0000856,EMP-0423,2018-03-25,Hire,New Hire,,Engineering,,Security Engineering,,IC1,,69000.0,
TXN-0000857,EMP-0424,2020-11-30,Hire,New Hire,,Engineering,,Security Engineering,,IC4,,139000.0,
TXN-0000858,EMP-0424,2022-02-03,Compensation Change,Market Adjustment,Engineering,Engineering,Security Engineering,Security Engineering,IC4,IC4,139000.0,155000.0,
TXN-0000859,EMP-0424,2023-06-16,Termination,Career Move,,,,,,,,,Voluntary
TXN-0000860,EMP-0425,2019-01-14,Hire,New Hire,,Engineering,,Infrastructure / DevOps,,IC3,,126000.0,
TXN-0000861,EMP-0425,2022-05-28,Promotion,Merit Promotion,Engineering,Engineering,Infrastructure / DevOps,Infrastructure / DevOps,IC3,IC4,126000.0,146000.0,
TXN-0000862,EMP-0426,2020-02-01,Hire,New Hire,,Finance,,Accounting,,IC2,,90000.0,
TXN-0000863,EMP-0426,2022-02-20,Promotion,Merit Promotion,Finance,Finance,Accounting,Accounting,IC2,IC3,90000.0,119000.0,
TXN-0000864,EMP-0427,2019-11-19,Hire,New Hire,,Sales,,Sales Development,,IC4,,135000.0,
TXN-0000865,EMP-0427,2022-12-25,Compensation Change,Merit Increase,Sales,Sales,Sales Development,Sales Development,IC4,IC4,135000.0,141000.0,
TXN-0000866,EMP-0428,2024-03-16,Hire,New Hire,,HR,,Total Rewards,,IC1,,74000.0,
TXN-0000867,EMP-0429,2021-01-20,Hire,New Hire,,Engineering,,Infrastructure / DevOps,,IC5,,188000.0,
TXN-0000868,EMP-0430,2019-06-26,Hire,New Hire,,Finance,,Accounting,,IC5,,190000.0,
TXN-0000869,EMP-0431,2019-03-27,Hire,New Hire,,Engineering,,Data Engineering,,IC1,,63000.0,
TXN-0000870,EMP-0432,2023-12-07,Hire,New Hire,,Marketing,,Product Marketing,,IC3,,125000.0,
TXN-0000871,EMP-0432,2025-10-29,Compensation Change,Market Adjustment,Marketing,Marketing,Product Marketing,Product Marketing,IC3,IC3,125000.0,133000.0,
TXN-0000872,EMP-0433,2023-11-15,Hire,New Hire,,Product,,UX / Design,,IC1,,63000.0,
TXN-0000873,EMP-0434,2021-05-07,Hire,New Hire,,Engineering,,Software Engineering,,M3,,224000.0,
TXN-0000874,EMP-0435,2018-03-07,Hire,New Hire,,Sales,,Sales Development,,IC3,,118000.0,
TXN-0000875,EMP-0435,2019-10-30,Compensation Change,Merit Increase,Sales,Sales,Sales Development,Sales Development,IC3,IC3,118000.0,125000.0,
TXN-0000876,EMP-0435,2022-06-16,Termination,Reorganization,,,,,,,,,Involuntary
TXN-0000877,EMP-0436,2023-06-17,Hire,New Hire,,Sales,,Revenue Operations,,IC1,,69000.0,
TXN-0000878,EMP-0436,2023-10-30,Promotion,Merit Promotion,Sales,Sales,Revenue Operations,Revenue Operations,IC1,IC2,69000.0,84000.0,
TXN-0000879,EMP-0437,2019-02-19,Hire,New Hire,,Product,,UX / Design,,IC2,,89000.0,
TXN-0000880,EMP-0437,2020-02-03,Compensation Change,Market Adjustment,Product,Product,UX / Design,UX / Design,IC2,IC2,89000.0,95000.0,
TXN-0000881,EMP-0437,2020-08-16,Compensation Change,Market Adjustment,Product,Product,UX / Design,UX / Design,IC2,IC2,95000.0,105000.0,
TXN-0000882,EMP-0437,2024-06-03,Termination,Compensation,,,,,,,,,Voluntary
TXN-0000883,EMP-0438,2019-11-11,Hire,New Hire,,Marketing,,Demand Generation,,M1,,165000.0,
TXN-0000884,EMP-0439,2023-11-05,Hire,New Hire,,Engineering,,QA Engineering,,IC3,,106000.0,
TXN-0000885,EMP-0439,2024-09-21,Transfer,Internal Transfer,Engineering,Marketing,QA Engineering,Marketing Operations,IC3,IC3,106000.0,106000.0,
TXN-0000886,EMP-0440,2023-06-20,Hire,New Hire,,Finance,,Treasury,,M1,,157000.0,
TXN-0000887,EMP-0440,2023-12-04,Compensation Change,Market Adjustment,Finance,Finance,Treasury,Treasury,M1,M1,157000.0,164000.0,
TXN-0000888,EMP-0441,2026-01-04,Hire,New Hire,,Engineering,,Security Engineering,,IC4,,153000.0,
TXN-0000889,EMP-0442,2021-02-03,Hire,New Hire,,Sales,,Revenue Operations,,VP,,302000.0,
TXN-0000890,EMP-0442,2022-04-05,Transfer,Internal Transfer,Sales,Product,Revenue Operations,UX / Design,VP,VP,302000.0,302000.0,
TXN-0000891,EMP-0443,2020-05-12,Hire,New Hire,,Legal,,Corporate Legal,,IC3,,135000.0,
TXN-0000892,EMP-0443,2022-11-25,Transfer,Internal Transfer,Legal,Sales,Corporate Legal,Revenue Operations,IC3,IC3,135000.0,135000.0,
TXN-0000893,EMP-0444,2021-11-04,Hire,New Hire,,Engineering,,Infrastructure / DevOps,,M3,,229000.0,
TXN-0000894,EMP-0444,2024-12-30,Compensation Change,Market Adjustment,Engineering,Engineering,Infrastructure / DevOps,Infrastructure / DevOps,M3,M3,229000.0,253000.0,
TXN-0000895,EMP-0445,2021-08-30,Hire,New Hire,,Sales,,Customer Success,,M2,,170000.0,
TXN-0000896,EMP-0446,2020-10-01,Hire,New Hire,,Marketing,,Content Marketing,,IC4,,155000.0,
TXN-0000897,EMP-0447,2022-07-16,Hire,New Hire,,Finance,,Financial Planning & Analysis,,IC4,,159000.0,
TXN-0000898,EMP-0448,2020-06-15,Hire,New Hire,,Product,,Product Management,,IC3,,119000.0,
TXN-0000899,EMP-0448,2025-01-07,Transfer,Internal Transfer,Product,HR,Product Management,Total Rewards,IC3,IC3,119000.0,119000.0,
TXN-0000900,EMP-0448,2025-10-10,Termination,Performance,,,,,,,,,Involuntary
TXN-0000901,EMP-0449,2021-07-09,Hire,New Hire,,Finance,,Financial Planning & Analysis,,M1,,145000.0,
TXN-0000902,EMP-0450,2019-04-30,Hire,New Hire,,Engineering,,QA Engineering,,IC3,,112000.0,
TXN-0000903,EMP-0450,2023-12-15,Transfer,Internal Transfer,Engineering,Product,QA Engineering,UX / Design,IC3,IC3,112000.0,112000.0,
TXN-0000904,EMP-0451,2021-10-08,Hire,New Hire,,HR,,HR Business Partnering,,M2,,186000.0,
TXN-0000905,EMP-0452,2019-09-07,Hire,New Hire,,Engineering,,Infrastructure / DevOps,,IC5,,175000.0,
TXN-0000906,EMP-0452,2021-06-20,Compensation Change,Merit Increase,Engineering,Engineering,Infrastructure / DevOps,Infrastructure / DevOps,IC5,IC5,175000.0,180000.0,
TXN-0000907,EMP-0452,2023-03-08,Termination,Reorganization,,,,,,,,,Involuntary
TXN-0000908,EMP-0453,2025-08-12,Hire,New Hire,,Legal,,Compliance,,IC3,,125000.0,
TXN-0000909,EMP-0454,2018-12-04,Hire,New Hire,,Engineering,,Software Engineering,,IC2,,95000.0,
TXN-0000910,EMP-0454,2024-07-03,Promotion,Merit Promotion,Engineering,Engineering,Software Engineering,Software Engineering,IC2,IC3,95000.0,123000.0,
TXN-0000911,EMP-0455,2023-11-25,Hire,New Hire,,Sales,,Account Management,,IC2,,101000.0,
TXN-0000912,EMP-0456,2025-11-06,Hire,New Hire,,Product,,Product Operations,,IC4,,137000.0,
TXN-0000913,EMP-0456,2026-05-25,Promotion,Merit Promotion,Product,Product,Product Operations,Product Operations,IC4,IC5,137000.0,177000.0,
TXN-0000914,EMP-0456,2026-06-27,Transfer,Internal Transfer,Product,Marketing,Product Operations,Brand,IC5,IC5,177000.0,177000.0,
TXN-0000915,EMP-0457,2022-07-01,Hire,New Hire,,Finance,,Treasury,,IC5,,188000.0,
TXN-0000916,EMP-0458,2019-09-02,Hire,New Hire,,HR,,HR Business Partnering,,IC3,,106000.0,
TXN-0000917,EMP-0458,2021-03-01,Promotion,Merit Promotion,HR,HR,HR Business Partnering,HR Business Partnering,IC3,IC4,106000.0,137000.0,
TXN-0000918,EMP-0458,2025-07-25,Transfer,Internal Transfer,HR,Product,HR Business Partnering,Product Operations,IC4,IC4,137000.0,137000.0,
TXN-0000919,EMP-0459,2022-08-06,Hire,New Hire,,Engineering,,Software Engineering,,IC4,,158000.0,
TXN-0000920,EMP-0460,2023-04-23,Hire,New Hire,,Sales,,Account Management,,IC2,,89000.0,
TXN-0000921,EMP-0460,2024-10-20,Transfer,Internal Transfer,Sales,Finance,Account Management,Treasury,IC2,IC2,89000.0,89000.0,
TXN-0000922,EMP-0460,2025-12-31,Compensation Change,Market Adjustment,Finance,Finance,Treasury,Treasury,IC2,IC2,89000.0,99000.0,
TXN-0000923,EMP-0460,2026-04-23,Termination,Reorganization,,,,,,,,,Involuntary
TXN-0000924,EMP-0461,2025-05-20,Hire,New Hire,,Sales,,Enterprise Sales,,IC1,,79000.0,
TXN-0000925,EMP-0461,2025-09-11,Compensation Change,Market Adjustment,Sales,Sales,Enterprise Sales,Enterprise Sales,IC1,IC1,79000.0,84000.0,
TXN-0000926,EMP-0461,2026-03-31,Promotion,Merit Promotion,Sales,Sales,Enterprise Sales,Enterprise Sales,IC1,IC2,84000.0,102000.0,
TXN-0000927,EMP-0462,2024-10-09,Hire,New Hire,,Engineering,,Security Engineering,,IC2,,104000.0,
TXN-0000928,EMP-0462,2025-11-12,Compensation Change,Market Adjustment,Engineering,Engineering,Security Engineering,Security Engineering,IC2,IC2,104000.0,115000.0,
TXN-0000929,EMP-0463,2019-03-05,Hire,New Hire,,HR,,People Operations,,IC2,,99000.0,
TXN-0000930,EMP-0463,2024-12-01,Promotion,Merit Promotion,HR,HR,People Operations,People Operations,IC2,IC3,99000.0,117000.0,
TXN-0000931,EMP-0464,2024-08-15,Hire,New Hire,,Finance,,Internal Audit,,IC2,,103000.0,
TXN-0000932,EMP-0465,2024-08-17,Hire,New Hire,,Legal,,Compliance,,IC3,,121000.0,
TXN-0000933,EMP-0465,2026-06-20,Compensation Change,Market Adjustment,Legal,Legal,Compliance,Compliance,IC3,IC3,121000.0,125000.0,
TXN-0000934,EMP-0466,2024-10-29,Hire,New Hire,,Engineering,,Infrastructure / DevOps,,IC1,,65000.0,
TXN-0000935,EMP-0467,2018-06-08,Hire,New Hire,,Marketing,,Content Marketing,,IC2,,97000.0,
TXN-0000936,EMP-0468,2023-01-15,Hire,New Hire,,Engineering,,Data Engineering,,IC4,,145000.0,
TXN-0000937,EMP-0469,2024-02-17,Hire,New Hire,,Sales,,Revenue Operations,,IC4,,135000.0,
TXN-0000938,EMP-0469,2026-05-14,Compensation Change,Merit Increase,Sales,Sales,Revenue Operations,Revenue Operations,IC4,IC4,135000.0,140000.0,
TXN-0000939,EMP-0470,2024-03-12,Hire,New Hire,,Engineering,,QA Engineering,,IC1,,76000.0,
TXN-0000940,EMP-0470,2024-10-09,Transfer,Internal Transfer,Engineering,Product,QA Engineering,Product Management,IC1,IC1,76000.0,76000.0,
TXN-0000941,EMP-0470,2025-07-17,Termination,Performance,,,,,,,,,Involuntary
TXN-0000942,EMP-0471,2019-02-12,Hire,New Hire,,Engineering,,Data Engineering,,IC2,,103000.0,
TXN-0000943,EMP-0471,2023-12-24,Termination,Career Move,,,,,,,,,Voluntary
TXN-0000944,EMP-0472,2022-01-20,Hire,New Hire,,Sales,,Account Management,,IC3,,128000.0,
TXN-0000945,EMP-0472,2022-07-25,Compensation Change,Merit Increase,Sales,Sales,Account Management,Account Management,IC3,IC3,128000.0,142000.0,
TXN-0000946,EMP-0473,2018-09-28,Hire,New Hire,,HR,,Total Rewards,,IC2,,104000.0,
TXN-0000947,EMP-0473,2024-10-25,Transfer,Internal Transfer,HR,Engineering,Total Rewards,Security Engineering,IC2,IC2,104000.0,104000.0,
TXN-0000948,EMP-0474,2018-12-08,Hire,New Hire,,HR,,Total Rewards,,IC2,,100000.0,
TXN-0000949,EMP-0474,2019-03-22,Compensation Change,Merit Increase,HR,HR,Total Rewards,Total Rewards,IC2,IC2,100000.0,109000.0,
TXN-0000950,EMP-0474,2020-01-05,Promotion,Merit Promotion,HR,HR,Total Rewards,Total Rewards,IC2,IC3,109000.0,115000.0,
TXN-0000951,EMP-0475,2025-09-25,Hire,New Hire,,Finance,,Internal Audit,,IC3,,111000.0,
TXN-0000952,EMP-0476,2022-11-07,Hire,New Hire,,Product,,Product Management,,M2,,193000.0,
TXN-0000953,EMP-0476,2025-08-23,Compensation Change,Merit Increase,Product,Product,Product Management,Product Management,M2,M2,193000.0,212000.0,
TXN-0000954,EMP-0477,2026-05-09,Hire,New Hire,,Product,,Product Management,,IC3,,130000.0,
TXN-0000955,EMP-0478,2021-08-12,Hire,New Hire,,Legal,,Compliance,,IC4,,140000.0,
TXN-0000956,EMP-0478,2025-06-03,Compensation Change,Market Adjustment,Legal,Legal,Compliance,Compliance,IC4,IC4,140000.0,152000.0,
TXN-0000957,EMP-0479,2018-01-31,Hire,New Hire,,Product,,UX / Design,,M1,,160000.0,
TXN-0000958,EMP-0479,2019-06-22,Compensation Change,Market Adjustment,Product,Product,UX / Design,UX / Design,M1,M1,160000.0,172000.0,
TXN-0000959,EMP-0479,2019-12-02,Termination,Reorganization,,,,,,,,,Involuntary
TXN-0000960,EMP-0480,2020-10-04,Hire,New Hire,,Sales,,Enterprise Sales,,IC5,,179000.0,
TXN-0000961,EMP-0480,2022-05-17,Compensation Change,Merit Increase,Sales,Sales,Enterprise Sales,Enterprise Sales,IC5,IC5,179000.0,198000.0,
TXN-0000962,EMP-0480,2024-01-11,Transfer,Internal Transfer,Sales,Finance,Enterprise Sales,Financial Planning & Analysis,IC5,IC5,198000.0,198000.0,
TXN-0000963,EMP-0481,2023-08-03,Hire,New Hire,,Sales,,Enterprise Sales,,IC2,,98000.0,
TXN-0000964,EMP-0481,2024-06-09,Termination,Performance,,,,,,,,,Involuntary
TXN-0000965,EMP-0482,2022-01-24,Hire,New Hire,,HR,,Talent Acquisition,,IC1,,62000.0,
TXN-0000966,EMP-0483,2018-11-19,Hire,New Hire,,Engineering,,Data Engineering,,IC2,,81000.0,
TXN-0000967,EMP-0483,2019-11-10,Compensation Change,Market Adjustment,Engineering,Engineering,Data Engineering,Data Engineering,IC2,IC2,81000.0,87000.0,
TXN-0000968,EMP-0483,2026-02-18,Compensation Change,Market Adjustment,Engineering,Engineering,Data Engineering,Data Engineering,IC2,IC2,87000.0,90000.0,
TXN-0000969,EMP-0484,2018-06-16,Hire,New Hire,,Product,,UX / Design,,IC5,,192000.0,
TXN-0000970,EMP-0484,2025-02-18,Termination,Personal Reasons,,,,,,,,,Voluntary
TXN-0000971,EMP-0485,2018-06-24,Hire,New Hire,,Engineering,,Security Engineering,,M1,,158000.0,
TXN-0000972,EMP-0485,2021-05-03,Compensation Change,Merit Increase,Engineering,Engineering,Security Engineering,Security Engineering,M1,M1,158000.0,165000.0,
TXN-0000973,EMP-0485,2024-12-14,Compensation Change,Merit Increase,Engineering,Engineering,Security Engineering,Security Engineering,M1,M1,165000.0,177000.0,
TXN-0000974,EMP-0485,2026-06-18,Termination,Personal Reasons,,,,,,,,,Voluntary
TXN-0000975,EMP-0486,2018-01-22,Hire,New Hire,,Sales,,Customer Success,,M3,,235000.0,
TXN-0000976,EMP-0486,2020-10-22,Compensation Change,Market Adjustment,Sales,Sales,Customer Success,Customer Success,M3,M3,235000.0,247000.0,
TXN-0000977,EMP-0487,2023-12-02,Hire,New Hire,,HR,,Total Rewards,,IC2,,89000.0,
TXN-0000978,EMP-0488,2019-05-26,Hire,New Hire,,Sales,,Revenue Operations,,IC5,,169000.0,
TXN-0000979,EMP-0488,2022-04-26,Compensation Change,Merit Increase,Sales,Sales,Revenue Operations,Revenue Operations,IC5,IC5,169000.0,183000.0,
TXN-0000980,EMP-0489,2020-10-16,Hire,New Hire,,Finance,,Accounting,,IC3,,126000.0,
TXN-0000981,EMP-0490,2020-06-12,Hire,New Hire,,Product,,UX / Design,,IC4,,159000.0,
TXN-0000982,EMP-0490,2020-09-06,Transfer,Internal Transfer,Product,HR,UX / Design,HR Business Partnering,IC4,IC4,159000.0,159000.0,
TXN-0000983,EMP-0490,2022-05-31,Compensation Change,Market Adjustment,HR,HR,HR Business Partnering,HR Business Partnering,IC4,IC4,159000.0,175000.0,
TXN-0000984,EMP-0491,2022-08-11,Hire,New Hire,,Legal,,Privacy & Data,,IC2,,96000.0,
TXN-0000985,EMP-0491,2023-11-07,Transfer,Internal Transfer,Legal,Sales,Privacy & Data,Sales Development,IC2,IC2,96000.0,96000.0,
TXN-0000986,EMP-0492,2022-11-27,Hire,New Hire,,Engineering,,Software Engineering,,IC2,,86000.0,
TXN-0000987,EMP-0492,2025-07-23,Transfer,Internal Transfer,Engineering,Product,Software Engineering,UX / Design,IC2,IC2,86000.0,86000.0,
TXN-0000988,EMP-0492,2026-01-16,Promotion,Merit Promotion,Product,Product,UX / Design,UX / Design,IC2,IC3,86000.0,113000.0,
TXN-0000989,EMP-0493,2018-02-26,Hire,New Hire,,Product,,UX / Design,,IC3,,129000.0,
TXN-0000990,EMP-0493,2023-04-11,Promotion,Merit Promotion,Product,Product,UX / Design,UX / Design,IC3,IC4,129000.0,157000.0,
TXN-0000991,EMP-0494,2022-05-19,Hire,New Hire,,Engineering,,QA Engineering,,IC1,,63000.0,
TXN-0000992,EMP-0495,2020-06-15,Hire,New Hire,,Finance,,Internal Audit,,IC2,,93000.0,
TXN-0000993,EMP-0495,2021-08-23,Promotion,Merit Promotion,Finance,Finance,Internal Audit,Internal Audit,IC2,IC3,93000.0,125000.0,
TXN-0000994,EMP-0496,2026-05-16,Hire,New Hire,,Marketing,,Product Marketing,,IC4,,136000.0,
TXN-0000995,EMP-0497,2020-09-27,Hire,New Hire,,Marketing,,Marketing Operations,,IC2,,101000.0,
TXN-0000996,EMP-0497,2020-11-09,Promotion,Merit Promotion,Marketing,Marketing,Marketing Operations,Marketing Operations,IC2,IC3,101000.0,106000.0,
TXN-0000997,EMP-0498,2024-03-18,Hire,New Hire,,Engineering,,Security Engineering,,IC1,,71000.0,
TXN-0000998,EMP-0499,2020-10-25,Hire,New Hire,,Sales,,Enterprise Sales,,IC3,,123000.0,
TXN-0000999,EMP-0499,2022-11-24,Promotion,Merit Promotion,Sales,Sales,Enterprise Sales,Enterprise Sales,IC3,IC4,123000.0,147000.0,
TXN-0001000,EMP-0500,2020-09-30,Hire,New Hire,,Engineering,,QA Engineering,,IC1,,61000.0,
TXN-0001001,EMP-0501,2024-04-22,Hire,New Hire,,Legal,,Corporate Legal,,IC4,,152000.0,
TXN-0001002,EMP-0501,2024-12-17,Transfer,Internal Transfer,Legal,Finance,Corporate Legal,Financial Planning & Analysis,IC4,IC4,152000.0,152000.0,
TXN-0001003,EMP-0501,2026-04-12,Compensation Change,Merit Increase,Finance,Finance,Financial Planning & Analysis,Financial Planning & Analysis,IC4,IC4,152000.0,160000.0,
TXN-0001004,EMP-0502,2019-02-01,Hire,New Hire,,Engineering,,Software Engineering,,IC1,,65000.0,
TXN-0001005,EMP-0502,2024-03-18,Compensation Change,Merit Increase,Engineering,Engineering,Software Engineering,Software Engineering,IC1,IC1,65000.0,67000.0,
TXN-0001006,EMP-0503,2019-01-19,Hire,New Hire,,Engineering,,QA Engineering,,IC2,,100000.0,
TXN-0001007,EMP-0504,2024-01-26,Hire,New Hire,,Product,,Product Management,,IC3,,125000.0,
TXN-0001008,EMP-0504,2024-10-03,Compensation Change,Merit Increase,Product,Product,Product Management,Product Management,IC3,IC3,125000.0,139000.0,
TXN-0001009,EMP-0504,2025-01-31,Transfer,Internal Transfer,Product,Sales,Product Management,Customer Success,IC3,IC3,139000.0,139000.0,
TXN-0001010,EMP-0505,2021-11-30,Hire,New Hire,,Sales,,Enterprise Sales,,IC1,,75000.0,
TXN-0001011,EMP-0505,2025-03-14,Promotion,Merit Promotion,Sales,Sales,Enterprise Sales,Enterprise Sales,IC1,IC2,75000.0,87000.0,
TXN-0001012,EMP-0505,2025-07-10,Compensation Change,Merit Increase,Sales,Sales,Enterprise Sales,Enterprise Sales,IC2,IC2,87000.0,91000.0,
TXN-0001013,EMP-0506,2020-03-13,Hire,New Hire,,Engineering,,Data Engineering,,IC4,,140000.0,
TXN-0001014,EMP-0506,2020-08-18,Promotion,Merit Promotion,Engineering,Engineering,Data Engineering,Data Engineering,IC4,IC5,140000.0,192000.0,
TXN-0001015,EMP-0507,2025-01-12,Hire,New Hire,,Sales,,Enterprise Sales,,IC1,,77000.0,
TXN-0001016,EMP-0508,2019-12-03,Hire,New Hire,,Finance,,Tax,,IC3,,106000.0,
TXN-0001017,EMP-0508,2020-10-27,Termination,Career Move,,,,,,,,,Voluntary
TXN-0001018,EMP-0509,2022-11-16,Hire,New Hire,,Sales,,Sales Development,,IC1,,74000.0,
TXN-0001019,EMP-0509,2025-12-07,Compensation Change,Market Adjustment,Sales,Sales,Sales Development,Sales Development,IC1,IC1,74000.0,82000.0,
TXN-0001020,EMP-0509,2026-05-01,Promotion,Merit Promotion,Sales,Sales,Sales Development,Sales Development,IC1,IC2,82000.0,105000.0,
TXN-0001021,EMP-0510,2024-05-12,Hire,New Hire,,Marketing,,Content Marketing,,IC2,,104000.0,
TXN-0001022,EMP-0511,2020-05-27,Hire,New Hire,,Sales,,Account Management,,IC2,,85000.0,
TXN-0001023,EMP-0512,2025-10-15,Hire,New Hire,,Engineering,,Data Engineering,,IC2,,103000.0,
TXN-0001024,EMP-0513,2025-04-14,Hire,New Hire,,Sales,,Customer Success,,IC5,,185000.0,
TXN-0001025,EMP-0513,2026-06-27,Compensation Change,Merit Increase,Sales,Sales,Customer Success,Customer Success,IC5,IC5,185000.0,206000.0,
TXN-0001026,EMP-0514,2024-03-12,Hire,New Hire,,Product,,Product Management,,IC2,,88000.0,
TXN-0001027,EMP-0515,2022-10-18,Hire,New Hire,,Engineering,,Security Engineering,,IC5,,190000.0,
TXN-0001028,EMP-0515,2025-10-12,Compensation Change,Market Adjustment,Engineering,Engineering,Security Engineering,Security Engineering,IC5,IC5,190000.0,203000.0,
TXN-0001029,EMP-0516,2024-02-18,Hire,New Hire,,Sales,,Account Management,,M1,,156000.0,
TXN-0001030,EMP-0516,2024-04-18,Compensation Change,Merit Increase,Sales,Sales,Account Management,Account Management,M1,M1,156000.0,161000.0,
TXN-0001031,EMP-0516,2026-03-29,Compensation Change,Merit Increase,Sales,Sales,Account Management,Account Management,M1,M1,161000.0,178000.0,
TXN-0001032,EMP-0516,2026-05-19,Termination,Performance,,,,,,,,,Involuntary
TXN-0001033,EMP-0517,2018-12-05,Hire,New Hire,,Product,,Product Operations,,IC2,,85000.0,
TXN-0001034,EMP-0517,2023-03-05,Promotion,Merit Promotion,Product,Product,Product Operations,Product Operations,IC2,IC3,85000.0,124000.0,
TXN-0001035,EMP-0518,2018-04-16,Hire,New Hire,,Engineering,,Data Engineering,,IC1,,80000.0,
TXN-0001036,EMP-0518,2021-08-15,Compensation Change,Merit Increase,Engineering,Engineering,Data Engineering,Data Engineering,IC1,IC1,80000.0,84000.0,
TXN-0001037,EMP-0519,2019-08-29,Hire,New Hire,,Engineering,,Infrastructure / DevOps,,IC1,,73000.0,
TXN-0001038,EMP-0519,2021-06-05,Promotion,Merit Promotion,Engineering,Engineering,Infrastructure / DevOps,Infrastructure / DevOps,IC1,IC2,73000.0,99000.0,
TXN-0001039,EMP-0520,2018-06-23,Hire,New Hire,,Product,,UX / Design,,IC3,,116000.0,
TXN-0001040,EMP-0520,2018-08-03,Compensation Change,Market Adjustment,Product,Product,UX / Design,UX / Design,IC3,IC3,116000.0,129000.0,
TXN-0001041,EMP-0521,2021-10-30,Hire,New Hire,,Product,,Product Management,,VP,,316000.0,
TXN-0001042,EMP-0521,2023-03-26,Transfer,Internal Transfer,Product,HR,Product Management,Learning & Development,VP,VP,316000.0,316000.0,
TXN-0001043,EMP-0522,2025-06-01,Hire,New Hire,,Sales,,Account Management,,IC2,,89000.0,
TXN-0001044,EMP-0523,2025-01-04,Hire,New Hire,,Sales,,Revenue Operations,,IC4,,136000.0,
TXN-0001045,EMP-0523,2026-02-01,Compensation Change,Merit Increase,Sales,Sales,Revenue Operations,Revenue Operations,IC4,IC4,136000.0,140000.0,
TXN-0001046,EMP-0523,2026-03-10,Termination,Career Move,,,,,,,,,Voluntary
TXN-0001047,EMP-0524,2019-05-17,Hire,New Hire,,Engineering,,Security Engineering,,IC5,,169000.0,
TXN-0001048,EMP-0524,2022-05-22,Compensation Change,Merit Increase,Engineering,Engineering,Security Engineering,Security Engineering,IC5,IC5,169000.0,178000.0,
TXN-0001049,EMP-0525,2023-04-25,Hire,New Hire,,HR,,People Operations,,IC4,,157000.0,
TXN-0001050,EMP-0526,2022-06-26,Hire,New Hire,,Legal,,Compliance,,IC5,,168000.0,
TXN-0001051,EMP-0526,2023-07-10,Transfer,Internal Transfer,Legal,Marketing,Compliance,Brand,IC5,IC5,168000.0,168000.0,
TXN-0001052,EMP-0526,2024-12-18,Termination,Performance,,,,,,,,,Involuntary
TXN-0001053,EMP-0527,2022-02-17,Hire,New Hire,,Sales,,Customer Success,,M3,,217000.0,
TXN-0001054,EMP-0527,2022-06-10,Compensation Change,Market Adjustment,Sales,Sales,Customer Success,Customer Success,M3,M3,217000.0,229000.0,
TXN-0001055,EMP-0527,2024-08-13,Termination,Performance,,,,,,,,,Involuntary
TXN-0001056,EMP-0528,2020-02-04,Hire,New Hire,,Engineering,,Security Engineering,,IC1,,76000.0,
TXN-0001057,EMP-0529,2026-03-06,Hire,New Hire,,Engineering,,Software Engineering,,IC1,,73000.0,
TXN-0001058,EMP-0529,2026-06-09,Compensation Change,Merit Increase,Engineering,Engineering,Software Engineering,Software Engineering,IC1,IC1,73000.0,81000.0,
TXN-0001059,EMP-0530,2026-03-13,Hire,New Hire,,Sales,,Account Management,,IC1,,67000.0,
TXN-0001060,EMP-0530,2026-05-24,Compensation Change,Merit Increase,Sales,Sales,Account Management,Account Management,IC1,IC1,67000.0,70000.0,
TXN-0001061,EMP-0530,2026-06-28,Compensation Change,Merit Increase,Sales,Sales,Account Management,Account Management,IC1,IC1,70000.0,72000.0,
TXN-0001062,EMP-0531,2021-04-08,Hire,New Hire,,Product,,Product Management,,IC1,,64000.0,
TXN-0001063,EMP-0532,2024-08-01,Hire,New Hire,,Product,,UX / Design,,IC4,,157000.0,
TXN-0001064,EMP-0532,2024-12-01,Promotion,Merit Promotion,Product,Product,UX / Design,UX / Design,IC4,IC5,157000.0,181000.0,
TXN-0001065,EMP-0532,2026-06-22,Transfer,Internal Transfer,Product,Engineering,UX / Design,Infrastructure / DevOps,IC5,IC5,181000.0,181000.0,
TXN-0001066,EMP-0533,2020-09-14,Hire,New Hire,,Sales,,Customer Success,,IC3,,108000.0,
TXN-0001067,EMP-0533,2023-04-26,Promotion,Merit Promotion,Sales,Sales,Customer Success,Customer Success,IC3,IC4,108000.0,145000.0,
TXN-0001068,EMP-0533,2023-10-30,Termination,Reorganization,,,,,,,,,Involuntary
TXN-0001069,EMP-0534,2021-09-03,Hire,New Hire,,Product,,UX / Design,,IC2,,82000.0,
TXN-0001070,EMP-0534,2024-09-11,Compensation Change,Merit Increase,Product,Product,UX / Design,UX / Design,IC2,IC2,82000.0,85000.0,
TXN-0001071,EMP-0535,2018-04-19,Hire,New Hire,,HR,,Talent Acquisition,,IC4,,150000.0,
TXN-0001072,EMP-0535,2024-04-02,Compensation Change,Market Adjustment,HR,HR,Talent Acquisition,Talent Acquisition,IC4,IC4,150000.0,158000.0,
TXN-0001073,EMP-0535,2025-04-08,Transfer,Internal Transfer,HR,Legal,Talent Acquisition,Privacy & Data,IC4,IC4,158000.0,158000.0,
TXN-0001074,EMP-0536,2024-09-07,Hire,New Hire,,Engineering,,Software Engineering,,IC5,,194000.0,
TXN-0001075,EMP-0536,2025-11-12,Transfer,Internal Transfer,Engineering,HR,Software Engineering,HR Business Partnering,IC5,IC5,194000.0,194000.0,
TXN-0001076,EMP-0536,2026-05-15,Termination,Career Move,,,,,,,,,Voluntary
TXN-0001077,EMP-0537,2023-11-25,Hire,New Hire,,Finance,,Internal Audit,,IC1,,66000.0,
TXN-0001078,EMP-0537,2026-05-01,Promotion,Merit Promotion,Finance,Finance,Internal Audit,Internal Audit,IC1,IC2,66000.0,83000.0,
TXN-0001079,EMP-0538,2020-03-08,Hire,New Hire,,Engineering,,Data Engineering,,IC4,,155000.0,
TXN-0001080,EMP-0539,2021-01-31,Hire,New Hire,,Sales,,Enterprise Sales,,IC5,,172000.0,
TXN-0001081,EMP-0539,2025-04-06,Compensation Change,Market Adjustment,Sales,Sales,Enterprise Sales,Enterprise Sales,IC5,IC5,172000.0,185000.0,
TXN-0001082,EMP-0540,2018-06-25,Hire,New Hire,,Finance,,Tax,,IC1,,73000.0,
TXN-0001083,EMP-0540,2023-06-12,Compensation Change,Merit Increase,Finance,Finance,Tax,Tax,IC1,IC1,73000.0,80000.0,
TXN-0001084,EMP-0540,2024-03-31,Termination,Career Move,,,,,,,,,Voluntary
TXN-0001085,EMP-0541,2018-06-22,Hire,New Hire,,Legal,,Employment Law,,M1,,161000.0,
TXN-0001086,EMP-0541,2025-05-14,Compensation Change,Merit Increase,Legal,Legal,Employment Law,Employment Law,M1,M1,161000.0,178000.0,
TXN-0001087,EMP-0542,2025-09-06,Hire,New Hire,,Engineering,,Security Engineering,,Director,,224000.0,
TXN-0001088,EMP-0542,2026-02-13,Compensation Change,Market Adjustment,Engineering,Engineering,Security Engineering,Security Engineering,Director,Director,224000.0,238000.0,
TXN-0001089,EMP-0543,2020-01-22,Hire,New Hire,,Sales,,Revenue Operations,,IC1,,71000.0,
TXN-0001090,EMP-0543,2021-09-27,Compensation Change,Market Adjustment,Sales,Sales,Revenue Operations,Revenue Operations,IC1,IC1,71000.0,79000.0,
TXN-0001091,EMP-0544,2018-06-15,Hire,New Hire,,HR,,Talent Acquisition,,IC1,,65000.0,
TXN-0001092,EMP-0544,2020-09-16,Transfer,Internal Transfer,HR,Sales,Talent Acquisition,Revenue Operations,IC1,IC1,65000.0,65000.0,
TXN-0001093,EMP-0545,2026-04-06,Hire,New Hire,,Engineering,,Infrastructure / DevOps,,IC2,,83000.0,
TXN-0001094,EMP-0546,2018-08-07,Hire,New Hire,,Engineering,,Software Engineering,,IC4,,152000.0,
TXN-0001095,EMP-0547,2024-05-01,Hire,New Hire,,Engineering,,Infrastructure / DevOps,,M3,,228000.0,
TXN-0001096,EMP-0548,2020-11-11,Hire,New Hire,,HR,,Learning & Development,,IC2,,100000.0,
TXN-0001097,EMP-0548,2023-04-21,Compensation Change,Market Adjustment,HR,HR,Learning & Development,Learning & Development,IC2,IC2,100000.0,108000.0,
TXN-0001098,EMP-0548,2025-01-17,Compensation Change,Market Adjustment,HR,HR,Learning & Development,Learning & Development,IC2,IC2,108000.0,117000.0,
TXN-0001099,EMP-0548,2025-11-10,Termination,Compensation,,,,,,,,,Voluntary
TXN-0001100,EMP-0549,2022-02-08,Hire,New Hire,,HR,,Learning & Development,,IC4,,145000.0,
TXN-0001101,EMP-0549,2024-12-28,Termination,Performance,,,,,,,,,Involuntary
TXN-0001102,EMP-0550,2019-12-19,Hire,New Hire,,Engineering,,Data Engineering,,IC1,,62000.0,
TXN-0001103,EMP-0550,2024-11-12,Transfer,Internal Transfer,Engineering,Marketing,Data Engineering,Demand Generation,IC1,IC1,62000.0,62000.0,
TXN-0001104,EMP-0551,2024-04-04,Hire,New Hire,,Product,,UX / Design,,IC4,,139000.0,
TXN-0001105,EMP-0551,2026-02-20,Transfer,Internal Transfer,Product,Legal,UX / Design,Employment Law,IC4,IC4,139000.0,139000.0,
TXN-0001106,EMP-0551,2026-06-22,Promotion,Merit Promotion,Legal,Legal,Employment Law,Employment Law,IC4,IC5,139000.0,181000.0,
TXN-0001107,EMP-0552,2025-06-06,Hire,New Hire,,Engineering,,Infrastructure / DevOps,,IC4,,158000.0,
TXN-0001108,EMP-0552,2026-04-19,Compensation Change,Market Adjustment,Engineering,Engineering,Infrastructure / DevOps,Infrastructure / DevOps,IC4,IC4,158000.0,175000.0,
TXN-0001109,EMP-0553,2021-11-12,Hire,New Hire,,Marketing,,Product Marketing,,IC1,,78000.0,
TXN-0001110,EMP-0553,2023-11-11,Promotion,Merit Promotion,Marketing,Marketing,Product Marketing,Product Marketing,IC1,IC2,78000.0,100000.0,
TXN-0001111,EMP-0554,2022-07-22,Hire,New Hire,,Sales,,Customer Success,,IC5,,187000.0,
TXN-0001112,EMP-0555,2024-06-04,Hire,New Hire,,Sales,,Revenue Operations,,M1,,142000.0,
TXN-0001113,EMP-0555,2025-09-13,Compensation Change,Merit Increase,Sales,Sales,Revenue Operations,Revenue Operations,M1,M1,142000.0,157000.0,
TXN-0001114,EMP-0556,2023-12-05,Hire,New Hire,,Finance,,Tax,,IC4,,149000.0,
TXN-0001115,EMP-0557,2024-01-27,Hire,New Hire,,HR,,HR Business Partnering,,IC1,,65000.0,
TXN-0001116,EMP-0557,2024-04-07,Compensation Change,Merit Increase,HR,HR,HR Business Partnering,HR Business Partnering,IC1,IC1,65000.0,72000.0,
TXN-0001117,EMP-0558,2020-07-05,Hire,New Hire,,Engineering,,Software Engineering,,VP,,281000.0,
TXN-0001118,EMP-0558,2021-04-17,Compensation Change,Market Adjustment,Engineering,Engineering,Software Engineering,Software Engineering,VP,VP,281000.0,292000.0,
TXN-0001119,EMP-0558,2024-03-13,Compensation Change,Merit Increase,Engineering,Engineering,Software Engineering,Software Engineering,VP,VP,292000.0,303000.0,
TXN-0001120,EMP-0559,2021-10-03,Hire,New Hire,,Sales,,Account Management,,IC5,,162000.0,
TXN-0001121,EMP-0560,2024-10-20,Hire,New Hire,,Marketing,,Demand Generation,,IC2,,101000.0,
TXN-0001122,EMP-0560,2026-05-07,Promotion,Merit Promotion,Marketing,Marketing,Demand Generation,Demand Generation,IC2,IC3,101000.0,122000.0,
TXN-0001123,EMP-0560,2026-06-20,Compensation Change,Merit Increase,Marketing,Marketing,Demand Generation,Demand Generation,IC3,IC3,122000.0,133000.0,
TXN-0001124,EMP-0561,2020-06-22,Hire,New Hire,,Finance,,Tax,,IC3,,113000.0,
TXN-0001125,EMP-0561,2021-03-17,Compensation Change,Merit Increase,Finance,Finance,Tax,Tax,IC3,IC3,113000.0,121000.0,
TXN-0001126,EMP-0562,2022-08-14,Hire,New Hire,,Product,,Product Operations,,IC2,,83000.0,
TXN-0001127,EMP-0562,2025-06-16,Compensation Change,Market Adjustment,Product,Product,Product Operations,Product Operations,IC2,IC2,83000.0,92000.0,
TXN-0001128,EMP-0563,2019-10-22,Hire,New Hire,,Finance,,Internal Audit,,IC3,,126000.0,
TXN-0001129,EMP-0563,2025-10-06,Compensation Change,Merit Increase,Finance,Finance,Internal Audit,Internal Audit,IC3,IC3,126000.0,133000.0,
TXN-0001130,EMP-0564,2023-02-03,Hire,New Hire,,Sales,,Sales Development,,IC2,,82000.0,
TXN-0001131,EMP-0564,2024-04-22,Transfer,Internal Transfer,Sales,Finance,Sales Development,Financial Planning & Analysis,IC2,IC2,82000.0,82000.0,
TXN-0001132,EMP-0564,2024-08-11,Transfer,Internal Transfer,Finance,Sales,Financial Planning & Analysis,Sales Development,IC2,IC2,82000.0,82000.0,
TXN-0001133,EMP-0564,2025-02-24,Termination,Career Move,,,,,,,,,Voluntary
TXN-0001134,EMP-0565,2020-06-15,Hire,New Hire,,Product,,UX / Design,,M1,,138000.0,
TXN-0001135,EMP-0565,2024-05-27,Transfer,Internal Transfer,Product,Sales,UX / Design,Sales Development,M1,M1,138000.0,138000.0,
TXN-0001136,EMP-0566,2024-02-12,Hire,New Hire,,Legal,,Compliance,,M1,,141000.0,
TXN-0001137,EMP-0566,2024-04-30,Compensation Change,Merit Increase,Legal,Legal,Compliance,Compliance,M1,M1,141000.0,150000.0,
TXN-0001138,EMP-0567,2019-01-23,Hire,New Hire,,Engineering,,Security Engineering,,IC1,,66000.0,
TXN-0001139,EMP-0567,2024-06-01,Termination,Career Move,,,,,,,,,Voluntary
TXN-0001140,EMP-0568,2023-03-13,Hire,New Hire,,Sales,,Revenue Operations,,Director,,260000.0,
TXN-0001141,EMP-0568,2026-01-12,Termination,Performance,,,,,,,,,Involuntary
TXN-0001142,EMP-0569,2019-02-24,Hire,New Hire,,Sales,,Sales Development,,IC4,,142000.0,
TXN-0001143,EMP-0570,2026-03-15,Hire,New Hire,,Engineering,,Infrastructure / DevOps,,M1,,145000.0,
TXN-0001144,EMP-0570,2026-05-15,Compensation Change,Merit Increase,Engineering,Engineering,Infrastructure / DevOps,Infrastructure / DevOps,M1,M1,145000.0,160000.0,
TXN-0001145,EMP-0570,2026-06-24,Transfer,Internal Transfer,Engineering,HR,Infrastructure / DevOps,HR Business Partnering,M1,M1,160000.0,160000.0,
TXN-0001146,EMP-0571,2026-04-15,Hire,New Hire,,Marketing,,Demand Generation,,IC4,,147000.0,
TXN-0001147,EMP-0572,2019-05-03,Hire,New Hire,,Finance,,Treasury,,IC3,,119000.0,
TXN-0001148,EMP-0572,2025-03-24,Compensation Change,Merit Increase,Finance,Finance,Treasury,Treasury,IC3,IC3,119000.0,124000.0,
TXN-0001149,EMP-0572,2025-10-26,Compensation Change,Merit Increase,Finance,Finance,Treasury,Treasury,IC3,IC3,124000.0,132000.0,
TXN-0001150,EMP-0572,2026-06-28,Termination,Career Move,,,,,,,,,Voluntary
TXN-0001151,EMP-0573,2025-01-21,Hire,New Hire,,Sales,,Enterprise Sales,,IC5,,171000.0,
TXN-0001152,EMP-0573,2025-02-27,Compensation Change,Market Adjustment,Sales,Sales,Enterprise Sales,Enterprise Sales,IC5,IC5,171000.0,184000.0,
TXN-0001153,EMP-0574,2025-09-13,Hire,New Hire,,Sales,,Enterprise Sales,,Director,,244000.0,
TXN-0001154,EMP-0574,2025-11-19,Compensation Change,Market Adjustment,Sales,Sales,Enterprise Sales,Enterprise Sales,Director,Director,244000.0,254000.0,
TXN-0001155,EMP-0574,2026-04-14,Compensation Change,Market Adjustment,Sales,Sales,Enterprise Sales,Enterprise Sales,Director,Director,254000.0,283000.0,
TXN-0001156,EMP-0575,2024-12-28,Hire,New Hire,,Marketing,,Marketing Operations,,IC2,,94000.0,
TXN-0001157,EMP-0576,2021-09-17,Hire,New Hire,,Engineering,,Software Engineering,,M1,,163000.0,
TXN-0001158,EMP-0576,2025-10-28,Compensation Change,Market Adjustment,Engineering,Engineering,Software Engineering,Software Engineering,M1,M1,163000.0,178000.0,
TXN-0001159,EMP-0577,2021-05-06,Hire,New Hire,,Product,,Product Operations,,IC3,,115000.0,
TXN-0001160,EMP-0577,2023-01-06,Transfer,Internal Transfer,Product,Legal,Product Operations,Privacy & Data,IC3,IC3,115000.0,115000.0,
TXN-0001161,EMP-0578,2018-05-27,Hire,New Hire,,HR,,People Operations,,IC3,,108000.0,
TXN-0001162,EMP-0578,2023-11-03,Promotion,Merit Promotion,HR,HR,People Operations,People Operations,IC3,IC4,108000.0,154000.0,
TXN-0001163,EMP-0579,2018-04-18,Hire,New Hire,,Engineering,,Infrastructure / DevOps,,IC3,,119000.0,
TXN-0001164,EMP-0579,2025-10-26,Compensation Change,Market Adjustment,Engineering,Engineering,Infrastructure / DevOps,Infrastructure / DevOps,IC3,IC3,119000.0,128000.0,
TXN-0001165,EMP-0580,2019-09-07,Hire,New Hire,,Sales,,Customer Success,,IC5,,180000.0,
TXN-0001166,EMP-0580,2021-03-20,Transfer,Internal Transfer,Sales,Marketing,Customer Success,Content Marketing,IC5,IC5,180000.0,180000.0,
TXN-0001167,EMP-0580,2025-07-02,Compensation Change,Market Adjustment,Marketing,Marketing,Content Marketing,Content Marketing,IC5,IC5,180000.0,196000.0,
TXN-0001168,EMP-0581,2018-01-03,Hire,New Hire,,Product,,UX / Design,,IC2,,96000.0,
TXN-0001169,EMP-0581,2018-06-04,Compensation Change,Market Adjustment,Product,Product,UX / Design,UX / Design,IC2,IC2,96000.0,106000.0,
TXN-0001170,EMP-0582,2024-12-12,Hire,New Hire,,Marketing,,Brand,,M1,,154000.0,
TXN-0001171,EMP-0583,2026-05-16,Hire,New Hire,,Sales,,Enterprise Sales,,M1,,160000.0,
TXN-0001172,EMP-0584,2022-06-03,Hire,New Hire,,Sales,,Sales Development,,IC1,,63000.0,
TXN-0001173,EMP-0585,2025-08-31,Hire,New Hire,,Legal,,Compliance,,M2,,193000.0,
TXN-0001174,EMP-0585,2025-11-21,Transfer,Internal Transfer,Legal,Sales,Compliance,Enterprise Sales,M2,M2,193000.0,193000.0,
TXN-0001175,EMP-0586,2021-09-04,Hire,New Hire,,Marketing,,Content Marketing,,IC2,,93000.0,
TXN-0001176,EMP-0586,2023-09-07,Transfer,Internal Transfer,Marketing,Finance,Content Marketing,Accounting,IC2,IC2,93000.0,93000.0,
TXN-0001177,EMP-0586,2025-06-01,Promotion,Merit Promotion,Finance,Finance,Accounting,Accounting,IC2,IC3,93000.0,126000.0,
TXN-0001178,EMP-0587,2024-10-26,Hire,New Hire,,Finance,,Tax,,IC3,,108000.0,
TXN-0001179,EMP-0587,2025-12-08,Transfer,Internal Transfer,Finance,Legal,Tax,Privacy & Data,IC3,IC3,108000.0,108000.0,
TXN-0001180,EMP-0588,2024-04-07,Hire,New Hire,,Engineering,,QA Engineering,,IC4,,135000.0,
TXN-0001181,EMP-0588,2024-12-22,Promotion,Merit Promotion,Engineering,Engineering,QA Engineering,QA Engineering,IC4,IC5,135000.0,171000.0,
TXN-0001182,EMP-0588,2025-05-23,Compensation Change,Merit Increase,Engineering,Engineering,QA Engineering,QA Engineering,IC5,IC5,171000.0,190000.0,
TXN-0001183,EMP-0589,2019-04-09,Hire,New Hire,,Legal,,Privacy & Data,,IC2,,95000.0,
TXN-0001184,EMP-0590,2018-06-04,Hire,New Hire,,Legal,,Corporate Legal,,IC1,,77000.0,
TXN-0001185,EMP-0590,2022-03-03,Compensation Change,Merit Increase,Legal,Legal,Corporate Legal,Corporate Legal,IC1,IC1,77000.0,81000.0,
TXN-0001186,EMP-0591,2022-02-08,Hire,New Hire,,Sales,,Customer Success,,M1,,161000.0,
TXN-0001187,EMP-0591,2023-07-10,Compensation Change,Market Adjustment,Sales,Sales,Customer Success,Customer Success,M1,M1,161000.0,172000.0,
TXN-0001188,EMP-0591,2025-02-03,Termination,Performance,,,,,,,,,Involuntary
TXN-0001189,EMP-0592,2025-10-26,Hire,New Hire,,Engineering,,Software Engineering,,IC1,,66000.0,
TXN-0001190,EMP-0593,2023-12-08,Hire,New Hire,,Sales,,Account Management,,IC2,,97000.0,
TXN-0001191,EMP-0593,2026-02-20,Transfer,Internal Transfer,Sales,HR,Account Management,Total Rewards,IC2,IC2,97000.0,97000.0,
TXN-0001192,EMP-0593,2026-05-26,Transfer,Internal Transfer,HR,Product,Total Rewards,UX / Design,IC2,IC2,97000.0,97000.0,
TXN-0001193,EMP-0593,2026-06-27,Termination,Personal Reasons,,,,,,,,,Voluntary
TXN-0001194,EMP-0594,2022-09-01,Hire,New Hire,,HR,,Talent Acquisition,,IC5,,193000.0,
TXN-0001195,EMP-0594,2025-10-08,Transfer,Internal Transfer,HR,Product,Talent Acquisition,Product Management,IC5,IC5,193000.0,193000.0,
TXN-0001196,EMP-0595,2023-09-21,Hire,New Hire,,HR,,Total Rewards,,IC2,,105000.0,
TXN-0001197,EMP-0595,2024-12-26,Compensation Change,Market Adjustment,HR,HR,Total Rewards,Total Rewards,IC2,IC2,105000.0,116000.0,
TXN-0001198,EMP-0596,2024-11-18,Hire,New Hire,,Engineering,,QA Engineering,,M2,,171000.0,
TXN-0001199,EMP-0596,2026-03-01,Compensation Change,Merit Increase,Engineering,Engineering,QA Engineering,QA Engineering,M2,M2,171000.0,177000.0,
TXN-0001200,EMP-0596,2026-04-05,Compensation Change,Market Adjustment,Engineering,Engineering,QA Engineering,QA Engineering,M2,M2,177000.0,195000.0,
TXN-0001201,EMP-0597,2024-07-29,Hire,New Hire,,HR,,HR Business Partnering,,IC4,,137000.0,
TXN-0001202,EMP-0597,2024-12-24,Compensation Change,Merit Increase,HR,HR,HR Business Partnering,HR Business Partnering,IC4,IC4,137000.0,152000.0,
TXN-0001203,EMP-0597,2025-08-24,Promotion,Merit Promotion,HR,HR,HR Business Partnering,HR Business Partnering,IC4,IC5,152000.0,172000.0,
TXN-0001204,EMP-0597,2026-01-05,Termination,Personal Reasons,,,,,,,,,Voluntary
TXN-0001205,EMP-0598,2024-03-25,Hire,New Hire,,Marketing,,Content Marketing,,IC2,,97000.0,
TXN-0001206,EMP-0598,2025-05-24,Compensation Change,Market Adjustment,Marketing,Marketing,Content Marketing,Content Marketing,IC2,IC2,97000.0,109000.0,
TXN-0001207,EMP-0598,2026-06-11,Termination,Performance,,,,,,,,,Involuntary
TXN-0001208,EMP-0599,2022-09-29,Hire,New Hire,,HR,,People Operations,,IC1,,78000.0,
TXN-0001209,EMP-0599,2022-11-11,Promotion,Merit Promotion,HR,HR,People Operations,People Operations,IC1,IC2,78000.0,101000.0,
TXN-0001210,EMP-0600,2025-11-22,Hire,New Hire,,Marketing,,Content Marketing,,M3,,237000.0,
TXN-0001211,EMP-0601,2025-12-08,Hire,New Hire,,Product,,Product Operations,,IC1,,76000.0,
TXN-0001212,EMP-0602,2025-03-27,Hire,New Hire,,Engineering,,Software Engineering,,IC5,,182000.0,
TXN-0001213,EMP-0602,2026-01-17,Compensation Change,Merit Increase,Engineering,Engineering,Software Engineering,Software Engineering,IC5,IC5,182000.0,192000.0,
TXN-0001214,EMP-0602,2026-04-09,Compensation Change,Merit Increase,Engineering,Engineering,Software Engineering,Software Engineering,IC5,IC5,192000.0,206000.0,
TXN-0001215,EMP-0603,2023-04-16,Hire,New Hire,,Product,,UX / Design,,IC3,,121000.0,
TXN-0001216,EMP-0603,2026-01-23,Transfer,Internal Transfer,Product,HR,UX / Design,Total Rewards,IC3,IC3,121000.0,121000.0,
TXN-0001217,EMP-0603,2026-05-01,Transfer,Internal Transfer,HR,Finance,Total Rewards,Accounting,IC3,IC3,121000.0,121000.0,
TXN-0001218,EMP-0604,2021-08-25,Hire,New Hire,,Engineering,,Data Engineering,,IC5,,182000.0,
TXN-0001219,EMP-0604,2025-06-01,Compensation Change,Market Adjustment,Engineering,Engineering,Data Engineering,Data Engineering,IC5,IC5,182000.0,199000.0,
TXN-0001220,EMP-0604,2025-10-02,Termination,Performance,,,,,,,,,Involuntary
TXN-0001221,EMP-0605,2025-03-28,Hire,New Hire,,Sales,,Revenue Operations,,IC4,,139000.0,
TXN-0001222,EMP-0605,2025-08-16,Compensation Change,Merit Increase,Sales,Sales,Revenue Operations,Revenue Operations,IC4,IC4,139000.0,151000.0,
TXN-0001223,EMP-0606,2018-04-30,Hire,New Hire,,HR,,Total Rewards,,IC4,,140000.0,
TXN-0001224,EMP-0607,2019-12-03,Hire,New Hire,,Legal,,Corporate Legal,,IC3,,127000.0,
TXN-0001225,EMP-0607,2022-08-26,Compensation Change,Merit Increase,Legal,Legal,Corporate Legal,Corporate Legal,IC3,IC3,127000.0,132000.0,
TXN-0001226,EMP-0608,2022-01-29,Hire,New Hire,,Product,,Product Operations,,IC5,,194000.0,
TXN-0001227,EMP-0609,2020-12-28,Hire,New Hire,,Legal,,Privacy & Data,,IC1,,62000.0,
TXN-0001228,EMP-0609,2021-12-23,Compensation Change,Merit Increase,Legal,Legal,Privacy & Data,Privacy & Data,IC1,IC1,62000.0,65000.0,
TXN-0001229,EMP-0610,2020-12-05,Hire,New Hire,,Sales,,Enterprise Sales,,IC2,,94000.0,
TXN-0001230,EMP-0611,2024-10-08,Hire,New Hire,,HR,,Learning & Development,,IC4,,146000.0,
TXN-0001231,EMP-0612,2024-09-06,Hire,New Hire,,Sales,,Revenue Operations,,IC2,,99000.0,
TXN-0001232,EMP-0612,2025-09-05,Promotion,Merit Promotion,Sales,Sales,Revenue Operations,Revenue Operations,IC2,IC3,99000.0,134000.0,
TXN-0001233,EMP-0613,2023-10-27,Hire,New Hire,,Engineering,,Data Engineering,,IC3,,109000.0,
TXN-0001234,EMP-0614,2026-03-06,Hire,New Hire,,Sales,,Account Management,,IC3,,121000.0,
TXN-0001235,EMP-0614,2026-06-21,Compensation Change,Market Adjustment,Sales,Sales,Account Management,Account Management,IC3,IC3,121000.0,132000.0,
TXN-0001236,EMP-0615,2023-09-04,Hire,New Hire,,Sales,,Customer Success,,IC3,,118000.0,
TXN-0001237,EMP-0615,2025-08-17,Transfer,Internal Transfer,Sales,Product,Customer Success,Product Management,IC3,IC3,118000.0,118000.0,
TXN-0001238,EMP-0615,2026-04-05,Compensation Change,Merit Increase,Product,Product,Product Management,Product Management,IC3,IC3,118000.0,130000.0,
TXN-0001239,EMP-0616,2021-02-13,Hire,New Hire,,Product,,UX / Design,,IC3,,112000.0,
TXN-0001240,EMP-0616,2022-12-31,Promotion,Merit Promotion,Product,Product,UX / Design,UX / Design,IC3,IC4,112000.0,137000.0,
TXN-0001241,EMP-0617,2019-10-30,Hire,New Hire,,Product,,Product Management,,IC5,,191000.0,
TXN-0001242,EMP-0617,2026-05-20,Compensation Change,Market Adjustment,Product,Product,Product Management,Product Management,IC5,IC5,191000.0,213000.0,
TXN-0001243,EMP-0618,2019-01-14,Hire,New Hire,,Sales,,Enterprise Sales,,IC2,,85000.0,
TXN-0001244,EMP-0619,2018-01-21,Hire,New Hire,,HR,,Learning & Development,,IC4,,145000.0,
TXN-0001245,EMP-0620,2019-08-18,Hire,New Hire,,Finance,,Treasury,,IC2,,81000.0,
TXN-0001246,EMP-0621,2025-11-08,Hire,New Hire,,Engineering,,Security Engineering,,IC2,,90000.0,
TXN-0001247,EMP-0621,2026-05-29,Promotion,Merit Promotion,Engineering,Engineering,Security Engineering,Security Engineering,IC2,IC3,90000.0,108000.0,
TXN-0001248,EMP-0622,2019-06-15,Hire,New Hire,,Finance,,Accounting,,IC1,,61000.0,
TXN-0001249,EMP-0623,2023-12-08,Hire,New Hire,,Finance,,Treasury,,IC1,,79000.0,
TXN-0001250,EMP-0624,2022-11-03,Hire,New Hire,,Sales,,Revenue Operations,,IC1,,67000.0,
TXN-0001251,EMP-0624,2024-08-11,Compensation Change,Market Adjustment,Sales,Sales,Revenue Operations,Revenue Operations,IC1,IC1,67000.0,70000.0,
TXN-0001252,EMP-0624,2025-03-09,Promotion,Merit Promotion,Sales,Sales,Revenue Operations,Revenue Operations,IC1,IC2,70000.0,87000.0,
TXN-0001253,EMP-0625,2025-08-29,Hire,New Hire,,Engineering,,Security Engineering,,IC3,,124000.0,
TXN-0001254,EMP-0625,2025-12-05,Promotion,Merit Promotion,Engineering,Engineering,Security Engineering,Security Engineering,IC3,IC4,124000.0,142000.0,
TXN-0001255,EMP-0625,2026-06-04,Termination,Personal Reasons,,,,,,,,,Voluntary
TXN-0001256,EMP-0626,2021-12-04,Hire,New Hire,,Engineering,,Security Engineering,,IC5,,189000.0,
TXN-0001257,EMP-0626,2023-03-18,Compensation Change,Market Adjustment,Engineering,Engineering,Security Engineering,Security Engineering,IC5,IC5,189000.0,204000.0,
TXN-0001258,EMP-0626,2024-01-04,Compensation Change,Merit Increase,Engineering,Engineering,Security Engineering,Security Engineering,IC5,IC5,204000.0,221000.0,
TXN-0001259,EMP-0627,2020-07-26,Hire,New Hire,,HR,,People Operations,,IC1,,62000.0,
TXN-0001260,EMP-0628,2021-06-11,Hire,New Hire,,Engineering,,Data Engineering,,IC2,,85000.0,
TXN-0001261,EMP-0628,2021-09-01,Promotion,Merit Promotion,Engineering,Engineering,Data Engineering,Data Engineering,IC2,IC3,85000.0,119000.0,
TXN-0001262,EMP-0628,2022-06-10,Termination,Career Move,,,,,,,,,Voluntary
TXN-0001263,EMP-0629,2023-05-18,Hire,New Hire,,Finance,,Accounting,,IC3,,122000.0,
TXN-0001264,EMP-0629,2023-12-08,Transfer,Internal Transfer,Finance,Marketing,Accounting,Demand Generation,IC3,IC3,122000.0,122000.0,
TXN-0001265,EMP-0629,2026-06-05,Termination,Compensation,,,,,,,,,Voluntary
TXN-0001266,EMP-0630,2019-03-15,Hire,New Hire,,Engineering,,QA Engineering,,IC5,,171000.0,
TXN-0001267,EMP-0630,2019-05-15,Compensation Change,Market Adjustment,Engineering,Engineering,QA Engineering,QA Engineering,IC5,IC5,171000.0,187000.0,
TXN-0001268,EMP-0630,2020-02-09,Termination,Compensation,,,,,,,,,Voluntary
TXN-0001269,EMP-0631,2022-01-27,Hire,New Hire,,Engineering,,Security Engineering,,Director,,277000.0,
TXN-0001270,EMP-0631,2023-11-19,Compensation Change,Market Adjustment,Engineering,Engineering,Security Engineering,Security Engineering,Director,Director,277000.0,295000.0,
TXN-0001271,EMP-0632,2022-10-08,Hire,New Hire,,Engineering,,Data Engineering,,IC3,,133000.0,
TXN-0001272,EMP-0632,2025-06-09,Transfer,Internal Transfer,Engineering,Sales,Data Engineering,Account Management,IC3,IC3,133000.0,133000.0,
TXN-0001273,EMP-0632,2025-09-07,Compensation Change,Merit Increase,Sales,Sales,Account Management,Account Management,IC3,IC3,133000.0,143000.0,
TXN-0001274,EMP-0633,2026-04-06,Hire,New Hire,,Finance,,Treasury,,IC2,,94000.0,
TXN-0001275,EMP-0633,2026-05-16,Termination,Career Move,,,,,,,,,Voluntary
TXN-0001276,EMP-0634,2024-02-08,Hire,New Hire,,HR,,Talent Acquisition,,IC1,,70000.0,
TXN-0001277,EMP-0634,2026-03-16,Termination,Personal Reasons,,,,,,,,,Voluntary
TXN-0001278,EMP-0635,2025-11-24,Hire,New Hire,,Engineering,,Software Engineering,,IC1,,69000.0,
TXN-0001279,EMP-0636,2020-07-27,Hire,New Hire,,Finance,,Tax,,IC2,,82000.0,
TXN-0001280,EMP-0636,2023-09-28,Transfer,Internal Transfer,Finance,Sales,Tax,Revenue Operations,IC2,IC2,82000.0,82000.0,
TXN-0001281,EMP-0637,2018-04-12,Hire,New Hire,,Engineering,,Software Engineering,,IC1,,71000.0,
TXN-0001282,EMP-0637,2023-02-19,Compensation Change,Market Adjustment,Engineering,Engineering,Software Engineering,Software Engineering,IC1,IC1,71000.0,77000.0,
TXN-0001283,EMP-0637,2023-11-22,Termination,Personal Reasons,,,,,,,,,Voluntary
TXN-0001284,EMP-0638,2020-03-25,Hire,New Hire,,Finance,,Accounting,,IC1,,72000.0,
TXN-0001285,EMP-0638,2025-03-20,Compensation Change,Merit Increase,Finance,Finance,Accounting,Accounting,IC1,IC1,72000.0,77000.0,
TXN-0001286,EMP-0638,2025-05-29,Transfer,Internal Transfer,Finance,Engineering,Accounting,Infrastructure / DevOps,IC1,IC1,77000.0,77000.0,
TXN-0001287,EMP-0638,2026-02-26,Termination,Career Move,,,,,,,,,Voluntary
TXN-0001288,EMP-0639,2020-12-25,Hire,New Hire,,Engineering,,Security Engineering,,IC3,,117000.0,
TXN-0001289,EMP-0639,2021-09-19,Termination,Compensation,,,,,,,,,Voluntary
TXN-0001290,EMP-0640,2023-06-13,Hire,New Hire,,Marketing,,Product Marketing,,IC2,,83000.0,
TXN-0001291,EMP-0640,2023-11-29,Compensation Change,Market Adjustment,Marketing,Marketing,Product Marketing,Product Marketing,IC2,IC2,83000.0,90000.0,
TXN-0001292,EMP-0641,2021-07-14,Hire,New Hire,,HR,,HR Business Partnering,,Director,,260000.0,
TXN-0001293,EMP-0642,2018-06-05,Hire,New Hire,,Marketing,,Marketing Operations,,IC3,,114000.0,
TXN-0001294,EMP-0642,2025-04-21,Transfer,Internal Transfer,Marketing,HR,Marketing Operations,HR Business Partnering,IC3,IC3,114000.0,114000.0,
TXN-0001295,EMP-0643,2024-08-14,Hire,New Hire,,HR,,People Operations,,IC4,,152000.0,
TXN-0001296,EMP-0644,2022-04-14,Hire,New Hire,,Product,,Product Management,,IC1,,63000.0,
TXN-0001297,EMP-0644,2023-10-04,Promotion,Merit Promotion,Product,Product,Product Management,Product Management,IC1,IC2,63000.0,84000.0,
TXN-0001298,EMP-0645,2020-01-20,Hire,New Hire,,Engineering,,Data Engineering,,M1,,156000.0,
TXN-0001299,EMP-0645,2021-05-30,Compensation Change,Merit Increase,Engineering,Engineering,Data Engineering,Data Engineering,M1,M1,156000.0,167000.0,
TXN-0001300,EMP-0645,2026-02-07,Termination,Performance,,,,,,,,,Involuntary
TXN-0001301,EMP-0646,2022-10-31,Hire,New Hire,,Finance,,Accounting,,IC3,,106000.0,
TXN-0001302,EMP-0646,2023-11-16,Promotion,Merit Promotion,Finance,Finance,Accounting,Accounting,IC3,IC4,106000.0,145000.0,
TXN-0001303,EMP-0647,2025-05-30,Hire,New Hire,,Finance,,Financial Planning & Analysis,,M1,,152000.0,
TXN-0001304,EMP-0647,2026-04-04,Compensation Change,Merit Increase,Finance,Finance,Financial Planning & Analysis,Financial Planning & Analysis,M1,M1,152000.0,167000.0,
TXN-0001305,EMP-0647,2026-05-27,Compensation Change,Market Adjustment,Finance,Finance,Financial Planning & Analysis,Financial Planning & Analysis,M1,M1,167000.0,183000.0,
TXN-0001306,EMP-0648,2019-04-04,Hire,New Hire,,Engineering,,Software Engineering,,IC3,,134000.0,
TXN-0001307,EMP-0648,2022-08-02,Compensation Change,Merit Increase,Engineering,Engineering,Software Engineering,Software Engineering,IC3,IC3,134000.0,144000.0,
TXN-0001308,EMP-0649,2022-06-23,Hire,New Hire,,Product,,UX / Design,,IC3,,114000.0,
TXN-0001309,EMP-0649,2024-07-21,Transfer,Internal Transfer,Product,Legal,UX / Design,Employment Law,IC3,IC3,114000.0,114000.0,
TXN-0001310,EMP-0649,2025-11-13,Compensation Change,Merit Increase,Legal,Legal,Employment Law,Employment Law,IC3,IC3,114000.0,121000.0,
TXN-0001311,EMP-0650,2018-09-10,Hire,New Hire,,Marketing,,Demand Generation,,IC3,,113000.0,
TXN-0001312,EMP-0651,2020-02-13,Hire,New Hire,,Sales,,Revenue Operations,,IC1,,71000.0,
TXN-0001313,EMP-0651,2021-12-20,Transfer,Internal Transfer,Sales,Finance,Revenue Operations,Internal Audit,IC1,IC1,71000.0,71000.0,
TXN-0001314,EMP-0651,2025-10-23,Termination,Compensation,,,,,,,,,Voluntary
TXN-0001315,EMP-0652,2019-09-09,Hire,New Hire,,Legal,,Privacy & Data,,IC1,,75000.0,
TXN-0001316,EMP-0652,2020-04-30,Promotion,Merit Promotion,Legal,Legal,Privacy & Data,Privacy & Data,IC1,IC2,75000.0,95000.0,
TXN-0001317,EMP-0652,2022-12-25,Compensation Change,Merit Increase,Legal,Legal,Privacy & Data,Privacy & Data,IC2,IC2,95000.0,100000.0,
TXN-0001318,EMP-0653,2022-10-01,Hire,New Hire,,Legal,,Corporate Legal,,M3,,214000.0,
TXN-0001319,EMP-0654,2025-10-01,Hire,New Hire,,Sales,,Customer Success,,IC3,,122000.0,
TXN-0001320,EMP-0654,2026-03-28,Compensation Change,Market Adjustment,Sales,Sales,Customer Success,Customer Success,IC3,IC3,122000.0,134000.0,
TXN-0001321,EMP-0654,2026-05-20,Promotion,Merit Promotion,Sales,Sales,Customer Success,Customer Success,IC3,IC4,134000.0,136000.0,
TXN-0001322,EMP-0655,2022-09-24,Hire,New Hire,,Product,,Product Operations,,M1,,152000.0,
TXN-0001323,EMP-0655,2026-03-29,Transfer,Internal Transfer,Product,HR,Product Operations,People Operations,M1,M1,152000.0,152000.0,
TXN-0001324,EMP-0655,2026-06-23,Termination,Compensation,,,,,,,,,Voluntary
TXN-0001325,EMP-0656,2021-10-16,Hire,New Hire,,Engineering,,Software Engineering,,IC2,,90000.0,
TXN-0001326,EMP-0657,2021-02-01,Hire,New Hire,,Engineering,,Infrastructure / DevOps,,IC1,,71000.0,
TXN-0001327,EMP-0657,2022-08-29,Transfer,Internal Transfer,Engineering,Marketing,Infrastructure / DevOps,Marketing Operations,IC1,IC1,71000.0,71000.0,
TXN-0001328,EMP-0657,2025-03-08,Termination,Personal Reasons,,,,,,,,,Voluntary
TXN-0001329,EMP-0658,2022-06-07,Hire,New Hire,,Product,,UX / Design,,IC4,,139000.0,
TXN-0001330,EMP-0658,2022-11-13,Termination,Career Move,,,,,,,,,Voluntary
TXN-0001331,EMP-0659,2020-05-28,Hire,New Hire,,Finance,,Financial Planning & Analysis,,IC1,,72000.0,
TXN-0001332,EMP-0659,2022-04-26,Compensation Change,Market Adjustment,Finance,Finance,Financial Planning & Analysis,Financial Planning & Analysis,IC1,IC1,72000.0,80000.0,
TXN-0001333,EMP-0659,2023-08-05,Termination,Personal Reasons,,,,,,,,,Voluntary
TXN-0001334,EMP-0660,2018-01-02,Hire,New Hire,,Marketing,,Brand,,IC1,,64000.0,
TXN-0001335,EMP-0660,2022-07-30,Transfer,Internal Transfer,Marketing,Legal,Brand,Corporate Legal,IC1,IC1,64000.0,64000.0,
TXN-0001336,EMP-0661,2021-02-14,Hire,New Hire,,Finance,,Tax,,IC3,,120000.0,
TXN-0001337,EMP-0661,2026-02-05,Promotion,Merit Promotion,Finance,Finance,Tax,Tax,IC3,IC4,120000.0,142000.0,
TXN-0001338,EMP-0661,2026-05-18,Termination,Career Move,,,,,,,,,Voluntary
TXN-0001339,EMP-0662,2023-04-10,Hire,New Hire,,Marketing,,Product Marketing,,IC2,,102000.0,
TXN-0001340,EMP-0662,2026-05-16,Compensation Change,Merit Increase,Marketing,Marketing,Product Marketing,Product Marketing,IC2,IC2,102000.0,110000.0,
TXN-0001341,EMP-0663,2026-03-07,Hire,New Hire,,HR,,Talent Acquisition,,VP,,367000.0,
TXN-0001342,EMP-0664,2023-10-19,Hire,New Hire,,Product,,Product Management,,IC1,,76000.0,
TXN-0001343,EMP-0664,2024-08-15,Transfer,Internal Transfer,Product,Marketing,Product Management,Marketing Operations,IC1,IC1,76000.0,76000.0,
TXN-0001344,EMP-0665,2025-11-02,Hire,New Hire,,Finance,,Internal Audit,,IC5,,174000.0,
TXN-0001345,EMP-0665,2026-02-19,Compensation Change,Market Adjustment,Finance,Finance,Internal Audit,Internal Audit,IC5,IC5,174000.0,193000.0,
TXN-0001346,EMP-0666,2020-12-05,Hire,New Hire,,Sales,,Enterprise Sales,,IC4,,155000.0,
TXN-0001347,EMP-0666,2022-01-08,Promotion,Merit Promotion,Sales,Sales,Enterprise Sales,Enterprise Sales,IC4,IC5,155000.0,184000.0,
TXN-0001348,EMP-0667,2022-01-19,Hire,New Hire,,Product,,Product Management,,IC5,,184000.0,
TXN-0001349,EMP-0667,2025-12-17,Termination,Performance,,,,,,,,,Involuntary
TXN-0001350,EMP-0668,2024-09-07,Hire,New Hire,,Finance,,Internal Audit,,IC2,,99000.0,
TXN-0001351,EMP-0669,2025-04-06,Hire,New Hire,,Legal,,Employment Law,,IC3,,108000.0,
TXN-0001352,EMP-0669,2025-05-09,Promotion,Merit Promotion,Legal,Legal,Employment Law,Employment Law,IC3,IC4,108000.0,150000.0,
TXN-0001353,EMP-0670,2021-05-18,Hire,New Hire,,Engineering,,Data Engineering,,IC3,,114000.0,
TXN-0001354,EMP-0670,2023-07-25,Compensation Change,Market Adjustment,Engineering,Engineering,Data Engineering,Data Engineering,IC3,IC3,114000.0,120000.0,
TXN-0001355,EMP-0670,2026-01-23,Transfer,Internal Transfer,Engineering,Sales,Data Engineering,Enterprise Sales,IC3,IC3,120000.0,120000.0,
TXN-0001356,EMP-0671,2018-02-28,Hire,New Hire,,Engineering,,QA Engineering,,IC3,,114000.0,
TXN-0001357,EMP-0671,2018-07-27,Compensation Change,Market Adjustment,Engineering,Engineering,QA Engineering,QA Engineering,IC3,IC3,114000.0,125000.0,
TXN-0001358,EMP-0672,2020-06-23,Hire,New Hire,,HR,,HR Business Partnering,,M1,,157000.0,
TXN-0001359,EMP-0672,2024-09-13,Compensation Change,Market Adjustment,HR,HR,HR Business Partnering,HR Business Partnering,M1,M1,157000.0,167000.0,
TXN-0001360,EMP-0672,2025-02-23,Compensation Change,Market Adjustment,HR,HR,HR Business Partnering,HR Business Partnering,M1,M1,167000.0,175000.0,
TXN-0001361,EMP-0673,2021-03-30,Hire,New Hire,,Engineering,,Software Engineering,,VP,,291000.0,
TXN-0001362,EMP-0673,2021-05-17,Compensation Change,Merit Increase,Engineering,Engineering,Software Engineering,Software Engineering,VP,VP,291000.0,317000.0,
TXN-0001363,EMP-0673,2026-04-03,Compensation Change,Market Adjustment,Engineering,Engineering,Software Engineering,Software Engineering,VP,VP,317000.0,332000.0,
TXN-0001364,EMP-0674,2023-01-26,Hire,New Hire,,Engineering,,Security Engineering,,IC2,,104000.0,
TXN-0001365,EMP-0675,2018-10-03,Hire,New Hire,,Sales,,Revenue Operations,,IC4,,136000.0,
TXN-0001366,EMP-0676,2023-08-24,Hire,New Hire,,Sales,,Enterprise Sales,,IC4,,148000.0,
TXN-0001367,EMP-0676,2026-06-21,Transfer,Internal Transfer,Sales,Engineering,Enterprise Sales,Security Engineering,IC4,IC4,148000.0,148000.0,
TXN-0001368,EMP-0677,2023-05-25,Hire,New Hire,,Sales,,Revenue Operations,,IC5,,195000.0,
TXN-0001369,EMP-0677,2025-06-26,Transfer,Internal Transfer,Sales,Engineering,Revenue Operations,QA Engineering,IC5,IC5,195000.0,195000.0,
TXN-0001370,EMP-0678,2022-08-01,Hire,New Hire,,Product,,UX / Design,,M3,,234000.0,
TXN-0001371,EMP-0678,2023-10-22,Termination,Career Move,,,,,,,,,Voluntary
TXN-0001372,EMP-0679,2026-04-01,Hire,New Hire,,Engineering,,Security Engineering,,IC2,,89000.0,
TXN-0001373,EMP-0680,2023-12-21,Hire,New Hire,,Product,,Product Management,,IC2,,92000.0,
TXN-0001374,EMP-0680,2025-06-29,Promotion,Merit Promotion,Product,Product,Product Management,Product Management,IC2,IC3,92000.0,109000.0,
TXN-0001375,EMP-0680,2026-05-10,Compensation Change,Market Adjustment,Product,Product,Product Management,Product Management,IC3,IC3,109000.0,115000.0,
TXN-0001376,EMP-0681,2022-01-22,Hire,New Hire,,Engineering,,QA Engineering,,IC4,,136000.0,
TXN-0001377,EMP-0681,2025-10-18,Transfer,Internal Transfer,Engineering,Legal,QA Engineering,Employment Law,IC4,IC4,136000.0,136000.0,
TXN-0001378,EMP-0682,2018-11-11,Hire,New Hire,,Sales,,Account Management,,IC1,,63000.0,
TXN-0001379,EMP-0683,2026-04-05,Hire,New Hire,,HR,,People Operations,,IC1,,74000.0,
TXN-0001380,EMP-0684,2022-06-19,Hire,New Hire,,Engineering,,Data Engineering,,IC1,,65000.0,
TXN-0001381,EMP-0684,2022-09-19,Promotion,Merit Promotion,Engineering,Engineering,Data Engineering,Data Engineering,IC1,IC2,65000.0,101000.0,
TXN-0001382,EMP-0685,2025-09-07,Hire,New Hire,,Engineering,,Data Engineering,,IC1,,76000.0,
TXN-0001383,EMP-0685,2025-11-10,Compensation Change,Merit Increase,Engineering,Engineering,Data Engineering,Data Engineering,IC1,IC1,76000.0,81000.0,
TXN-0001384,EMP-0686,2020-11-10,Hire,New Hire,,Sales,,Enterprise Sales,,IC3,,126000.0,
TXN-0001385,EMP-0686,2022-10-06,Compensation Change,Merit Increase,Sales,Sales,Enterprise Sales,Enterprise Sales,IC3,IC3,126000.0,135000.0,
TXN-0001386,EMP-0686,2024-05-04,Compensation Change,Merit Increase,Sales,Sales,Enterprise Sales,Enterprise Sales,IC3,IC3,135000.0,142000.0,
TXN-0001387,EMP-0687,2018-02-18,Hire,New Hire,,Engineering,,Software Engineering,,IC3,,131000.0,
TXN-0001388,EMP-0687,2026-03-27,Compensation Change,Market Adjustment,Engineering,Engineering,Software Engineering,Software Engineering,IC3,IC3,131000.0,140000.0,
TXN-0001389,EMP-0688,2018-10-02,Hire,New Hire,,Marketing,,Product Marketing,,IC2,,89000.0,
TXN-0001390,EMP-0688,2021-10-07,Promotion,Merit Promotion,Marketing,Marketing,Product Marketing,Product Marketing,IC2,IC3,89000.0,107000.0,
TXN-0001391,EMP-0688,2024-10-29,Promotion,Merit Promotion,Marketing,Marketing,Product Marketing,Product Marketing,IC3,IC4,107000.0,148000.0,
TXN-0001392,EMP-0689,2018-09-28,Hire,New Hire,,Product,,UX / Design,,IC2,,95000.0,
TXN-0001393,EMP-0690,2026-02-21,Hire,New Hire,,Product,,Product Operations,,IC4,,143000.0,
TXN-0001394,EMP-0690,2026-05-27,Compensation Change,Market Adjustment,Product,Product,Product Operations,Product Operations,IC4,IC4,143000.0,159000.0,
TXN-0001395,EMP-0690,2026-06-29,Compensation Change,Merit Increase,Product,Product,Product Operations,Product Operations,IC4,IC4,159000.0,171000.0,
TXN-0001396,EMP-0691,2025-09-29,Hire,New Hire,,Sales,,Customer Success,,IC4,,137000.0,
TXN-0001397,EMP-0692,2021-01-28,Hire,New Hire,,Product,,UX / Design,,IC3,,125000.0,
TXN-0001398,EMP-0692,2024-07-06,Transfer,Internal Transfer,Product,Finance,UX / Design,Tax,IC3,IC3,125000.0,125000.0,
TXN-0001399,EMP-0692,2024-12-18,Compensation Change,Merit Increase,Finance,Finance,Tax,Tax,IC3,IC3,125000.0,138000.0,
TXN-0001400,EMP-0693,2019-10-29,Hire,New Hire,,Sales,,Customer Success,,IC4,,141000.0,
TXN-0001401,EMP-0693,2026-01-26,Transfer,Internal Transfer,Sales,Finance,Customer Success,Accounting,IC4,IC4,141000.0,141000.0,
TXN-0001402,EMP-0693,2026-05-08,Promotion,Merit Promotion,Finance,Finance,Accounting,Accounting,IC4,IC5,141000.0,166000.0,
TXN-0001403,EMP-0694,2018-07-22,Hire,New Hire,,Finance,,Internal Audit,,M2,,184000.0,
TXN-0001404,EMP-0695,2019-12-21,Hire,New Hire,,Sales,,Account Management,,IC5,,161000.0,
TXN-0001405,EMP-0696,2023-09-12,Hire,New Hire,,Engineering,,Infrastructure / DevOps,,IC4,,152000.0,
TXN-0001406,EMP-0696,2023-10-23,Transfer,Internal Transfer,Engineering,HR,Infrastructure / DevOps,HR Business Partnering,IC4,IC4,152000.0,152000.0,
TXN-0001407,EMP-0697,2021-03-28,Hire,New Hire,,Engineering,,Software Engineering,,IC4,,158000.0,
TXN-0001408,EMP-0697,2024-11-30,Compensation Change,Merit Increase,Engineering,Engineering,Software Engineering,Software Engineering,IC4,IC4,158000.0,171000.0,
TXN-0001409,EMP-0698,2021-02-05,Hire,New Hire,,Engineering,,Security Engineering,,M3,,231000.0,
TXN-0001410,EMP-0699,2024-08-08,Hire,New Hire,,Sales,,Enterprise Sales,,IC3,,130000.0,
TXN-0001411,EMP-0699,2024-09-24,Transfer,Internal Transfer,Sales,Finance,Enterprise Sales,Accounting,IC3,IC3,130000.0,130000.0,
TXN-0001412,EMP-0700,2021-02-16,Hire,New Hire,,Sales,,Enterprise Sales,,IC3,,134000.0,
TXN-0001413,EMP-0701,2022-11-21,Hire,New Hire,,Sales,,Revenue Operations,,IC4,,159000.0,
TXN-0001414,EMP-0702,2022-02-28,Hire,New Hire,,Engineering,,QA Engineering,,M2,,195000.0,
TXN-0001415,EMP-0702,2023-10-28,Compensation Change,Market Adjustment,Engineering,Engineering,QA Engineering,QA Engineering,M2,M2,195000.0,209000.0,
TXN-0001416,EMP-0702,2024-03-08,Transfer,Internal Transfer,Engineering,Marketing,QA Engineering,Brand,M2,M2,209000.0,209000.0,
TXN-0001417,EMP-0703,2023-11-12,Hire,New Hire,,Engineering,,Infrastructure / DevOps,,M1,,131000.0,
TXN-0001418,EMP-0703,2024-10-08,Compensation Change,Market Adjustment,Engineering,Engineering,Infrastructure / DevOps,Infrastructure / DevOps,M1,M1,131000.0,139000.0,
TXN-0001419,EMP-0703,2026-02-20,Termination,Performance,,,,,,,,,Involuntary
TXN-0001420,EMP-0704,2024-01-21,Hire,New Hire,,Engineering,,Security Engineering,,IC1,,71000.0,
TXN-0001421,EMP-0704,2026-01-18,Compensation Change,Merit Increase,Engineering,Engineering,Security Engineering,Security Engineering,IC1,IC1,71000.0,76000.0,
TXN-0001422,EMP-0705,2022-02-28,Hire,New Hire,,Sales,,Customer Success,,IC1,,69000.0,
TXN-0001423,EMP-0705,2022-05-16,Compensation Change,Merit Increase,Sales,Sales,Customer Success,Customer Success,IC1,IC1,69000.0,73000.0,
TXN-0001424,EMP-0705,2022-12-10,Promotion,Merit Promotion,Sales,Sales,Customer Success,Customer Success,IC1,IC2,73000.0,102000.0,
TXN-0001425,EMP-0706,2022-01-08,Hire,New Hire,,Sales,,Revenue Operations,,IC2,,101000.0,
TXN-0001426,EMP-0706,2022-07-18,Termination,Career Move,,,,,,,,,Voluntary
TXN-0001427,EMP-0707,2024-05-30,Hire,New Hire,,Engineering,,QA Engineering,,IC5,,193000.0,
TXN-0001428,EMP-0707,2024-10-27,Transfer,Internal Transfer,Engineering,Finance,QA Engineering,Tax,IC5,IC5,193000.0,193000.0,
TXN-0001429,EMP-0708,2019-07-20,Hire,New Hire,,Finance,,Treasury,,IC3,,114000.0,
TXN-0001430,EMP-0708,2025-10-24,Promotion,Merit Promotion,Finance,Finance,Treasury,Treasury,IC3,IC4,114000.0,137000.0,
TXN-0001431,EMP-0709,2022-07-08,Hire,New Hire,,Sales,,Sales Development,,IC2,,91000.0,
TXN-0001432,EMP-0710,2023-01-15,Hire,New Hire,,Legal,,Corporate Legal,,IC1,,76000.0,
TXN-0001433,EMP-0710,2024-08-12,Compensation Change,Market Adjustment,Legal,Legal,Corporate Legal,Corporate Legal,IC1,IC1,76000.0,79000.0,
TXN-0001434,EMP-0711,2022-03-08,Hire,New Hire,,Finance,,Treasury,,IC4,,156000.0,
TXN-0001435,EMP-0712,2019-06-02,Hire,New Hire,,Legal,,Compliance,,IC4,,147000.0,
TXN-0001436,EMP-0713,2020-06-18,Hire,New Hire,,Engineering,,QA Engineering,,M3,,216000.0,
TXN-0001437,EMP-0714,2023-04-10,Hire,New Hire,,Product,,Product Management,,IC3,,120000.0,
TXN-0001438,EMP-0714,2024-12-03,Promotion,Merit Promotion,Product,Product,Product Management,Product Management,IC3,IC4,120000.0,137000.0,
TXN-0001439,EMP-0714,2026-06-18,Compensation Change,Merit Increase,Product,Product,Product Management,Product Management,IC4,IC4,137000.0,152000.0,
TXN-0001440,EMP-0715,2020-12-08,Hire,New Hire,,Sales,,Revenue Operations,,IC3,,112000.0,
TXN-0001441,EMP-0715,2026-03-14,Compensation Change,Merit Increase,Sales,Sales,Revenue Operations,Revenue Operations,IC3,IC3,112000.0,123000.0,
TXN-0001442,EMP-0715,2026-06-13,Promotion,Merit Promotion,Sales,Sales,Revenue Operations,Revenue Operations,IC3,IC4,123000.0,155000.0,
TXN-0001443,EMP-0716,2025-03-12,Hire,New Hire,,Marketing,,Demand Generation,,IC1,,62000.0,
TXN-0001444,EMP-0716,2026-05-29,Promotion,Merit Promotion,Marketing,Marketing,Demand Generation,Demand Generation,IC1,IC2,62000.0,100000.0,
TXN-0001445,EMP-0716,2026-06-28,Transfer,Internal Transfer,Marketing,HR,Demand Generation,Talent Acquisition,IC2,IC2,100000.0,100000.0,
TXN-0001446,EMP-0717,2022-01-25,Hire,New Hire,,Product,,Product Management,,IC1,,79000.0,
TXN-0001447,EMP-0717,2024-09-27,Termination,Personal Reasons,,,,,,,,,Voluntary
TXN-0001448,EMP-0718,2024-08-28,Hire,New Hire,,Product,,UX / Design,,IC3,,125000.0,
TXN-0001449,EMP-0718,2024-12-24,Compensation Change,Market Adjustment,Product,Product,UX / Design,UX / Design,IC3,IC3,125000.0,135000.0,
TXN-0001450,EMP-0718,2025-12-24,Compensation Change,Merit Increase,Product,Product,UX / Design,UX / Design,IC3,IC3,135000.0,142000.0,
TXN-0001451,EMP-0719,2023-11-08,Hire,New Hire,,Legal,,Privacy & Data,,IC2,,90000.0,
TXN-0001452,EMP-0720,2021-02-16,Hire,New Hire,,HR,,People Operations,,IC2,,99000.0,
TXN-0001453,EMP-0720,2024-02-05,Compensation Change,Merit Increase,HR,HR,People Operations,People Operations,IC2,IC2,99000.0,111000.0,
TXN-0001454,EMP-0721,2024-01-15,Hire,New Hire,,Sales,,Account Management,,IC1,,64000.0,
TXN-0001455,EMP-0721,2026-04-17,Termination,Compensation,,,,,,,,,Voluntary
TXN-0001456,EMP-0722,2022-07-10,Hire,New Hire,,Marketing,,Content Marketing,,Director,,261000.0,
TXN-0001457,EMP-0722,2024-08-15,Transfer,Internal Transfer,Marketing,Finance,Content Marketing,Accounting,Director,Director,261000.0,261000.0,
TXN-0001458,EMP-0722,2025-02-16,Transfer,Internal Transfer,Finance,Engineering,Accounting,Security Engineering,Director,Director,261000.0,261000.0,
TXN-0001459,EMP-0723,2022-11-19,Hire,New Hire,,Legal,,Corporate Legal,,M1,,156000.0,
TXN-0001460,EMP-0723,2024-05-16,Compensation Change,Merit Increase,Legal,Legal,Corporate Legal,Corporate Legal,M1,M1,156000.0,174000.0,
TXN-0001461,EMP-0724,2019-12-26,Hire,New Hire,,Sales,,Enterprise Sales,,IC3,,129000.0,
TXN-0001462,EMP-0724,2023-05-29,Transfer,Internal Transfer,Sales,Product,Enterprise Sales,Product Operations,IC3,IC3,129000.0,129000.0,
TXN-0001463,EMP-0724,2025-05-12,Promotion,Merit Promotion,Product,Product,Product Operations,Product Operations,IC3,IC4,129000.0,155000.0,
TXN-0001464,EMP-0725,2025-11-26,Hire,New Hire,,Sales,,Account Management,,M3,,216000.0,
TXN-0001465,EMP-0725,2026-02-04,Compensation Change,Merit Increase,Sales,Sales,Account Management,Account Management,M3,M3,216000.0,226000.0,
TXN-0001466,EMP-0725,2026-05-21,Compensation Change,Market Adjustment,Sales,Sales,Account Management,Account Management,M3,M3,226000.0,252000.0,
TXN-0001467,EMP-0725,2026-06-27,Termination,Personal Reasons,,,,,,,,,Voluntary
TXN-0001468,EMP-0726,2026-03-12,Hire,New Hire,,Engineering,,Software Engineering,,VP,,347000.0,
TXN-0001469,EMP-0726,2026-06-14,Termination,Performance,,,,,,,,,Involuntary
TXN-0001470,EMP-0727,2024-09-27,Hire,New Hire,,Marketing,,Demand Generation,,IC4,,139000.0,
TXN-0001471,EMP-0727,2025-04-26,Promotion,Merit Promotion,Marketing,Marketing,Demand Generation,Demand Generation,IC4,IC5,139000.0,161000.0,
TXN-0001472,EMP-0728,2022-02-28,Hire,New Hire,,Finance,,Accounting,,IC2,,88000.0,
TXN-0001473,EMP-0728,2022-03-31,Compensation Change,Merit Increase,Finance,Finance,Accounting,Accounting,IC2,IC2,88000.0,96000.0,
TXN-0001474,EMP-0729,2021-07-09,Hire,New Hire,,Sales,,Customer Success,,IC1,,67000.0,
TXN-0001475,EMP-0729,2025-07-10,Compensation Change,Merit Increase,Sales,Sales,Customer Success,Customer Success,IC1,IC1,67000.0,69000.0,
TXN-0001476,EMP-0730,2026-01-25,Hire,New Hire,,Finance,,Accounting,,IC5,,192000.0,
TXN-0001477,EMP-0730,2026-04-21,Compensation Change,Merit Increase,Finance,Finance,Accounting,Accounting,IC5,IC5,192000.0,208000.0,
TXN-0001478,EMP-0731,2018-06-29,Hire,New Hire,,Sales,,Revenue Operations,,IC3,,108000.0,
TXN-0001479,EMP-0731,2019-02-16,Compensation Change,Market Adjustment,Sales,Sales,Revenue Operations,Revenue Operations,IC3,IC3,108000.0,118000.0,
TXN-0001480,EMP-0732,2020-08-02,Hire,New Hire,,Engineering,,Software Engineering,,IC4,,136000.0,
TXN-0001481,EMP-0733,2026-02-02,Hire,New Hire,,Marketing,,Demand Generation,,M2,,172000.0,
TXN-0001482,EMP-0733,2026-03-31,Termination,Compensation,,,,,,,,,Voluntary
TXN-0001483,EMP-0734,2024-11-10,Hire,New Hire,,Engineering,,QA Engineering,,IC1,,61000.0,
TXN-0001484,EMP-0734,2025-11-19,Compensation Change,Merit Increase,Engineering,Engineering,QA Engineering,QA Engineering,IC1,IC1,61000.0,66000.0,
TXN-0001485,EMP-0734,2026-05-07,Transfer,Internal Transfer,Engineering,Product,QA Engineering,UX / Design,IC1,IC1,66000.0,66000.0,
TXN-0001486,EMP-0735,2018-07-07,Hire,New Hire,,Sales,,Enterprise Sales,,IC3,,117000.0,
TXN-0001487,EMP-0735,2018-09-28,Compensation Change,Market Adjustment,Sales,Sales,Enterprise Sales,Enterprise Sales,IC3,IC3,117000.0,125000.0,
TXN-0001488,EMP-0735,2024-12-17,Promotion,Merit Promotion,Sales,Sales,Enterprise Sales,Enterprise Sales,IC3,IC4,125000.0,149000.0,
TXN-0001489,EMP-0736,2023-05-10,Hire,New Hire,,Legal,,Compliance,,IC4,,136000.0,
TXN-0001490,EMP-0737,2026-01-14,Hire,New Hire,,Engineering,,Data Engineering,,IC3,,125000.0,
TXN-0001491,EMP-0737,2026-05-19,Compensation Change,Market Adjustment,Engineering,Engineering,Data Engineering,Data Engineering,IC3,IC3,125000.0,129000.0,
TXN-0001492,EMP-0737,2026-06-25,Transfer,Internal Transfer,Engineering,Product,Data Engineering,UX / Design,IC3,IC3,129000.0,129000.0,
TXN-0001493,EMP-0738,2025-02-05,Hire,New Hire,,Legal,,Compliance,,IC1,,77000.0,
TXN-0001494,EMP-0739,2020-01-23,Hire,New Hire,,Sales,,Enterprise Sales,,IC2,,83000.0,
TXN-0001495,EMP-0740,2025-11-17,Hire,New Hire,,Engineering,,Data Engineering,,IC2,,85000.0,
TXN-0001496,EMP-0741,2024-05-29,Hire,New Hire,,Engineering,,Software Engineering,,IC4,,151000.0,
TXN-0001497,EMP-0742,2024-01-25,Hire,New Hire,,HR,,Learning & Development,,M1,,162000.0,
TXN-0001498,EMP-0742,2024-05-24,Transfer,Internal Transfer,HR,Finance,Learning & Development,Accounting,M1,M1,162000.0,162000.0,
TXN-0001499,EMP-0742,2026-03-16,Compensation Change,Market Adjustment,Finance,Finance,Accounting,Accounting,M1,M1,162000.0,171000.0,
TXN-0001500,EMP-0743,2023-02-13,Hire,New Hire,,Finance,,Tax,,IC2,,99000.0,
TXN-0001501,EMP-0743,2026-05-16,Compensation Change,Market Adjustment,Finance,Finance,Tax,Tax,IC2,IC2,99000.0,103000.0,
TXN-0001502,EMP-0744,2022-06-07,Hire,New Hire,,Marketing,,Demand Generation,,IC4,,141000.0,
TXN-0001503,EMP-0744,2026-05-28,Termination,Personal Reasons,,,,,,,,,Voluntary
TXN-0001504,EMP-0745,2021-12-19,Hire,New Hire,,Sales,,Customer Success,,IC2,,85000.0,
TXN-0001505,EMP-0745,2022-10-03,Promotion,Merit Promotion,Sales,Sales,Customer Success,Customer Success,IC2,IC3,85000.0,118000.0,
TXN-0001506,EMP-0745,2024-10-07,Termination,Performance,,,,,,,,,Involuntary
TXN-0001507,EMP-0746,2026-01-02,Hire,New Hire,,Engineering,,Infrastructure / DevOps,,M3,,200000.0,
TXN-0001508,EMP-0746,2026-03-16,Compensation Change,Merit Increase,Engineering,Engineering,Infrastructure / DevOps,Infrastructure / DevOps,M3,M3,200000.0,222000.0,
TXN-0001509,EMP-0747,2023-06-26,Hire,New Hire,,Sales,,Account Management,,M1,,154000.0,
TXN-0001510,EMP-0747,2024-10-01,Transfer,Internal Transfer,Sales,HR,Account Management,Learning & Development,M1,M1,154000.0,154000.0,
TXN-0001511,EMP-0748,2021-07-05,Hire,New Hire,,HR,,Learning & Development,,IC3,,127000.0,
TXN-0001512,EMP-0749,2018-07-02,Hire,New Hire,,Legal,,Corporate Legal,,IC3,,128000.0,
TXN-0001513,EMP-0749,2026-06-04,Compensation Change,Market Adjustment,Legal,Legal,Corporate Legal,Corporate Legal,IC3,IC3,128000.0,134000.0,
TXN-0001514,EMP-0750,2019-09-26,Hire,New Hire,,Finance,,Internal Audit,,IC2,,103000.0,
TXN-0001515,EMP-0751,2018-08-07,Hire,New Hire,,Product,,Product Operations,,IC2,,82000.0,
TXN-0001516,EMP-0751,2024-11-10,Termination,Personal Reasons,,,,,,,,,Voluntary
TXN-0001517,EMP-0752,2024-01-08,Hire,New Hire,,Marketing,,Content Marketing,,Director,,258000.0,
TXN-0001518,EMP-0753,2021-02-10,Hire,New Hire,,HR,,Total Rewards,,IC2,,92000.0,
TXN-0001519,EMP-0753,2024-02-19,Compensation Change,Market Adjustment,HR,HR,Total Rewards,Total Rewards,IC2,IC2,92000.0,95000.0,
TXN-0001520,EMP-0754,2025-12-20,Hire,New Hire,,Engineering,,Data Engineering,,IC3,,126000.0,
TXN-0001521,EMP-0755,2018-07-27,Hire,New Hire,,Sales,,Enterprise Sales,,VP,,374000.0,
TXN-0001522,EMP-0755,2024-03-26,Transfer,Internal Transfer,Sales,Product,Enterprise Sales,Product Operations,VP,VP,374000.0,374000.0,
TXN-0001523,EMP-0756,2026-01-19,Hire,New Hire,,Sales,,Sales Development,,IC4,,136000.0,
TXN-0001524,EMP-0756,2026-04-23,Termination,Career Move,,,,,,,,,Voluntary
TXN-0001525,EMP-0757,2025-08-26,Hire,New Hire,,Engineering,,Software Engineering,,IC3,,115000.0,
TXN-0001526,EMP-0757,2026-03-26,Transfer,Internal Transfer,Engineering,Marketing,Software Engineering,Demand Generation,IC3,IC3,115000.0,115000.0,
TXN-0001527,EMP-0758,2018-10-18,Hire,New Hire,,Engineering,,Software Engineering,,IC2,,96000.0,
TXN-0001528,EMP-0758,2019-09-16,Transfer,Internal Transfer,Engineering,Finance,Software Engineering,Internal Audit,IC2,IC2,96000.0,96000.0,
TXN-0001529,EMP-0758,2021-07-28,Compensation Change,Merit Increase,Finance,Finance,Internal Audit,Internal Audit,IC2,IC2,96000.0,107000.0,
TXN-0001530,EMP-0758,2026-01-21,Termination,Career Move,,,,,,,,,Voluntary
TXN-0001531,EMP-0759,2026-04-27,Hire,New Hire,,Finance,,Internal Audit,,IC1,,76000.0,
TXN-0001532,EMP-0760,2020-04-11,Hire,New Hire,,Product,,Product Management,,IC2,,90000.0,
TXN-0001533,EMP-0760,2025-01-15,Compensation Change,Market Adjustment,Product,Product,Product Management,Product Management,IC2,IC2,90000.0,100000.0,
TXN-0001534,EMP-0760,2026-06-17,Compensation Change,Market Adjustment,Product,Product,Product Management,Product Management,IC2,IC2,100000.0,111000.0,
TXN-0001535,EMP-0761,2022-06-02,Hire,New Hire,,Product,,Product Management,,IC5,,163000.0,
TXN-0001536,EMP-0762,2020-11-09,Hire,New Hire,,Engineering,,QA Engineering,,IC4,,151000.0,
TXN-0001537,EMP-0762,2024-04-30,Compensation Change,Market Adjustment,Engineering,Engineering,QA Engineering,QA Engineering,IC4,IC4,151000.0,165000.0,
TXN-0001538,EMP-0763,2021-05-23,Hire,New Hire,,Engineering,,Infrastructure / DevOps,,IC5,,173000.0,
TXN-0001539,EMP-0764,2019-04-27,Hire,New Hire,,Sales,,Account Management,,IC2,,87000.0,
TXN-0001540,EMP-0765,2021-11-08,Hire,New Hire,,Product,,Product Operations,,IC3,,122000.0,
TXN-0001541,EMP-0765,2024-10-24,Compensation Change,Market Adjustment,Product,Product,Product Operations,Product Operations,IC3,IC3,122000.0,136000.0,
TXN-0001542,EMP-0766,2024-08-30,Hire,New Hire,,Sales,,Customer Success,,M2,,168000.0,
TXN-0001543,EMP-0766,2024-12-24,Compensation Change,Market Adjustment,Sales,Sales,Customer Success,Customer Success,M2,M2,168000.0,182000.0,
TXN-0001544,EMP-0767,2020-04-03,Hire,New Hire,,Engineering,,Infrastructure / DevOps,,IC3,,115000.0,
TXN-0001545,EMP-0767,2025-07-03,Compensation Change,Market Adjustment,Engineering,Engineering,Infrastructure / DevOps,Infrastructure / DevOps,IC3,IC3,115000.0,120000.0,
TXN-0001546,EMP-0767,2025-08-31,Transfer,Internal Transfer,Engineering,Product,Infrastructure / DevOps,Product Management,IC3,IC3,120000.0,120000.0,
TXN-0001547,EMP-0768,2018-05-23,Hire,New Hire,,HR,,HR Business Partnering,,IC4,,137000.0,
TXN-0001548,EMP-0768,2018-10-14,Transfer,Internal Transfer,HR,Legal,HR Business Partnering,Compliance,IC4,IC4,137000.0,137000.0,
TXN-0001549,EMP-0769,2026-02-28,Hire,New Hire,,Sales,,Revenue Operations,,IC1,,78000.0,
TXN-0001550,EMP-0769,2026-06-13,Compensation Change,Market Adjustment,Sales,Sales,Revenue Operations,Revenue Operations,IC1,IC1,78000.0,85000.0,
TXN-0001551,EMP-0770,2025-02-16,Hire,New Hire,,Product,,UX / Design,,Director,,277000.0,
TXN-0001552,EMP-0770,2026-05-30,Compensation Change,Market Adjustment,Product,Product,UX / Design,UX / Design,Director,Director,277000.0,295000.0,
TXN-0001553,EMP-0771,2018-09-18,Hire,New Hire,,Product,,UX / Design,,IC4,,140000.0,
TXN-0001554,EMP-0771,2024-10-19,Compensation Change,Market Adjustment,Product,Product,UX / Design,UX / Design,IC4,IC4,140000.0,144000.0,
TXN-0001555,EMP-0772,2024-12-07,Hire,New Hire,,Finance,,Tax,,IC2,,93000.0,
TXN-0001556,EMP-0773,2022-03-01,Hire,New Hire,,Product,,Product Operations,,IC1,,68000.0,
TXN-0001557,EMP-0773,2022-04-27,Transfer,Internal Transfer,Product,HR,Product Operations,HR Business Partnering,IC1,IC1,68000.0,68000.0,
TXN-0001558,EMP-0773,2026-06-04,Compensation Change,Merit Increase,HR,HR,HR Business Partnering,HR Business Partnering,IC1,IC1,68000.0,71000.0,
TXN-0001559,EMP-0774,2021-03-17,Hire,New Hire,,HR,,Talent Acquisition,,IC3,,135000.0,
TXN-0001560,EMP-0775,2022-08-29,Hire,New Hire,,Engineering,,Software Engineering,,IC3,,114000.0,
TXN-0001561,EMP-0776,2020-06-20,Hire,New Hire,,Marketing,,Product Marketing,,IC1,,65000.0,
TXN-0001562,EMP-0776,2021-12-01,Transfer,Internal Transfer,Marketing,Finance,Product Marketing,Tax,IC1,IC1,65000.0,65000.0,
TXN-0001563,EMP-0776,2022-09-03,Termination,Compensation,,,,,,,,,Voluntary
TXN-0001564,EMP-0777,2024-02-27,Hire,New Hire,,Engineering,,Security Engineering,,VP,,289000.0,
TXN-0001565,EMP-0777,2026-01-30,Compensation Change,Market Adjustment,Engineering,Engineering,Security Engineering,Security Engineering,VP,VP,289000.0,321000.0,
TXN-0001566,EMP-0778,2023-09-02,Hire,New Hire,,Finance,,Treasury,,M2,,174000.0,
TXN-0001567,EMP-0779,2025-03-17,Hire,New Hire,,Sales,,Sales Development,,IC3,,131000.0,
TXN-0001568,EMP-0779,2025-10-07,Compensation Change,Merit Increase,Sales,Sales,Sales Development,Sales Development,IC3,IC3,131000.0,145000.0,
TXN-0001569,EMP-0780,2023-03-11,Hire,New Hire,,Engineering,,Security Engineering,,IC1,,63000.0,
TXN-0001570,EMP-0780,2024-10-31,Termination,Performance,,,,,,,,,Involuntary
TXN-0001571,EMP-0781,2025-01-21,Hire,New Hire,,Finance,,Tax,,M1,,159000.0,
TXN-0001572,EMP-0781,2025-08-27,Transfer,Internal Transfer,Finance,Marketing,Tax,Demand Generation,M1,M1,159000.0,159000.0,
TXN-0001573,EMP-0781,2025-12-12,Transfer,Internal Transfer,Marketing,Legal,Demand Generation,Employment Law,M1,M1,159000.0,159000.0,
TXN-0001574,EMP-0781,2026-02-27,Termination,Compensation,,,,,,,,,Voluntary
TXN-0001575,EMP-0782,2020-03-09,Hire,New Hire,,Sales,,Account Management,,IC3,,118000.0,
TXN-0001576,EMP-0782,2022-09-16,Compensation Change,Merit Increase,Sales,Sales,Account Management,Account Management,IC3,IC3,118000.0,127000.0,
TXN-0001577,EMP-0783,2019-11-05,Hire,New Hire,,Sales,,Account Management,,IC4,,140000.0,
TXN-0001578,EMP-0784,2019-12-22,Hire,New Hire,,Product,,Product Operations,,IC3,,106000.0,
TXN-0001579,EMP-0784,2022-10-25,Transfer,Internal Transfer,Product,Legal,Product Operations,Compliance,IC3,IC3,106000.0,106000.0,
TXN-0001580,EMP-0785,2025-05-24,Hire,New Hire,,Sales,,Sales Development,,IC2,,103000.0,
TXN-0001581,EMP-0785,2025-10-17,Compensation Change,Merit Increase,Sales,Sales,Sales Development,Sales Development,IC2,IC2,103000.0,108000.0,
TXN-0001582,EMP-0785,2025-11-16,Promotion,Merit Promotion,Sales,Sales,Sales Development,Sales Development,IC2,IC3,108000.0,131000.0,
TXN-0001583,EMP-0786,2020-06-28,Hire,New Hire,,Sales,,Enterprise Sales,,M1,,138000.0,
TXN-0001584,EMP-0786,2025-11-02,Transfer,Internal Transfer,Sales,Engineering,Enterprise Sales,Infrastructure / DevOps,M1,M1,138000.0,138000.0,
TXN-0001585,EMP-0786,2025-12-13,Transfer,Internal Transfer,Engineering,Finance,Infrastructure / DevOps,Internal Audit,M1,M1,138000.0,138000.0,
TXN-0001586,EMP-0787,2023-09-03,Hire,New Hire,,Engineering,,Data Engineering,,VP,,363000.0,
TXN-0001587,EMP-0788,2021-12-21,Hire,New Hire,,Sales,,Customer Success,,IC2,,86000.0,
TXN-0001588,EMP-0788,2024-10-25,Termination,Reorganization,,,,,,,,,Involuntary
TXN-0001589,EMP-0789,2025-12-07,Hire,New Hire,,Finance,,Tax,,IC3,,121000.0,
TXN-0001590,EMP-0789,2026-03-14,Promotion,Merit Promotion,Finance,Finance,Tax,Tax,IC3,IC4,121000.0,140000.0,
TXN-0001591,EMP-0790,2020-06-06,Hire,New Hire,,Sales,,Sales Development,,IC2,,84000.0,
TXN-0001592,EMP-0791,2020-11-05,Hire,New Hire,,Legal,,Employment Law,,M2,,177000.0,
TXN-0001593,EMP-0791,2024-08-27,Compensation Change,Merit Increase,Legal,Legal,Employment Law,Employment Law,M2,M2,177000.0,192000.0,
TXN-0001594,EMP-0792,2021-12-19,Hire,New Hire,,Engineering,,Security Engineering,,IC3,,107000.0,
TXN-0001595,EMP-0793,2018-07-21,Hire,New Hire,,HR,,People Operations,,M1,,138000.0,
TXN-0001596,EMP-0793,2019-05-20,Compensation Change,Merit Increase,HR,HR,People Operations,People Operations,M1,M1,138000.0,144000.0,
TXN-0001597,EMP-0794,2025-09-01,Hire,New Hire,,Marketing,,Product Marketing,,M1,,140000.0,
TXN-0001598,EMP-0795,2021-06-02,Hire,New Hire,,Finance,,Financial Planning & Analysis,,IC2,,96000.0,
TXN-0001599,EMP-0796,2022-07-02,Hire,New Hire,,HR,,Talent Acquisition,,IC5,,178000.0,
TXN-0001600,EMP-0796,2026-04-07,Transfer,Internal Transfer,HR,Engineering,Talent Acquisition,QA Engineering,IC5,IC5,178000.0,178000.0,
TXN-0001601,EMP-0797,2018-07-04,Hire,New Hire,,Sales,,Enterprise Sales,,IC2,,88000.0,
TXN-0001602,EMP-0797,2022-09-19,Promotion,Merit Promotion,Sales,Sales,Enterprise Sales,Enterprise Sales,IC2,IC3,88000.0,134000.0,
TXN-0001603,EMP-0798,2018-11-14,Hire,New Hire,,Legal,,Compliance,,M3,,213000.0,
TXN-0001604,EMP-0798,2023-03-02,Compensation Change,Market Adjustment,Legal,Legal,Compliance,Compliance,M3,M3,213000.0,223000.0,
TXN-0001605,EMP-0799,2023-07-28,Hire,New Hire,,Product,,UX / Design,,IC3,,129000.0,
TXN-0001606,EMP-0799,2024-07-16,Termination,Performance,,,,,,,,,Involuntary
TXN-0001607,EMP-0800,2024-12-25,Hire,New Hire,,Product,,Product Operations,,M1,,147000.0,
TXN-0001608,EMP-0801,2020-09-24,Hire,New Hire,,Engineering,,Security Engineering,,IC2,,103000.0,
TXN-0001609,EMP-0801,2021-03-21,Compensation Change,Merit Increase,Engineering,Engineering,Security Engineering,Security Engineering,IC2,IC2,103000.0,111000.0,
TXN-0001610,EMP-0801,2023-09-10,Termination,Personal Reasons,,,,,,,,,Voluntary
TXN-0001611,EMP-0802,2020-08-05,Hire,New Hire,,Engineering,,Software Engineering,,IC2,,100000.0,
TXN-0001612,EMP-0802,2020-12-28,Transfer,Internal Transfer,Engineering,HR,Software Engineering,Learning & Development,IC2,IC2,100000.0,100000.0,
TXN-0001613,EMP-0803,2023-05-01,Hire,New Hire,,Product,,Product Operations,,IC3,,121000.0,
TXN-0001614,EMP-0803,2025-02-21,Promotion,Merit Promotion,Product,Product,Product Operations,Product Operations,IC3,IC4,121000.0,150000.0,
TXN-0001615,EMP-0803,2026-02-08,Compensation Change,Merit Increase,Product,Product,Product Operations,Product Operations,IC4,IC4,150000.0,159000.0,
TXN-0001616,EMP-0803,2026-05-14,Termination,Reorganization,,,,,,,,,Involuntary
TXN-0001617,EMP-0804,2020-01-15,Hire,New Hire,,Sales,,Sales Development,,VP,,292000.0,
TXN-0001618,EMP-0804,2024-01-13,Transfer,Internal Transfer,Sales,Finance,Sales Development,Tax,VP,VP,292000.0,292000.0,
TXN-0001619,EMP-0804,2025-09-10,Compensation Change,Market Adjustment,Finance,Finance,Tax,Tax,VP,VP,292000.0,322000.0,
TXN-0001620,EMP-0805,2025-12-22,Hire,New Hire,,Legal,,Corporate Legal,,IC3,,105000.0,
TXN-0001621,EMP-0806,2022-11-18,Hire,New Hire,,Sales,,Revenue Operations,,IC1,,68000.0,
TXN-0001622,EMP-0806,2023-06-18,Transfer,Internal Transfer,Sales,Product,Revenue Operations,UX / Design,IC1,IC1,68000.0,68000.0,
TXN-0001623,EMP-0806,2025-12-07,Compensation Change,Market Adjustment,Product,Product,UX / Design,UX / Design,IC1,IC1,68000.0,70000.0,
TXN-0001624,EMP-0806,2026-04-20,Termination,Personal Reasons,,,,,,,,,Voluntary
TXN-0001625,EMP-0807,2025-11-03,Hire,New Hire,,HR,,HR Business Partnering,,IC3,,119000.0,
TXN-0001626,EMP-0807,2026-05-09,Promotion,Merit Promotion,HR,HR,HR Business Partnering,HR Business Partnering,IC3,IC4,119000.0,147000.0,
TXN-0001627,EMP-0807,2026-06-28,Termination,Personal Reasons,,,,,,,,,Voluntary
TXN-0001628,EMP-0808,2019-07-17,Hire,New Hire,,Marketing,,Marketing Operations,,IC2,,97000.0,
TXN-0001629,EMP-0808,2019-09-17,Promotion,Merit Promotion,Marketing,Marketing,Marketing Operations,Marketing Operations,IC2,IC3,97000.0,115000.0,
TXN-0001630,EMP-0808,2021-08-06,Termination,Compensation,,,,,,,,,Voluntary
TXN-0001631,EMP-0809,2020-04-25,Hire,New Hire,,Sales,,Revenue Operations,,IC3,,114000.0,
TXN-0001632,EMP-0809,2024-02-27,Compensation Change,Market Adjustment,Sales,Sales,Revenue Operations,Revenue Operations,IC3,IC3,114000.0,121000.0,
TXN-0001633,EMP-0809,2025-05-25,Compensation Change,Market Adjustment,Sales,Sales,Revenue Operations,Revenue Operations,IC3,IC3,121000.0,127000.0,
TXN-0001634,EMP-0810,2021-04-11,Hire,New Hire,,Sales,,Sales Development,,IC3,,114000.0,
TXN-0001635,EMP-0810,2023-07-30,Compensation Change,Merit Increase,Sales,Sales,Sales Development,Sales Development,IC3,IC3,114000.0,124000.0,
TXN-0001636,EMP-0811,2020-09-20,Hire,New Hire,,Product,,Product Operations,,IC3,,133000.0,
TXN-0001637,EMP-0811,2023-10-29,Compensation Change,Merit Increase,Product,Product,Product Operations,Product Operations,IC3,IC3,133000.0,140000.0,
TXN-0001638,EMP-0811,2024-01-15,Termination,Compensation,,,,,,,,,Voluntary
TXN-0001639,EMP-0812,2022-09-17,Hire,New Hire,,Sales,,Sales Development,,IC2,,95000.0,
TXN-0001640,EMP-0812,2025-10-12,Compensation Change,Market Adjustment,Sales,Sales,Sales Development,Sales Development,IC2,IC2,95000.0,105000.0,
TXN-0001641,EMP-0812,2025-12-21,Termination,Career Move,,,,,,,,,Voluntary
TXN-0001642,EMP-0813,2024-05-27,Hire,New Hire,,Engineering,,Security Engineering,,IC1,,63000.0,
TXN-0001643,EMP-0814,2023-10-26,Hire,New Hire,,Engineering,,QA Engineering,,IC4,,140000.0,
TXN-0001644,EMP-0814,2025-07-16,Promotion,Merit Promotion,Engineering,Engineering,QA Engineering,QA Engineering,IC4,IC5,140000.0,187000.0,
TXN-0001645,EMP-0814,2025-08-20,Termination,Personal Reasons,,,,,,,,,Voluntary
TXN-0001646,EMP-0815,2024-05-10,Hire,New Hire,,Finance,,Treasury,,IC3,,130000.0,
TXN-0001647,EMP-0815,2024-07-07,Termination,Compensation,,,,,,,,,Voluntary
TXN-0001648,EMP-0816,2021-12-28,Hire,New Hire,,Engineering,,Software Engineering,,IC2,,83000.0,
TXN-0001649,EMP-0816,2024-01-26,Transfer,Internal Transfer,Engineering,Marketing,Software Engineering,Product Marketing,IC2,IC2,83000.0,83000.0,
TXN-0001650,EMP-0816,2025-10-13,Transfer,Internal Transfer,Marketing,Legal,Product Marketing,Privacy & Data,IC2,IC2,83000.0,83000.0,
TXN-0001651,EMP-0817,2022-10-29,Hire,New Hire,,Engineering,,Software Engineering,,IC5,,192000.0,
TXN-0001652,EMP-0817,2024-07-31,Compensation Change,Market Adjustment,Engineering,Engineering,Software Engineering,Software Engineering,IC5,IC5,192000.0,210000.0,
TXN-0001653,EMP-0818,2018-12-13,Hire,New Hire,,Finance,,Financial Planning & Analysis,,IC1,,64000.0,
TXN-0001654,EMP-0819,2022-07-27,Hire,New Hire,,Marketing,,Content Marketing,,IC5,,193000.0,
TXN-0001655,EMP-0820,2020-12-21,Hire,New Hire,,Marketing,,Product Marketing,,IC4,,140000.0,
TXN-0001656,EMP-0820,2023-05-21,Transfer,Internal Transfer,Marketing,Legal,Product Marketing,Privacy & Data,IC4,IC4,140000.0,140000.0,
TXN-0001657,EMP-0821,2018-04-25,Hire,New Hire,,Marketing,,Demand Generation,,M1,,149000.0,
TXN-0001658,EMP-0821,2019-12-22,Compensation Change,Merit Increase,Marketing,Marketing,Demand Generation,Demand Generation,M1,M1,149000.0,157000.0,
TXN-0001659,EMP-0821,2021-01-22,Termination,Personal Reasons,,,,,,,,,Voluntary
TXN-0001660,EMP-0822,2022-11-30,Hire,New Hire,,Legal,,Compliance,,IC2,,82000.0,
TXN-0001661,EMP-0822,2023-04-28,Promotion,Merit Promotion,Legal,Legal,Compliance,Compliance,IC2,IC3,82000.0,121000.0,
TXN-0001662,EMP-0822,2025-06-16,Compensation Change,Market Adjustment,Legal,Legal,Compliance,Compliance,IC3,IC3,121000.0,126000.0,
TXN-0001663,EMP-0823,2021-10-17,Hire,New Hire,,Sales,,Sales Development,,IC4,,146000.0,
TXN-0001664,EMP-0824,2023-11-02,Hire,New Hire,,Sales,,Sales Development,,M1,,152000.0,
TXN-0001665,EMP-0824,2024-03-21,Compensation Change,Merit Increase,Sales,Sales,Sales Development,Sales Development,M1,M1,152000.0,169000.0,
TXN-0001666,EMP-0824,2024-11-08,Termination,Personal Reasons,,,,,,,,,Voluntary
TXN-0001667,EMP-0825,2022-12-12,Hire,New Hire,,Engineering,,Software Engineering,,VP,,353000.0,
TXN-0001668,EMP-0825,2023-02-01,Transfer,Internal Transfer,Engineering,Finance,Software Engineering,Accounting,VP,VP,353000.0,353000.0,
TXN-0001669,EMP-0826,2021-11-23,Hire,New Hire,,Engineering,,QA Engineering,,IC3,,112000.0,
TXN-0001670,EMP-0826,2022-12-12,Termination,Reorganization,,,,,,,,,Involuntary
TXN-0001671,EMP-0827,2023-06-21,Hire,New Hire,,Engineering,,Data Engineering,,IC1,,65000.0,
TXN-0001672,EMP-0827,2025-03-18,Termination,Compensation,,,,,,,,,Voluntary
TXN-0001673,EMP-0828,2026-04-25,Hire,New Hire,,HR,,Talent Acquisition,,IC3,,108000.0,
TXN-0001674,EMP-0828,2026-05-28,Termination,Performance,,,,,,,,,Involuntary
TXN-0001675,EMP-0829,2022-12-05,Hire,New Hire,,Sales,,Revenue Operations,,IC3,,132000.0,
TXN-0001676,EMP-0829,2023-07-31,Compensation Change,Market Adjustment,Sales,Sales,Revenue Operations,Revenue Operations,IC3,IC3,132000.0,142000.0,
TXN-0001677,EMP-0830,2020-12-02,Hire,New Hire,,Sales,,Revenue Operations,,M1,,134000.0,
TXN-0001678,EMP-0830,2021-04-13,Transfer,Internal Transfer,Sales,Legal,Revenue Operations,Employment Law,M1,M1,134000.0,134000.0,
TXN-0001679,EMP-0830,2023-11-01,Compensation Change,Merit Increase,Legal,Legal,Employment Law,Employment Law,M1,M1,134000.0,146000.0,
TXN-0001680,EMP-0831,2018-09-20,Hire,New Hire,,Engineering,,Data Engineering,,M1,,135000.0,
TXN-0001681,EMP-0831,2023-02-14,Transfer,Internal Transfer,Engineering,Marketing,Data Engineering,Brand,M1,M1,135000.0,135000.0,
TXN-0001682,EMP-0832,2026-02-16,Hire,New Hire,,Product,,Product Operations,,IC3,,109000.0,
TXN-0001683,EMP-0832,2026-03-27,Compensation Change,Merit Increase,Product,Product,Product Operations,Product Operations,IC3,IC3,109000.0,113000.0,
TXN-0001684,EMP-0832,2026-05-02,Termination,Personal Reasons,,,,,,,,,Voluntary
TXN-0001685,EMP-0833,2023-10-05,Hire,New Hire,,Engineering,,Software Engineering,,IC3,,112000.0,
TXN-0001686,EMP-0833,2025-07-24,Promotion,Merit Promotion,Engineering,Engineering,Software Engineering,Software Engineering,IC3,IC4,112000.0,158000.0,
TXN-0001687,EMP-0833,2025-09-29,Transfer,Internal Transfer,Engineering,Sales,Software Engineering,Revenue Operations,IC4,IC4,158000.0,158000.0,
TXN-0001688,EMP-0833,2026-04-08,Termination,Performance,,,,,,,,,Involuntary
TXN-0001689,EMP-0834,2021-12-14,Hire,New Hire,,Product,,Product Management,,IC3,,123000.0,
TXN-0001690,EMP-0834,2026-02-26,Compensation Change,Market Adjustment,Product,Product,Product Management,Product Management,IC3,IC3,123000.0,135000.0,
TXN-0001691,EMP-0834,2026-04-19,Termination,Personal Reasons,,,,,,,,,Voluntary
TXN-0001692,EMP-0835,2022-05-08,Hire,New Hire,,Marketing,,Brand,,IC5,,169000.0,
TXN-0001693,EMP-0835,2023-04-09,Compensation Change,Market Adjustment,Marketing,Marketing,Brand,Brand,IC5,IC5,169000.0,180000.0,
TXN-0001694,EMP-0835,2025-02-23,Compensation Change,Market Adjustment,Marketing,Marketing,Brand,Brand,IC5,IC5,180000.0,190000.0,
TXN-0001695,EMP-0836,2020-02-27,Hire,New Hire,,Sales,,Sales Development,,IC2,,99000.0,
TXN-0001696,EMP-0836,2023-07-16,Transfer,Internal Transfer,Sales,Engineering,Sales Development,QA Engineering,IC2,IC2,99000.0,99000.0,
TXN-0001697,EMP-0836,2026-06-02,Transfer,Internal Transfer,Engineering,Marketing,QA Engineering,Brand,IC2,IC2,99000.0,99000.0,
TXN-0001698,EMP-0837,2019-11-12,Hire,New Hire,,Sales,,Account Management,,IC4,,157000.0,
TXN-0001699,EMP-0838,2021-07-06,Hire,New Hire,,Product,,Product Management,,IC1,,76000.0,
TXN-0001700,EMP-0839,2025-05-18,Hire,New Hire,,Sales,,Sales Development,,IC3,,110000.0,
TXN-0001701,EMP-0840,2023-08-02,Hire,New Hire,,Product,,UX / Design,,Director,,239000.0,
TXN-0001702,EMP-0840,2025-11-26,Termination,Career Move,,,,,,,,,Voluntary
TXN-0001703,EMP-0841,2019-08-04,Hire,New Hire,,Product,,Product Operations,,IC2,,83000.0,
TXN-0001704,EMP-0842,2018-10-20,Hire,New Hire,,Sales,,Enterprise Sales,,IC4,,158000.0,
TXN-0001705,EMP-0843,2025-06-16,Hire,New Hire,,Sales,,Customer Success,,IC4,,145000.0,
TXN-0001706,EMP-0844,2024-12-24,Hire,New Hire,,Sales,,Enterprise Sales,,M1,,153000.0,
TXN-0001707,EMP-0845,2023-10-08,Hire,New Hire,,Engineering,,Software Engineering,,M1,,153000.0,
TXN-0001708,EMP-0846,2018-06-15,Hire,New Hire,,Engineering,,Software Engineering,,M1,,140000.0,
TXN-0001709,EMP-0847,2018-12-09,Hire,New Hire,,Engineering,,Data Engineering,,IC2,,101000.0,
TXN-0001710,EMP-0847,2022-05-04,Transfer,Internal Transfer,Engineering,Sales,Data Engineering,Enterprise Sales,IC2,IC2,101000.0,101000.0,
TXN-0001711,EMP-0848,2024-02-04,Hire,New Hire,,HR,,People Operations,,IC2,,93000.0,
TXN-0001712,EMP-0848,2024-06-25,Transfer,Internal Transfer,HR,Product,People Operations,Product Operations,IC2,IC2,93000.0,93000.0,
TXN-0001713,EMP-0849,2021-06-05,Hire,New Hire,,Sales,,Sales Development,,IC4,,156000.0,
TXN-0001714,EMP-0849,2024-04-29,Compensation Change,Market Adjustment,Sales,Sales,Sales Development,Sales Development,IC4,IC4,156000.0,168000.0,
TXN-0001715,EMP-0850,2021-07-08,Hire,New Hire,,Finance,,Internal Audit,,IC5,,171000.0,
TXN-0001716,EMP-0850,2023-11-02,Compensation Change,Merit Increase,Finance,Finance,Internal Audit,Internal Audit,IC5,IC5,171000.0,188000.0,
TXN-0001717,EMP-0850,2025-08-03,Transfer,Internal Transfer,Finance,Sales,Internal Audit,Sales Development,IC5,IC5,188000.0,188000.0,
TXN-0001718,EMP-0851,2024-11-05,Hire,New Hire,,Engineering,,Data Engineering,,M1,,155000.0,
TXN-0001719,EMP-0852,2018-09-19,Hire,New Hire,,HR,,Talent Acquisition,,IC1,,66000.0,
TXN-0001720,EMP-0853,2023-09-25,Hire,New Hire,,Marketing,,Marketing Operations,,IC1,,75000.0,
TXN-0001721,EMP-0853,2024-03-30,Compensation Change,Market Adjustment,Marketing,Marketing,Marketing Operations,Marketing Operations,IC1,IC1,75000.0,80000.0,
TXN-0001722,EMP-0854,2023-11-28,Hire,New Hire,,Sales,,Account Management,,IC4,,151000.0,
TXN-0001723,EMP-0855,2022-11-05,Hire,New Hire,,Sales,,Revenue Operations,,M2,,179000.0,
TXN-0001724,EMP-0856,2020-03-16,Hire,New Hire,,Sales,,Sales Development,,VP,,334000.0,
TXN-0001725,EMP-0857,2021-08-30,Hire,New Hire,,Product,,Product Management,,IC5,,169000.0,
TXN-0001726,EMP-0858,2025-09-23,Hire,New Hire,,Engineering,,Data Engineering,,IC3,,133000.0,
TXN-0001727,EMP-0858,2026-03-28,Promotion,Merit Promotion,Engineering,Engineering,Data Engineering,Data Engineering,IC3,IC4,133000.0,146000.0,
TXN-0001728,EMP-0859,2022-11-06,Hire,New Hire,,Product,,Product Management,,IC1,,76000.0,
TXN-0001729,EMP-0860,2020-04-27,Hire,New Hire,,Finance,,Internal Audit,,IC4,,150000.0,
TXN-0001730,EMP-0861,2026-05-18,Hire,New Hire,,Marketing,,Demand Generation,,M1,,148000.0,
TXN-0001731,EMP-0862,2026-05-31,Hire,New Hire,,Engineering,,Security Engineering,,IC3,,110000.0,
TXN-0001732,EMP-0863,2019-03-22,Hire,New Hire,,Sales,,Account Management,,IC4,,159000.0,
TXN-0001733,EMP-0864,2024-10-29,Hire,New Hire,,Engineering,,Data Engineering,,M2,,168000.0,
TXN-0001734,EMP-0865,2026-04-08,Hire,New Hire,,Marketing,,Marketing Operations,,IC1,,75000.0,
TXN-0001735,EMP-0866,2025-11-08,Hire,New Hire,,Engineering,,Software Engineering,,IC5,,174000.0,
TXN-0001736,EMP-0867,2026-02-10,Hire,New Hire,,Engineering,,QA Engineering,,IC2,,101000.0,
TXN-0001737,EMP-0867,2026-06-29,Compensation Change,Merit Increase,Engineering,Engineering,QA Engineering,QA Engineering,IC2,IC2,101000.0,106000.0,
TXN-0001738,EMP-0868,2023-03-29,Hire,New Hire,,Engineering,,Infrastructure / DevOps,,IC2,,91000.0,
TXN-0001739,EMP-0869,2022-09-13,Hire,New Hire,,Sales,,Customer Success,,IC1,,77000.0,
TXN-0001740,EMP-0869,2023-10-12,Compensation Change,Merit Increase,Sales,Sales,Customer Success,Customer Success,IC1,IC1,77000.0,79000.0,
TXN-0001741,EMP-0870,2022-03-24,Hire,New Hire,,Engineering,,QA Engineering,,IC3,,126000.0,
TXN-0001742,EMP-0870,2024-04-16,Compensation Change,Market Adjustment,Engineering,Engineering,QA Engineering,QA Engineering,IC3,IC3,126000.0,131000.0,
TXN-0001743,EMP-0871,2021-06-15,Hire,New Hire,,Product,,Product Operations,,IC3,,120000.0,
TXN-0001744,EMP-0872,2022-11-18,Hire,New Hire,,Sales,,Account Management,,IC5,,187000.0,
TXN-0001745,EMP-0872,2025-06-16,Compensation Change,Market Adjustment,Sales,Sales,Account Management,Account Management,IC5,IC5,187000.0,201000.0,
TXN-0001746,EMP-0873,2021-06-01,Hire,New Hire,,Product,,Product Management,,IC1,,75000.0,
TXN-0001747,EMP-0874,2023-02-17,Hire,New Hire,,Marketing,,Brand,,IC1,,74000.0,
TXN-0001748,EMP-0874,2024-10-21,Transfer,Internal Transfer,Marketing,Engineering,Brand,Infrastructure / DevOps,IC1,IC1,74000.0,74000.0,
TXN-0001749,EMP-0874,2026-04-20,Compensation Change,Market Adjustment,Engineering,Engineering,Infrastructure / DevOps,Infrastructure / DevOps,IC1,IC1,74000.0,77000.0,
TXN-0001750,EMP-0875,2023-02-21,Hire,New Hire,,Product,,Product Operations,,M1,,163000.0,
TXN-0001751,EMP-0875,2023-10-27,Compensation Change,Merit Increase,Product,Product,Product Operations,Product Operations,M1,M1,163000.0,172000.0,
TXN-0001752,EMP-0875,2024-08-23,Compensation Change,Merit Increase,Product,Product,Product Operations,Product Operations,M1,M1,172000.0,177000.0,
TXN-0001753,EMP-0876,2023-10-10,Hire,New Hire,,Sales,,Revenue Operations,,IC4,,157000.0,
TXN-0001754,EMP-0876,2024-04-24,Transfer,Internal Transfer,Sales,Finance,Revenue Operations,Financial Planning & Analysis,IC4,IC4,157000.0,157000.0,
TXN-0001755,EMP-0876,2025-03-16,Compensation Change,Merit Increase,Finance,Finance,Financial Planning & Analysis,Financial Planning & Analysis,IC4,IC4,157000.0,174000.0,
TXN-0001756,EMP-0877,2020-01-04,Hire,New Hire,,Legal,,Compliance,,IC2,,93000.0,
TXN-0001757,EMP-0878,2024-06-05,Hire,New Hire,,Sales,,Customer Success,,M2,,172000.0,
TXN-0001758,EMP-0878,2026-01-09,Compensation Change,Market Adjustment,Sales,Sales,Customer Success,Customer Success,M2,M2,172000.0,187000.0,
TXN-0001759,EMP-0879,2026-05-04,Hire,New Hire,,Finance,,Financial Planning & Analysis,,IC1,,71000.0,
TXN-0001760,EMP-0880,2023-01-06,Hire,New Hire,,Sales,,Enterprise Sales,,IC3,,132000.0,
TXN-0001761,EMP-0880,2025-05-10,Promotion,Merit Promotion,Sales,Sales,Enterprise Sales,Enterprise Sales,IC3,IC4,132000.0,157000.0,
TXN-0001762,EMP-0881,2021-12-28,Hire,New Hire,,Engineering,,Data Engineering,,IC2,,80000.0,
TXN-0001763,EMP-0881,2026-05-17,Compensation Change,Market Adjustment,Engineering,Engineering,Data Engineering,Data Engineering,IC2,IC2,80000.0,88000.0,
TXN-0001764,EMP-0882,2024-05-21,Hire,New Hire,,Finance,,Financial Planning & Analysis,,IC2,,93000.0,
TXN-0001765,EMP-0883,2022-08-25,Hire,New Hire,,HR,,Talent Acquisition,,IC1,,61000.0,
TXN-0001766,EMP-0883,2022-12-30,Promotion,Merit Promotion,HR,HR,Talent Acquisition,Talent Acquisition,IC1,IC2,61000.0,103000.0,
TXN-0001767,EMP-0884,2020-10-29,Hire,New Hire,,Engineering,,Data Engineering,,M1,,151000.0,
TXN-0001768,EMP-0885,2022-06-30,Hire,New Hire,,Sales,,Enterprise Sales,,M2,,171000.0,
TXN-0001769,EMP-0886,2021-11-10,Hire,New Hire,,Sales,,Customer Success,,IC4,,150000.0,
TXN-0001770,EMP-0886,2022-12-22,Compensation Change,Merit Increase,Sales,Sales,Customer Success,Customer Success,IC4,IC4,150000.0,157000.0,
TXN-0001771,EMP-0887,2020-06-01,Hire,New Hire,,Sales,,Enterprise Sales,,IC1,,69000.0,
TXN-0001772,EMP-0887,2023-09-25,Compensation Change,Merit Increase,Sales,Sales,Enterprise Sales,Enterprise Sales,IC1,IC1,69000.0,73000.0,
TXN-0001773,EMP-0888,2021-08-29,Hire,New Hire,,Sales,,Sales Development,,IC3,,108000.0,
TXN-0001774,EMP-0889,2019-07-16,Hire,New Hire,,Product,,UX / Design,,IC2,,88000.0,
TXN-0001775,EMP-0889,2026-04-20,Promotion,Merit Promotion,Product,Product,UX / Design,UX / Design,IC2,IC3,88000.0,127000.0,
TXN-0001776,EMP-0889,2026-06-14,Promotion,Merit Promotion,Product,Product,UX / Design,UX / Design,IC3,IC4,127000.0,140000.0,
TXN-0001777,EMP-0890,2018-10-06,Hire,New Hire,,Finance,,Treasury,,IC3,,112000.0,
TXN-0001778,EMP-0890,2023-08-14,Compensation Change,Merit Increase,Finance,Finance,Treasury,Treasury,IC3,IC3,112000.0,121000.0,
TXN-0001779,EMP-0891,2024-03-26,Hire,New Hire,,Finance,,Tax,,IC4,,153000.0,
TXN-0001780,EMP-0891,2024-10-16,Compensation Change,Market Adjustment,Finance,Finance,Tax,Tax,IC4,IC4,153000.0,162000.0,
TXN-0001781,EMP-0891,2025-03-13,Termination,Reorganization,,,,,,,,,Involuntary
TXN-0001782,EMP-0892,2023-06-27,Hire,New Hire,,Product,,UX / Design,,IC3,,123000.0,
TXN-0001783,EMP-0892,2023-10-31,Transfer,Internal Transfer,Product,Marketing,UX / Design,Demand Generation,IC3,IC3,123000.0,123000.0,
TXN-0001784,EMP-0893,2021-01-07,Hire,New Hire,,Engineering,,Security Engineering,,IC2,,86000.0,
TXN-0001785,EMP-0894,2026-03-17,Hire,New Hire,,Sales,,Enterprise Sales,,M1,,134000.0,
TXN-0001786,EMP-0895,2024-05-28,Hire,New Hire,,Sales,,Revenue Operations,,IC1,,64000.0,
TXN-0001787,EMP-0896,2023-12-29,Hire,New Hire,,Engineering,,Software Engineering,,IC2,,86000.0,
TXN-0001788,EMP-0896,2026-01-01,Promotion,Merit Promotion,Engineering,Engineering,Software Engineering,Software Engineering,IC2,IC3,86000.0,130000.0,
TXN-0001789,EMP-0897,2024-09-27,Hire,New Hire,,Legal,,Employment Law,,IC3,,118000.0,
TXN-0001790,EMP-0898,2018-10-07,Hire,New Hire,,Product,,UX / Design,,IC2,,100000.0,
TXN-0001791,EMP-0898,2023-09-21,Promotion,Merit Promotion,Product,Product,UX / Design,UX / Design,IC2,IC3,100000.0,126000.0,
TXN-0001792,EMP-0898,2024-09-05,Promotion,Merit Promotion,Product,Product,UX / Design,UX / Design,IC3,IC4,126000.0,146000.0,
TXN-0001793,EMP-0899,2021-08-31,Hire,New Hire,,Legal,,Employment Law,,IC3,,133000.0,
TXN-0001794,EMP-0899,2022-04-25,Transfer,Internal Transfer,Legal,Engineering,Employment Law,QA Engineering,IC3,IC3,133000.0,133000.0,
TXN-0001795,EMP-0900,2021-04-13,Hire,New Hire,,HR,,Total Rewards,,IC3,,131000.0,
TXN-0001796,EMP-0900,2022-04-10,Compensation Change,Merit Increase,HR,HR,Total Rewards,Total Rewards,IC3,IC3,131000.0,140000.0,
TXN-0001797,EMP-0901,2020-07-08,Hire,New Hire,,Sales,,Sales Development,,VP,,361000.0,
TXN-0001798,EMP-0901,2025-06-03,Compensation Change,Merit Increase,Sales,Sales,Sales Development,Sales Development,VP,VP,361000.0,401000.0,
TXN-0001799,EMP-0902,2024-06-13,Hire,New Hire,,Sales,,Customer Success,,IC2,,100000.0,
TXN-0001800,EMP-0902,2025-11-16,Promotion,Merit Promotion,Sales,Sales,Customer Success,Customer Success,IC2,IC3,100000.0,106000.0,
TXN-0001801,EMP-0903,2025-09-01,Hire,New Hire,,Engineering,,QA Engineering,,Director,,230000.0,
TXN-0001802,EMP-0903,2026-02-25,Compensation Change,Market Adjustment,Engineering,Engineering,QA Engineering,QA Engineering,Director,Director,230000.0,243000.0,
TXN-0001803,EMP-0904,2023-10-09,Hire,New Hire,,Sales,,Customer Success,,IC4,,142000.0,
TXN-0001804,EMP-0904,2025-06-26,Transfer,Internal Transfer,Sales,Product,Customer Success,Product Operations,IC4,IC4,142000.0,142000.0,
TXN-0001805,EMP-0905,2023-07-02,Hire,New Hire,,Engineering,,QA Engineering,,IC2,,96000.0,
TXN-0001806,EMP-0905,2024-03-15,Compensation Change,Merit Increase,Engineering,Engineering,QA Engineering,QA Engineering,IC2,IC2,96000.0,99000.0,
TXN-0001807,EMP-0905,2026-05-17,Termination,Compensation,,,,,,,,,Voluntary
TXN-0001808,EMP-0906,2024-01-16,Hire,New Hire,,Sales,,Customer Success,,IC3,,125000.0,
TXN-0001809,EMP-0907,2020-02-08,Hire,New Hire,,Engineering,,Infrastructure / DevOps,,IC4,,158000.0,
TXN-0001810,EMP-0908,2021-05-10,Hire,New Hire,,Engineering,,QA Engineering,,IC5,,192000.0,
TXN-0001811,EMP-0909,2019-10-17,Hire,New Hire,,Marketing,,Marketing Operations,,IC1,,80000.0,
TXN-0001812,EMP-0909,2025-10-18,Termination,Personal Reasons,,,,,,,,,Voluntary
TXN-0001813,EMP-0910,2024-01-06,Hire,New Hire,,Sales,,Account Management,,IC4,,154000.0,
TXN-0001814,EMP-0910,2024-04-26,Promotion,Merit Promotion,Sales,Sales,Account Management,Account Management,IC4,IC5,154000.0,192000.0,
TXN-0001815,EMP-0910,2026-01-06,Compensation Change,Merit Increase,Sales,Sales,Account Management,Account Management,IC5,IC5,192000.0,212000.0,
TXN-0001816,EMP-0911,2022-12-29,Hire,New Hire,,Sales,,Revenue Operations,,IC3,,122000.0,
TXN-0001817,EMP-0911,2026-05-10,Promotion,Merit Promotion,Sales,Sales,Revenue Operations,Revenue Operations,IC3,IC4,122000.0,156000.0,
TXN-0001818,EMP-0911,2026-06-20,Promotion,Merit Promotion,Sales,Sales,Revenue Operations,Revenue Operations,IC4,IC5,156000.0,189000.0,
TXN-0001819,EMP-0912,2023-08-29,Hire,New Hire,,Sales,,Customer Success,,M2,,191000.0,
TXN-0001820,EMP-0912,2025-08-12,Transfer,Internal Transfer,Sales,Product,Customer Success,Product Operations,M2,M2,191000.0,191000.0,
TXN-0001821,EMP-0913,2019-05-13,Hire,New Hire,,Engineering,,Software Engineering,,IC2,,94000.0,
TXN-0001822,EMP-0913,2020-11-07,Compensation Change,Market Adjustment,Engineering,Engineering,Software Engineering,Software Engineering,IC2,IC2,94000.0,105000.0,
TXN-0001823,EMP-0913,2021-09-08,Compensation Change,Merit Increase,Engineering,Engineering,Software Engineering,Software Engineering,IC2,IC2,105000.0,111000.0,
TXN-0001824,EMP-0914,2022-10-14,Hire,New Hire,,Legal,,Corporate Legal,,IC5,,180000.0,
TXN-0001825,EMP-0915,2019-05-19,Hire,New Hire,,Sales,,Account Management,,IC4,,142000.0,
TXN-0001826,EMP-0915,2023-12-14,Promotion,Merit Promotion,Sales,Sales,Account Management,Account Management,IC4,IC5,142000.0,172000.0,
TXN-0001827,EMP-0916,2023-12-15,Hire,New Hire,,HR,,People Operations,,IC2,,85000.0,
TXN-0001828,EMP-0917,2026-01-30,Hire,New Hire,,Sales,,Customer Success,,IC4,,145000.0,
TXN-0001829,EMP-0917,2026-04-12,Termination,Personal Reasons,,,,,,,,,Voluntary
TXN-0001830,EMP-0918,2019-01-06,Hire,New Hire,,Finance,,Tax,,IC4,,151000.0,
TXN-0001831,EMP-0919,2022-03-19,Hire,New Hire,,Finance,,Accounting,,IC4,,150000.0,
TXN-0001832,EMP-0920,2020-10-05,Hire,New Hire,,Engineering,,Security Engineering,,IC5,,193000.0,
TXN-0001833,EMP-0920,2026-02-17,Transfer,Internal Transfer,Engineering,Finance,Security Engineering,Financial Planning & Analysis,IC5,IC5,193000.0,193000.0,
TXN-0001834,EMP-0920,2026-05-27,Compensation Change,Market Adjustment,Finance,Finance,Financial Planning & Analysis,Financial Planning & Analysis,IC5,IC5,193000.0,216000.0,
TXN-0001835,EMP-0921,2021-11-06,Hire,New Hire,,Sales,,Sales Development,,IC4,,142000.0,
TXN-0001836,EMP-0922,2022-08-16,Hire,New Hire,,Engineering,,Software Engineering,,M1,,131000.0,
TXN-0001837,EMP-0922,2026-04-06,Compensation Change,Market Adjustment,Engineering,Engineering,Software Engineering,Software Engineering,M1,M1,131000.0,139000.0,
TXN-0001838,EMP-0922,2026-06-01,Compensation Change,Market Adjustment,Engineering,Engineering,Software Engineering,Software Engineering,M1,M1,139000.0,144000.0,
TXN-0001839,EMP-0923,2018-06-03,Hire,New Hire,,Product,,Product Management,,IC4,,152000.0,
TXN-0001840,EMP-0923,2023-03-18,Termination,Career Move,,,,,,,,,Voluntary
TXN-0001841,EMP-0924,2023-09-17,Hire,New Hire,,Sales,,Account Management,,M2,,174000.0,
TXN-0001842,EMP-0924,2024-06-08,Compensation Change,Merit Increase,Sales,Sales,Account Management,Account Management,M2,M2,174000.0,192000.0,
TXN-0001843,EMP-0925,2024-06-13,Hire,New Hire,,Product,,Product Management,,IC4,,145000.0,
TXN-0001844,EMP-0925,2026-03-26,Compensation Change,Merit Increase,Product,Product,Product Management,Product Management,IC4,IC4,145000.0,158000.0,
TXN-0001845,EMP-0926,2019-12-11,Hire,New Hire,,Finance,,Internal Audit,,IC2,,93000.0,
TXN-0001846,EMP-0926,2023-08-12,Compensation Change,Merit Increase,Finance,Finance,Internal Audit,Internal Audit,IC2,IC2,93000.0,99000.0,
TXN-0001847,EMP-0927,2021-09-08,Hire,New Hire,,Sales,,Customer Success,,IC3,,127000.0,
TXN-0001848,EMP-0928,2025-03-13,Hire,New Hire,,Sales,,Revenue Operations,,IC3,,129000.0,
TXN-0001849,EMP-0928,2026-06-15,Compensation Change,Merit Increase,Sales,Sales,Revenue Operations,Revenue Operations,IC3,IC3,129000.0,136000.0,
TXN-0001850,EMP-0929,2020-05-03,Hire,New Hire,,Marketing,,Marketing Operations,,IC5,,178000.0,
TXN-0001851,EMP-0929,2025-05-22,Compensation Change,Merit Increase,Marketing,Marketing,Marketing Operations,Marketing Operations,IC5,IC5,178000.0,189000.0,
TXN-0001852,EMP-0930,2020-05-28,Hire,New Hire,,Sales,,Revenue Operations,,IC1,,66000.0,
TXN-0001853,EMP-0930,2020-08-17,Termination,Career Move,,,,,,,,,Voluntary
TXN-0001854,EMP-0931,2021-11-30,Hire,New Hire,,Sales,,Sales Development,,IC2,,93000.0,
TXN-0001855,EMP-0931,2024-03-19,Promotion,Merit Promotion,Sales,Sales,Sales Development,Sales Development,IC2,IC3,93000.0,113000.0,
TXN-0001856,EMP-0931,2024-05-28,Termination,Performance,,,,,,,,,Involuntary
TXN-0001857,EMP-0932,2025-05-07,Hire,New Hire,,Marketing,,Content Marketing,,IC5,,190000.0,
TXN-0001858,EMP-0932,2026-01-22,Transfer,Internal Transfer,Marketing,Engineering,Content Marketing,QA Engineering,IC5,IC5,190000.0,190000.0,
TXN-0001859,EMP-0932,2026-03-07,Termination,Reorganization,,,,,,,,,Involuntary
TXN-0001860,EMP-0933,2025-09-25,Hire,New Hire,,Sales,,Customer Success,,IC1,,77000.0,
TXN-0001861,EMP-0933,2026-05-12,Promotion,Merit Promotion,Sales,Sales,Customer Success,Customer Success,IC1,IC2,77000.0,94000.0,
TXN-0001862,EMP-0933,2026-06-30,Termination,Compensation,,,,,,,,,Voluntary
TXN-0001863,EMP-0934,2021-06-21,Hire,New Hire,,Sales,,Account Management,,IC1,,79000.0,
TXN-0001864,EMP-0934,2021-09-16,Compensation Change,Market Adjustment,Sales,Sales,Account Management,Account Management,IC1,IC1,79000.0,87000.0,
TXN-0001865,EMP-0934,2022-08-21,Compensation Change,Market Adjustment,Sales,Sales,Account Management,Account Management,IC1,IC1,87000.0,97000.0,
TXN-0001866,EMP-0935,2019-12-28,Hire,New Hire,,Product,,UX / Design,,IC3,,107000.0,
TXN-0001867,EMP-0936,2025-10-13,Hire,New Hire,,Sales,,Sales Development,,Director,,230000.0,
TXN-0001868,EMP-0937,2023-11-24,Hire,New Hire,,Engineering,,Security Engineering,,IC3,,108000.0,
TXN-0001869,EMP-0937,2025-03-27,Compensation Change,Merit Increase,Engineering,Engineering,Security Engineering,Security Engineering,IC3,IC3,108000.0,113000.0,
TXN-0001870,EMP-0938,2018-05-11,Hire,New Hire,,Engineering,,Infrastructure / DevOps,,M2,,177000.0,
TXN-0001871,EMP-0938,2019-03-24,Compensation Change,Merit Increase,Engineering,Engineering,Infrastructure / DevOps,Infrastructure / DevOps,M2,M2,177000.0,185000.0,
TXN-0001872,EMP-0938,2024-07-09,Termination,Personal Reasons,,,,,,,,,Voluntary
TXN-0001873,EMP-0939,2018-05-03,Hire,New Hire,,Engineering,,Software Engineering,,M1,,133000.0,
TXN-0001874,EMP-0939,2018-09-16,Compensation Change,Market Adjustment,Engineering,Engineering,Software Engineering,Software Engineering,M1,M1,133000.0,140000.0,
TXN-0001875,EMP-0939,2019-10-17,Compensation Change,Market Adjustment,Engineering,Engineering,Software Engineering,Software Engineering,M1,M1,140000.0,154000.0,
TXN-0001876,EMP-0940,2019-01-19,Hire,New Hire,,Product,,Product Management,,IC2,,85000.0,
TXN-0001877,EMP-0940,2019-12-24,Compensation Change,Merit Increase,Product,Product,Product Management,Product Management,IC2,IC2,85000.0,91000.0,
TXN-0001878,EMP-0940,2022-11-27,Termination,Compensation,,,,,,,,,Voluntary
TXN-0001879,EMP-0941,2021-02-18,Hire,New Hire,,Engineering,,Security Engineering,,M1,,158000.0,
TXN-0001880,EMP-0941,2021-08-07,Transfer,Internal Transfer,Engineering,Sales,Security Engineering,Revenue Operations,M1,M1,158000.0,158000.0,
TXN-0001881,EMP-0941,2023-01-20,Transfer,Internal Transfer,Sales,Product,Revenue Operations,Product Management,M1,M1,158000.0,158000.0,
TXN-0001882,EMP-0942,2019-06-24,Hire,New Hire,,Engineering,,Data Engineering,,IC3,,116000.0,
TXN-0001883,EMP-0943,2021-01-10,Hire,New Hire,,Sales,,Account Management,,M1,,135000.0,
TXN-0001884,EMP-0943,2022-10-26,Compensation Change,Market Adjustment,Sales,Sales,Account Management,Account Management,M1,M1,135000.0,144000.0,
TXN-0001885,EMP-0944,2022-03-20,Hire,New Hire,,HR,,Learning & Development,,IC5,,161000.0,
TXN-0001886,EMP-0945,2019-06-19,Hire,New Hire,,Engineering,,Security Engineering,,IC2,,90000.0,
TXN-0001887,EMP-0945,2021-01-17,Promotion,Merit Promotion,Engineering,Engineering,Security Engineering,Security Engineering,IC2,IC3,90000.0,115000.0,
TXN-0001888,EMP-0946,2024-07-21,Hire,New Hire,,Engineering,,Infrastructure / DevOps,,IC1,,67000.0,
TXN-0001889,EMP-0946,2025-07-13,Compensation Change,Merit Increase,Engineering,Engineering,Infrastructure / DevOps,Infrastructure / DevOps,IC1,IC1,67000.0,72000.0,
TXN-0001890,EMP-0947,2022-10-27,Hire,New Hire,,Finance,,Internal Audit,,Director,,273000.0,
TXN-0001891,EMP-0947,2025-03-22,Compensation Change,Market Adjustment,Finance,Finance,Internal Audit,Internal Audit,Director,Director,273000.0,295000.0,
TXN-0001892,EMP-0947,2025-06-24,Compensation Change,Merit Increase,Finance,Finance,Internal Audit,Internal Audit,Director,Director,295000.0,314000.0,
TXN-0001893,EMP-0948,2023-08-11,Hire,New Hire,,HR,,Learning & Development,,IC1,,65000.0,
TXN-0001894,EMP-0948,2024-03-09,Compensation Change,Merit Increase,HR,HR,Learning & Development,Learning & Development,IC1,IC1,65000.0,68000.0,
TXN-0001895,EMP-0949,2024-12-13,Hire,New Hire,,Sales,,Customer Success,,Director,,228000.0,
TXN-0001896,EMP-0949,2025-08-06,Transfer,Internal Transfer,Sales,Legal,Customer Success,Employment Law,Director,Director,228000.0,228000.0,
TXN-0001897,EMP-0950,2020-08-01,Hire,New Hire,,Sales,,Enterprise Sales,,M1,,149000.0,
TXN-0001898,EMP-0950,2023-03-06,Termination,Compensation,,,,,,,,,Voluntary
TXN-0001899,EMP-0951,2022-08-08,Hire,New Hire,,Engineering,,QA Engineering,,IC5,,170000.0,
TXN-0001900,EMP-0951,2025-06-09,Termination,Performance,,,,,,,,,Involuntary
TXN-0001901,EMP-0952,2018-03-01,Hire,New Hire,,Engineering,,QA Engineering,,Director,,274000.0,
TXN-0001902,EMP-0952,2024-01-24,Termination,Personal Reasons,,,,,,,,,Voluntary
TXN-0001903,EMP-0953,2026-05-05,Hire,New Hire,,Finance,,Treasury,,Director,,247000.0,
TXN-0001904,EMP-0954,2024-05-16,Hire,New Hire,,Engineering,,Software Engineering,,M1,,134000.0,
TXN-0001905,EMP-0954,2024-09-17,Transfer,Internal Transfer,Engineering,Legal,Software Engineering,Employment Law,M1,M1,134000.0,134000.0,
TXN-0001906,EMP-0954,2025-03-08,Compensation Change,Market Adjustment,Legal,Legal,Employment Law,Employment Law,M1,M1,134000.0,140000.0,
TXN-0001907,EMP-0955,2024-07-11,Hire,New Hire,,Engineering,,Infrastructure / DevOps,,IC2,,104000.0,
TXN-0001908,EMP-0955,2025-07-20,Termination,Career Move,,,,,,,,,Voluntary
TXN-0001909,EMP-0956,2024-02-22,Hire,New Hire,,Product,,UX / Design,,IC5,,177000.0,
TXN-0001910,EMP-0956,2025-11-16,Transfer,Internal Transfer,Product,Legal,UX / Design,Employment Law,IC5,IC5,177000.0,177000.0,
TXN-0001911,EMP-0956,2026-01-15,Compensation Change,Merit Increase,Legal,Legal,Employment Law,Employment Law,IC5,IC5,177000.0,194000.0,
TXN-0001912,EMP-0957,2018-12-04,Hire,New Hire,,Engineering,,Software Engineering,,IC1,,70000.0,
TXN-0001913,EMP-0957,2021-11-29,Transfer,Internal Transfer,Engineering,Product,Software Engineering,Product Operations,IC1,IC1,70000.0,70000.0,
TXN-0001914,EMP-0958,2018-03-16,Hire,New Hire,,Product,,Product Management,,IC3,,124000.0,
TXN-0001915,EMP-0959,2021-02-11,Hire,New Hire,,Engineering,,Security Engineering,,IC3,,117000.0,
TXN-0001916,EMP-0959,2022-10-14,Compensation Change,Market Adjustment,Engineering,Engineering,Security Engineering,Security Engineering,IC3,IC3,117000.0,128000.0,
TXN-0001917,EMP-0960,2019-08-31,Hire,New Hire,,Product,,Product Operations,,IC4,,136000.0,
TXN-0001918,EMP-0960,2021-04-22,Compensation Change,Merit Increase,Product,Product,Product Operations,Product Operations,IC4,IC4,136000.0,147000.0,
TXN-0001919,EMP-0961,2019-09-16,Hire,New Hire,,Engineering,,Data Engineering,,IC4,,151000.0,
TXN-0001920,EMP-0961,2021-06-18,Compensation Change,Merit Increase,Engineering,Engineering,Data Engineering,Data Engineering,IC4,IC4,151000.0,161000.0,
TXN-0001921,EMP-0961,2024-07-09,Transfer,Internal Transfer,Engineering,Sales,Data Engineering,Revenue Operations,IC4,IC4,161000.0,161000.0,
TXN-0001922,EMP-0962,2019-07-11,Hire,New Hire,,Engineering,,Security Engineering,,IC3,,112000.0,
TXN-0001923,EMP-0963,2020-06-29,Hire,New Hire,,Engineering,,QA Engineering,,M1,,165000.0,
TXN-0001924,EMP-0964,2019-07-26,Hire,New Hire,,Legal,,Compliance,,M3,,204000.0,
TXN-0001925,EMP-0965,2021-09-02,Hire,New Hire,,Product,,UX / Design,,IC1,,71000.0,
TXN-0001926,EMP-0965,2022-02-03,Transfer,Internal Transfer,Product,Sales,UX / Design,Sales Development,IC1,IC1,71000.0,71000.0,
TXN-0001927,EMP-0965,2024-07-25,Transfer,Internal Transfer,Sales,Engineering,Sales Development,Software Engineering,IC1,IC1,71000.0,71000.0,
TXN-0001928,EMP-0966,2019-08-11,Hire,New Hire,,Product,,UX / Design,,IC2,,82000.0,
TXN-0001929,EMP-0967,2024-05-14,Hire,New Hire,,Engineering,,Security Engineering,,IC1,,61000.0,
TXN-0001930,EMP-0967,2026-06-15,Transfer,Internal Transfer,Engineering,Finance,Security Engineering,Treasury,IC1,IC1,61000.0,61000.0,
TXN-0001931,EMP-0968,2026-03-12,Hire,New Hire,,HR,,Total Rewards,,M2,,176000.0,
TXN-0001932,EMP-0968,2026-06-06,Termination,Career Move,,,,,,,,,Voluntary
TXN-0001933,EMP-0969,2025-02-09,Hire,New Hire,,Product,,UX / Design,,IC3,,116000.0,
TXN-0001934,EMP-0970,2026-01-24,Hire,New Hire,,Engineering,,Data Engineering,,M2,,199000.0,
TXN-0001935,EMP-0971,2018-12-07,Hire,New Hire,,Engineering,,Security Engineering,,IC2,,105000.0,
TXN-0001936,EMP-0972,2023-02-23,Hire,New Hire,,Sales,,Sales Development,,IC1,,68000.0,
TXN-0001937,EMP-0972,2025-05-26,Compensation Change,Market Adjustment,Sales,Sales,Sales Development,Sales Development,IC1,IC1,68000.0,76000.0,
TXN-0001938,EMP-0973,2019-06-17,Hire,New Hire,,Legal,,Compliance,,M1,,164000.0,
TXN-0001939,EMP-0973,2025-08-29,Transfer,Internal Transfer,Legal,Product,Compliance,Product Operations,M1,M1,164000.0,164000.0,
TXN-0001940,EMP-0973,2026-05-25,Compensation Change,Merit Increase,Product,Product,Product Operations,Product Operations,M1,M1,164000.0,179000.0,
TXN-0001941,EMP-0974,2022-01-21,Hire,New Hire,,Marketing,,Demand Generation,,M2,,166000.0,
TXN-0001942,EMP-0974,2024-11-05,Compensation Change,Merit Increase,Marketing,Marketing,Demand Generation,Demand Generation,M2,M2,166000.0,186000.0,
TXN-0001943,EMP-0975,2021-01-18,Hire,New Hire,,Engineering,,Data Engineering,,IC2,,88000.0,
TXN-0001944,EMP-0975,2021-12-26,Compensation Change,Market Adjustment,Engineering,Engineering,Data Engineering,Data Engineering,IC2,IC2,88000.0,92000.0,
TXN-0001945,EMP-0976,2022-11-08,Hire,New Hire,,Finance,,Tax,,IC2,,95000.0,
TXN-0001946,EMP-0976,2023-01-12,Compensation Change,Market Adjustment,Finance,Finance,Tax,Tax,IC2,IC2,95000.0,103000.0,
TXN-0001947,EMP-0977,2025-03-17,Hire,New Hire,,Product,,Product Management,,IC1,,75000.0,
TXN-0001948,EMP-0978,2023-12-16,Hire,New Hire,,Finance,,Accounting,,M3,,219000.0,
TXN-0001949,EMP-0979,2021-03-23,Hire,New Hire,,Finance,,Internal Audit,,IC2,,102000.0,
TXN-0001950,EMP-0979,2024-08-05,Compensation Change,Market Adjustment,Finance,Finance,Internal Audit,Internal Audit,IC2,IC2,102000.0,110000.0,
TXN-0001951,EMP-0980,2018-03-16,Hire,New Hire,,Engineering,,QA Engineering,,IC3,,130000.0,
TXN-0001952,EMP-0981,2021-06-27,Hire,New Hire,,Product,,Product Management,,IC1,,73000.0,
TXN-0001953,EMP-0981,2022-03-26,Compensation Change,Market Adjustment,Product,Product,Product Management,Product Management,IC1,IC1,73000.0,76000.0,
TXN-0001954,EMP-0981,2022-05-03,Compensation Change,Merit Increase,Product,Product,Product Management,Product Management,IC1,IC1,76000.0,80000.0,
TXN-0001955,EMP-0981,2026-01-06,Termination,Reorganization,,,,,,,,,Involuntary
TXN-0001956,EMP-0982,2018-08-05,Hire,New Hire,,Engineering,,Software Engineering,,M2,,172000.0,
TXN-0001957,EMP-0982,2025-04-25,Compensation Change,Merit Increase,Engineering,Engineering,Software Engineering,Software Engineering,M2,M2,172000.0,191000.0,
TXN-0001958,EMP-0982,2025-10-13,Termination,Career Move,,,,,,,,,Voluntary
TXN-0001959,EMP-0983,2020-05-09,Hire,New Hire,,HR,,Total Rewards,,IC1,,78000.0,
TXN-0001960,EMP-0983,2021-07-18,Compensation Change,Market Adjustment,HR,HR,Total Rewards,Total Rewards,IC1,IC1,78000.0,84000.0,
TXN-0001961,EMP-0983,2025-10-29,Termination,Compensation,,,,,,,,,Voluntary
TXN-0001962,EMP-0984,2022-05-09,Hire,New Hire,,Sales,,Sales Development,,IC3,,128000.0,
TXN-0001963,EMP-0984,2022-09-20,Compensation Change,Market Adjustment,Sales,Sales,Sales Development,Sales Development,IC3,IC3,128000.0,135000.0,
TXN-0001964,EMP-0985,2025-02-18,Hire,New Hire,,Sales,,Revenue Operations,,IC4,,156000.0,
TXN-0001965,EMP-0986,2022-11-28,Hire,New Hire,,Product,,UX / Design,,IC5,,168000.0,
TXN-0001966,EMP-0986,2026-02-13,Transfer,Internal Transfer,Product,Finance,UX / Design,Internal Audit,IC5,IC5,168000.0,168000.0,
TXN-0001967,EMP-0986,2026-05-14,Compensation Change,Merit Increase,Finance,Finance,Internal Audit,Internal Audit,IC5,IC5,168000.0,180000.0,
TXN-0001968,EMP-0987,2023-04-01,Hire,New Hire,,Engineering,,Software Engineering,,M3,,238000.0,
TXN-0001969,EMP-0988,2019-09-26,Hire,New Hire,,Sales,,Sales Development,,IC2,,102000.0,
TXN-0001970,EMP-0988,2022-08-20,Transfer,Internal Transfer,Sales,Engineering,Sales Development,Infrastructure / DevOps,IC2,IC2,102000.0,102000.0,
TXN-0001971,EMP-0988,2024-08-12,Compensation Change,Market Adjustment,Engineering,Engineering,Infrastructure / DevOps,Infrastructure / DevOps,IC2,IC2,102000.0,105000.0,
TXN-0001972,EMP-0989,2019-03-11,Hire,New Hire,,Engineering,,Software Engineering,,IC5,,166000.0,
TXN-0001973,EMP-0989,2023-03-21,Transfer,Internal Transfer,Engineering,Marketing,Software Engineering,Demand Generation,IC5,IC5,166000.0,166000.0,
TXN-0001974,EMP-0990,2025-07-03,Hire,New Hire,,Engineering,,QA Engineering,,IC1,,64000.0,
TXN-0001975,EMP-0991,2019-05-13,Hire,New Hire,,Marketing,,Product Marketing,,IC2,,95000.0,
TXN-0001976,EMP-0991,2023-05-25,Compensation Change,Market Adjustment,Marketing,Marketing,Product Marketing,Product Marketing,IC2,IC2,95000.0,100000.0,
TXN-0001977,EMP-0991,2025-12-16,Termination,Reorganization,,,,,,,,,Involuntary
TXN-0001978,EMP-0992,2018-09-29,Hire,New Hire,,Sales,,Revenue Operations,,IC1,,72000.0,
TXN-0001979,EMP-0992,2020-06-01,Promotion,Merit Promotion,Sales,Sales,Revenue Operations,Revenue Operations,IC1,IC2,72000.0,81000.0,
TXN-0001980,EMP-0992,2021-10-16,Compensation Change,Merit Increase,Sales,Sales,Revenue Operations,Revenue Operations,IC2,IC2,81000.0,90000.0,
TXN-0001981,EMP-0993,2018-01-19,Hire,New Hire,,Sales,,Revenue Operations,,IC3,,133000.0,
TXN-0001982,EMP-0993,2025-05-29,Transfer,Internal Transfer,Sales,HR,Revenue Operations,HR Business Partnering,IC3,IC3,133000.0,133000.0,
TXN-0001983,EMP-0993,2025-10-14,Compensation Change,Merit Increase,HR,HR,HR Business Partnering,HR Business Partnering,IC3,IC3,133000.0,145000.0,
TXN-0001984,EMP-0994,2021-03-27,Hire,New Hire,,Engineering,,Infrastructure / DevOps,,IC2,,101000.0,
TXN-0001985,EMP-0994,2025-06-16,Transfer,Internal Transfer,Engineering,Sales,Infrastructure / DevOps,Account Management,IC2,IC2,101000.0,101000.0,
TXN-0001986,EMP-0994,2025-11-10,Promotion,Merit Promotion,Sales,Sales,Account Management,Account Management,IC2,IC3,101000.0,108000.0,
TXN-0001987,EMP-0995,2022-03-25,Hire,New Hire,,Engineering,,Security Engineering,,M3,,229000.0,
TXN-0001988,EMP-0995,2024-07-29,Compensation Change,Market Adjustment,Engineering,Engineering,Security Engineering,Security Engineering,M3,M3,229000.0,241000.0,
TXN-0001989,EMP-0996,2024-03-02,Hire,New Hire,,Sales,,Account Management,,IC1,,62000.0,
TXN-0001990,EMP-0997,2020-11-29,Hire,New Hire,,Product,,Product Management,,IC2,,92000.0,
TXN-0001991,EMP-0997,2022-10-15,Transfer,Internal Transfer,Product,Marketing,Product Management,Brand,IC2,IC2,92000.0,92000.0,
TXN-0001992,EMP-0997,2023-06-29,Promotion,Merit Promotion,Marketing,Marketing,Brand,Brand,IC2,IC3,92000.0,128000.0,
TXN-0001993,EMP-0998,2023-07-12,Hire,New Hire,,Engineering,,QA Engineering,,IC3,,129000.0,
TXN-0001994,EMP-0998,2024-02-28,Transfer,Internal Transfer,Engineering,HR,QA Engineering,HR Business Partnering,IC3,IC3,129000.0,129000.0,
TXN-0001995,EMP-0999,2018-07-06,Hire,New Hire,,Finance,,Internal Audit,,M3,,218000.0,
TXN-0001996,EMP-0999,2023-06-22,Compensation Change,Market Adjustment,Finance,Finance,Internal Audit,Internal Audit,M3,M3,218000.0,241000.0,
TXN-0001997,EMP-1000,2022-09-28,Hire,New Hire,,Sales,,Revenue Operations,,M1,,146000.0,
TXN-0001998,EMP-1000,2023-03-02,Compensation Change,Market Adjustment,Sales,Sales,Revenue Operations,Revenue Operations,M1,M1,146000.0,156000.0,
TXN-0001999,EMP-1001,2020-12-15,Hire,New Hire,,Engineering,,Security Engineering,,IC1,,71000.0,
TXN-0002000,EMP-1001,2022-10-27,Termination,Career Move,,,,,,,,,Voluntary
TXN-0002001,EMP-1002,2023-12-12,Hire,New Hire,,Sales,,Account Management,,IC4,,154000.0,
TXN-0002002,EMP-1003,2025-11-30,Hire,New Hire,,Engineering,,Security Engineering,,IC3,,125000.0,
TXN-0002003,EMP-1004,2025-09-07,Hire,New Hire,,Product,,Product Operations,,Director,,244000.0,
TXN-0002004,EMP-1004,2025-10-30,Transfer,Internal Transfer,Product,Finance,Product Operations,Tax,Director,Director,244000.0,244000.0,
TXN-0002005,EMP-1004,2026-03-23,Compensation Change,Merit Increase,Finance,Finance,Tax,Tax,Director,Director,244000.0,260000.0,
TXN-0002006,EMP-1004,2026-04-30,Termination,Performance,,,,,,,,,Involuntary
TXN-0002007,EMP-1005,2021-10-17,Hire,New Hire,,Finance,,Accounting,,IC2,,98000.0,
TXN-0002008,EMP-1006,2020-06-11,Hire,New Hire,,Marketing,,Marketing Operations,,IC2,,91000.0,
TXN-0002009,EMP-1006,2020-11-11,Compensation Change,Market Adjustment,Marketing,Marketing,Marketing Operations,Marketing Operations,IC2,IC2,91000.0,98000.0,
TXN-0002010,EMP-1006,2024-04-05,Compensation Change,Market Adjustment,Marketing,Marketing,Marketing Operations,Marketing Operations,IC2,IC2,98000.0,102000.0,
TXN-0002011,EMP-1007,2020-08-21,Hire,New Hire,,Finance,,Tax,,IC1,,60000.0,
TXN-0002012,EMP-1007,2022-05-06,Transfer,Internal Transfer,Finance,Marketing,Tax,Product Marketing,IC1,IC1,60000.0,60000.0,
TXN-0002013,EMP-1008,2021-09-02,Hire,New Hire,,Product,,Product Operations,,IC1,,77000.0,
TXN-0002014,EMP-1009,2021-08-10,Hire,New Hire,,Sales,,Revenue Operations,,M1,,146000.0,
TXN-0002015,EMP-1009,2023-08-04,Transfer,Internal Transfer,Sales,Product,Revenue Operations,UX / Design,M1,M1,146000.0,146000.0,
TXN-0002016,EMP-1010,2018-04-24,Hire,New Hire,,Sales,,Sales Development,,IC3,,130000.0,
TXN-0002017,EMP-1011,2019-06-18,Hire,New Hire,,Engineering,,Security Engineering,,IC4,,153000.0,
TXN-0002018,EMP-1011,2024-12-12,Promotion,Merit Promotion,Engineering,Engineering,Security Engineering,Security Engineering,IC4,IC5,153000.0,187000.0,
TXN-0002019,EMP-1012,2022-02-28,Hire,New Hire,,Sales,,Revenue Operations,,IC4,,146000.0,
TXN-0002020,EMP-1013,2024-12-01,Hire,New Hire,,Engineering,,Infrastructure / DevOps,,IC3,,116000.0,
TXN-0002021,EMP-1013,2025-02-02,Transfer,Internal Transfer,Engineering,Sales,Infrastructure / DevOps,Revenue Operations,IC3,IC3,116000.0,116000.0,
TXN-0002022,EMP-1013,2025-12-28,Termination,Performance,,,,,,,,,Involuntary
TXN-0002023,EMP-1014,2020-02-06,Hire,New Hire,,Finance,,Financial Planning & Analysis,,IC1,,78000.0,
TXN-0002024,EMP-1014,2020-05-02,Promotion,Merit Promotion,Finance,Finance,Financial Planning & Analysis,Financial Planning & Analysis,IC1,IC2,78000.0,104000.0,
TXN-0002025,EMP-1015,2025-08-11,Hire,New Hire,,Finance,,Treasury,,IC5,,169000.0,
TXN-0002026,EMP-1015,2026-04-28,Transfer,Internal Transfer,Finance,Engineering,Treasury,Data Engineering,IC5,IC5,169000.0,169000.0,
TXN-0002027,EMP-1015,2026-06-02,Transfer,Internal Transfer,Engineering,Product,Data Engineering,UX / Design,IC5,IC5,169000.0,169000.0,
TXN-0002028,EMP-1016,2021-11-03,Hire,New Hire,,Sales,,Account Management,,IC2,,104000.0,
TXN-0002029,EMP-1016,2022-12-13,Promotion,Merit Promotion,Sales,Sales,Account Management,Account Management,IC2,IC3,104000.0,113000.0,
TXN-0002030,EMP-1016,2026-04-08,Promotion,Merit Promotion,Sales,Sales,Account Management,Account Management,IC3,IC4,113000.0,138000.0,
TXN-0002031,EMP-1017,2019-10-17,Hire,New Hire,,Product,,Product Operations,,IC1,,66000.0,
TXN-0002032,EMP-1018,2024-04-24,Hire,New Hire,,HR,,Talent Acquisition,,IC3,,127000.0,
TXN-0002033,EMP-1018,2026-02-13,Compensation Change,Market Adjustment,HR,HR,Talent Acquisition,Talent Acquisition,IC3,IC3,127000.0,140000.0,
TXN-0002034,EMP-1018,2026-03-28,Compensation Change,Merit Increase,HR,HR,Talent Acquisition,Talent Acquisition,IC3,IC3,140000.0,147000.0,
TXN-0002035,EMP-1018,2026-05-17,Termination,Reorganization,,,,,,,,,Involuntary
TXN-0002036,EMP-1019,2020-01-09,Hire,New Hire,,Finance,,Internal Audit,,IC1,,77000.0,
TXN-0002037,EMP-1020,2021-05-07,Hire,New Hire,,HR,,Learning & Development,,IC5,,189000.0,
TXN-0002038,EMP-1020,2025-01-18,Transfer,Internal Transfer,HR,Sales,Learning & Development,Revenue Operations,IC5,IC5,189000.0,189000.0,
TXN-0002039,EMP-1021,2021-05-29,Hire,New Hire,,Engineering,,QA Engineering,,IC2,,104000.0,
TXN-0002040,EMP-1021,2021-08-14,Transfer,Internal Transfer,Engineering,Sales,QA Engineering,Customer Success,IC2,IC2,104000.0,104000.0,
TXN-0002041,EMP-1022,2018-01-12,Hire,New Hire,,Engineering,,Security Engineering,,IC2,,99000.0,
TXN-0002042,EMP-1022,2018-03-24,Termination,Performance,,,,,,,,,Involuntary
TXN-0002043,EMP-1023,2024-05-03,Hire,New Hire,,Sales,,Sales Development,,M1,,151000.0,
TXN-0002044,EMP-1023,2025-04-04,Compensation Change,Merit Increase,Sales,Sales,Sales Development,Sales Development,M1,M1,151000.0,159000.0,
TXN-0002045,EMP-1024,2024-01-30,Hire,New Hire,,Engineering,,Infrastructure / DevOps,,IC2,,103000.0,
TXN-0002046,EMP-1024,2024-11-08,Promotion,Merit Promotion,Engineering,Engineering,Infrastructure / DevOps,Infrastructure / DevOps,IC2,IC3,103000.0,105000.0,
TXN-0002047,EMP-1024,2025-05-28,Promotion,Merit Promotion,Engineering,Engineering,Infrastructure / DevOps,Infrastructure / DevOps,IC3,IC4,105000.0,137000.0,
TXN-0002048,EMP-1024,2026-01-04,Termination,Reorganization,,,,,,,,,Involuntary
TXN-0002049,EMP-1025,2021-11-10,Hire,New Hire,,Marketing,,Demand Generation,,IC1,,62000.0,
TXN-0002050,EMP-1026,2018-05-17,Hire,New Hire,,Engineering,,Data Engineering,,M2,,195000.0,
TXN-0002051,EMP-1027,2024-12-30,Hire,New Hire,,Marketing,,Content Marketing,,IC1,,75000.0,
TXN-0002052,EMP-1028,2024-08-22,Hire,New Hire,,Sales,,Revenue Operations,,M1,,135000.0,
TXN-0002053,EMP-1028,2025-05-15,Compensation Change,Market Adjustment,Sales,Sales,Revenue Operations,Revenue Operations,M1,M1,135000.0,149000.0,
TXN-0002054,EMP-1029,2019-01-06,Hire,New Hire,,Engineering,,Data Engineering,,IC1,,78000.0,
TXN-0002055,EMP-1029,2025-12-15,Compensation Change,Merit Increase,Engineering,Engineering,Data Engineering,Data Engineering,IC1,IC1,78000.0,81000.0,
TXN-0002056,EMP-1029,2026-03-17,Termination,Reorganization,,,,,,,,,Involuntary
TXN-0002057,EMP-1030,2020-03-22,Hire,New Hire,,HR,,Talent Acquisition,,IC1,,70000.0,
TXN-0002058,EMP-1030,2024-08-10,Promotion,Merit Promotion,HR,HR,Talent Acquisition,Talent Acquisition,IC1,IC2,70000.0,99000.0,
TXN-0002059,EMP-1030,2025-06-10,Compensation Change,Market Adjustment,HR,HR,Talent Acquisition,Talent Acquisition,IC2,IC2,99000.0,107000.0,
TXN-0002060,EMP-1031,2019-02-05,Hire,New Hire,,Finance,,Internal Audit,,IC2,,83000.0,
TXN-0002061,EMP-1031,2021-10-12,Compensation Change,Market Adjustment,Finance,Finance,Internal Audit,Internal Audit,IC2,IC2,83000.0,86000.0,
TXN-0002062,EMP-1032,2021-01-27,Hire,New Hire,,Product,,UX / Design,,IC1,,66000.0,
TXN-0002063,EMP-1032,2026-03-26,Termination,Career Move,,,,,,,,,Voluntary
TXN-0002064,EMP-1033,2024-12-17,Hire,New Hire,,Engineering,,Security Engineering,,IC4,,138000.0,
TXN-0002065,EMP-1033,2025-10-18,Transfer,Internal Transfer,Engineering,Product,Security Engineering,UX / Design,IC4,IC4,138000.0,138000.0,
TXN-0002066,EMP-1033,2025-12-14,Termination,Compensation,,,,,,,,,Voluntary
TXN-0002067,EMP-1034,2020-08-01,Hire,New Hire,,Engineering,,QA Engineering,,IC1,,67000.0,
TXN-0002068,EMP-1035,2019-03-07,Hire,New Hire,,Product,,UX / Design,,IC1,,65000.0,
TXN-0002069,EMP-1035,2024-06-06,Compensation Change,Merit Increase,Product,Product,UX / Design,UX / Design,IC1,IC1,65000.0,68000.0,
TXN-0002070,EMP-1035,2025-07-24,Compensation Change,Merit Increase,Product,Product,UX / Design,UX / Design,IC1,IC1,68000.0,72000.0,
TXN-0002071,EMP-1035,2025-10-09,Termination,Career Move,,,,,,,,,Voluntary
TXN-0002072,EMP-1036,2025-12-10,Hire,New Hire,,HR,,Total Rewards,,IC5,,182000.0,
TXN-0002073,EMP-1037,2018-01-31,Hire,New Hire,,Sales,,Enterprise Sales,,IC2,,99000.0,
TXN-0002074,EMP-1037,2024-08-10,Promotion,Merit Promotion,Sales,Sales,Enterprise Sales,Enterprise Sales,IC2,IC3,99000.0,111000.0,
TXN-0002075,EMP-1038,2019-11-28,Hire,New Hire,,Sales,,Customer Success,,IC2,,95000.0,
TXN-0002076,EMP-1038,2020-08-18,Promotion,Merit Promotion,Sales,Sales,Customer Success,Customer Success,IC2,IC3,95000.0,119000.0,
TXN-0002077,EMP-1039,2021-04-02,Hire,New Hire,,Engineering,,Security Engineering,,IC1,,65000.0,
TXN-0002078,EMP-1039,2025-06-15,Transfer,Internal Transfer,Engineering,Product,Security Engineering,Product Operations,IC1,IC1,65000.0,65000.0,
TXN-0002079,EMP-1040,2021-08-06,Hire,New Hire,,Product,,Product Operations,,IC1,,69000.0,
TXN-0002080,EMP-1041,2022-06-18,Hire,New Hire,,Engineering,,Security Engineering,,IC5,,164000.0,
TXN-0002081,EMP-1042,2021-07-30,Hire,New Hire,,Marketing,,Brand,,IC3,,107000.0,
TXN-0002082,EMP-1043,2019-03-12,Hire,New Hire,,Sales,,Customer Success,,IC5,,166000.0,
TXN-0002083,EMP-1044,2021-05-13,Hire,New Hire,,Sales,,Revenue Operations,,IC3,,110000.0,
TXN-0002084,EMP-1044,2026-03-21,Termination,Performance,,,,,,,,,Involuntary
TXN-0002085,EMP-1045,2020-10-03,Hire,New Hire,,Engineering,,QA Engineering,,IC5,,163000.0,
TXN-0002086,EMP-1046,2022-09-07,Hire,New Hire,,HR,,People Operations,,IC3,,110000.0,
TXN-0002087,EMP-1047,2021-11-04,Hire,New Hire,,Finance,,Financial Planning & Analysis,,IC1,,79000.0,
TXN-0002088,EMP-1047,2025-07-21,Promotion,Merit Promotion,Finance,Finance,Financial Planning & Analysis,Financial Planning & Analysis,IC1,IC2,79000.0,98000.0,
TXN-0002089,EMP-1047,2025-09-27,Promotion,Merit Promotion,Finance,Finance,Financial Planning & Analysis,Financial Planning & Analysis,IC2,IC3,98000.0,128000.0,
TXN-0002090,EMP-1048,2020-10-03,Hire,New Hire,,Sales,,Enterprise Sales,,IC3,,128000.0,
TXN-0002091,EMP-1048,2021-11-20,Promotion,Merit Promotion,Sales,Sales,Enterprise Sales,Enterprise Sales,IC3,IC4,128000.0,150000.0,
TXN-0002092,EMP-1048,2024-02-10,Compensation Change,Market Adjustment,Sales,Sales,Enterprise Sales,Enterprise Sales,IC4,IC4,150000.0,164000.0,
TXN-0002093,EMP-1049,2023-12-07,Hire,New Hire,,Finance,,Accounting,,M3,,218000.0,
TXN-0002094,EMP-1050,2022-09-09,Hire,New Hire,,Sales,,Account Management,,IC1,,69000.0,
TXN-0002095,EMP-1050,2024-10-02,Promotion,Merit Promotion,Sales,Sales,Account Management,Account Management,IC1,IC2,69000.0,94000.0,
TXN-0002096,EMP-1051,2019-12-12,Hire,New Hire,,Sales,,Sales Development,,IC5,,169000.0,
TXN-0002097,EMP-1051,2021-04-10,Compensation Change,Merit Increase,Sales,Sales,Sales Development,Sales Development,IC5,IC5,169000.0,187000.0,
TXN-0002098,EMP-1051,2025-10-06,Transfer,Internal Transfer,Sales,Engineering,Sales Development,Infrastructure / DevOps,IC5,IC5,187000.0,187000.0,
TXN-0002099,EMP-1052,2022-11-18,Hire,New Hire,,Product,,UX / Design,,M1,,135000.0,
TXN-0002100,EMP-1052,2024-07-29,Compensation Change,Market Adjustment,Product,Product,UX / Design,UX / Design,M1,M1,135000.0,148000.0,
TXN-0002101,EMP-1052,2025-02-26,Transfer,Internal Transfer,Product,Legal,UX / Design,Privacy & Data,M1,M1,148000.0,148000.0,
TXN-0002102,EMP-1053,2022-09-18,Hire,New Hire,,Engineering,,Software Engineering,,IC3,,118000.0,
TXN-0002103,EMP-1054,2021-02-10,Hire,New Hire,,Sales,,Revenue Operations,,IC3,,129000.0,
TXN-0002104,EMP-1054,2021-04-21,Compensation Change,Market Adjustment,Sales,Sales,Revenue Operations,Revenue Operations,IC3,IC3,129000.0,143000.0,
TXN-0002105,EMP-1055,2024-05-01,Hire,New Hire,,Sales,,Sales Development,,Director,,230000.0,
TXN-0002106,EMP-1055,2025-08-29,Transfer,Internal Transfer,Sales,HR,Sales Development,Talent Acquisition,Director,Director,230000.0,230000.0,
TXN-0002107,EMP-1055,2026-02-12,Termination,Personal Reasons,,,,,,,,,Voluntary
TXN-0002108,EMP-1056,2020-03-15,Hire,New Hire,,HR,,Learning & Development,,IC1,,76000.0,
TXN-0002109,EMP-1057,2021-04-16,Hire,New Hire,,HR,,Learning & Development,,IC3,,116000.0,
TXN-0002110,EMP-1057,2021-08-08,Promotion,Merit Promotion,HR,HR,Learning & Development,Learning & Development,IC3,IC4,116000.0,147000.0,
TXN-0002111,EMP-1058,2022-11-13,Hire,New Hire,,Marketing,,Brand,,IC2,,82000.0,
TXN-0002112,EMP-1059,2025-01-07,Hire,New Hire,,Product,,UX / Design,,IC4,,147000.0,
TXN-0002113,EMP-1060,2024-08-13,Hire,New Hire,,HR,,Learning & Development,,IC3,,105000.0,
TXN-0002114,EMP-1060,2025-06-07,Compensation Change,Market Adjustment,HR,HR,Learning & Development,Learning & Development,IC3,IC3,105000.0,109000.0,
TXN-0002115,EMP-1061,2025-02-14,Hire,New Hire,,Sales,,Revenue Operations,,M2,,191000.0,
TXN-0002116,EMP-1061,2025-08-04,Compensation Change,Market Adjustment,Sales,Sales,Revenue Operations,Revenue Operations,M2,M2,191000.0,198000.0,
TXN-0002117,EMP-1061,2026-04-22,Termination,Reorganization,,,,,,,,,Involuntary
TXN-0002118,EMP-1062,2022-08-30,Hire,New Hire,,HR,,Total Rewards,,IC1,,78000.0,
TXN-0002119,EMP-1062,2025-01-03,Compensation Change,Merit Increase,HR,HR,Total Rewards,Total Rewards,IC1,IC1,78000.0,86000.0,
TXN-0002120,EMP-1063,2021-05-01,Hire,New Hire,,Engineering,,Software Engineering,,IC1,,70000.0,
TXN-0002121,EMP-1063,2022-04-01,Transfer,Internal Transfer,Engineering,Legal,Software Engineering,Employment Law,IC1,IC1,70000.0,70000.0,
TXN-0002122,EMP-1063,2022-12-12,Promotion,Merit Promotion,Legal,Legal,Employment Law,Employment Law,IC1,IC2,70000.0,93000.0,
TXN-0002123,EMP-1064,2025-10-27,Hire,New Hire,,Engineering,,Security Engineering,,IC4,,151000.0,
TXN-0002124,EMP-1065,2022-10-21,Hire,New Hire,,Sales,,Account Management,,IC1,,67000.0,
TXN-0002125,EMP-1065,2026-03-16,Transfer,Internal Transfer,Sales,Product,Account Management,Product Management,IC1,IC1,67000.0,67000.0,
TXN-0002126,EMP-1065,2026-06-10,Compensation Change,Market Adjustment,Product,Product,Product Management,Product Management,IC1,IC1,67000.0,69000.0,
TXN-0002127,EMP-1066,2019-05-08,Hire,New Hire,,Sales,,Customer Success,,IC2,,103000.0,
TXN-0002128,EMP-1066,2025-11-15,Compensation Change,Merit Increase,Sales,Sales,Customer Success,Customer Success,IC2,IC2,103000.0,113000.0,
TXN-0002129,EMP-1066,2026-04-25,Transfer,Internal Transfer,Sales,Legal,Customer Success,Privacy & Data,IC2,IC2,113000.0,113000.0,
TXN-0002130,EMP-1067,2021-09-11,Hire,New Hire,,Product,,Product Operations,,IC4,,150000.0,
TXN-0002131,EMP-1067,2022-12-03,Transfer,Internal Transfer,Product,Sales,Product Operations,Customer Success,IC4,IC4,150000.0,150000.0,
TXN-0002132,EMP-1068,2023-08-26,Hire,New Hire,,HR,,People Operations,,IC3,,135000.0,
TXN-0002133,EMP-1068,2026-02-09,Promotion,Merit Promotion,HR,HR,People Operations,People Operations,IC3,IC4,135000.0,152000.0,
TXN-0002134,EMP-1069,2019-07-20,Hire,New Hire,,HR,,HR Business Partnering,,IC2,,101000.0,
TXN-0002135,EMP-1069,2020-07-02,Transfer,Internal Transfer,HR,Finance,HR Business Partnering,Treasury,IC2,IC2,101000.0,101000.0,
TXN-0002136,EMP-1070,2020-02-05,Hire,New Hire,,Engineering,,Software Engineering,,VP,,356000.0,
TXN-0002137,EMP-1070,2020-05-05,Transfer,Internal Transfer,Engineering,Marketing,Software Engineering,Marketing Operations,VP,VP,356000.0,356000.0,
TXN-0002138,EMP-1071,2024-11-26,Hire,New Hire,,Legal,,Corporate Legal,,IC3,,125000.0,
TXN-0002139,EMP-1071,2025-11-21,Termination,Performance,,,,,,,,,Involuntary
TXN-0002140,EMP-1072,2020-08-13,Hire,New Hire,,Engineering,,Security Engineering,,IC3,,108000.0,
TXN-0002141,EMP-1072,2024-02-25,Compensation Change,Market Adjustment,Engineering,Engineering,Security Engineering,Security Engineering,IC3,IC3,108000.0,113000.0,
TXN-0002142,EMP-1072,2024-09-03,Promotion,Merit Promotion,Engineering,Engineering,Security Engineering,Security Engineering,IC3,IC4,113000.0,153000.0,
TXN-0002143,EMP-1073,2025-09-14,Hire,New Hire,,Engineering,,Data Engineering,,IC4,,159000.0,
TXN-0002144,EMP-1074,2024-09-29,Hire,New Hire,,Engineering,,Software Engineering,,IC1,,62000.0,
TXN-0002145,EMP-1074,2025-11-22,Compensation Change,Market Adjustment,Engineering,Engineering,Software Engineering,Software Engineering,IC1,IC1,62000.0,64000.0,
TXN-0002146,EMP-1075,2022-12-04,Hire,New Hire,,Marketing,,Content Marketing,,IC4,,135000.0,
TXN-0002147,EMP-1075,2024-04-22,Compensation Change,Market Adjustment,Marketing,Marketing,Content Marketing,Content Marketing,IC4,IC4,135000.0,145000.0,
TXN-0002148,EMP-1075,2026-03-27,Compensation Change,Merit Increase,Marketing,Marketing,Content Marketing,Content Marketing,IC4,IC4,145000.0,160000.0,
TXN-0002149,EMP-1076,2025-10-12,Hire,New Hire,,Sales,,Account Management,,M1,,146000.0,
TXN-0002150,EMP-1076,2026-02-17,Compensation Change,Market Adjustment,Sales,Sales,Account Management,Account Management,M1,M1,146000.0,163000.0,
TXN-0002151,EMP-1076,2026-06-11,Compensation Change,Merit Increase,Sales,Sales,Account Management,Account Management,M1,M1,163000.0,170000.0,
TXN-0002152,EMP-1077,2025-04-18,Hire,New Hire,,Engineering,,QA Engineering,,IC4,,157000.0,
TXN-0002153,EMP-1077,2026-02-03,Promotion,Merit Promotion,Engineering,Engineering,QA Engineering,QA Engineering,IC4,IC5,157000.0,160000.0,
TXN-0002154,EMP-1077,2026-05-01,Compensation Change,Merit Increase,Engineering,Engineering,QA Engineering,QA Engineering,IC5,IC5,160000.0,166000.0,
TXN-0002155,EMP-1078,2019-10-02,Hire,New Hire,,Engineering,,Security Engineering,,IC5,,182000.0,
TXN-0002156,EMP-1078,2025-11-18,Compensation Change,Merit Increase,Engineering,Engineering,Security Engineering,Security Engineering,IC5,IC5,182000.0,198000.0,
TXN-0002157,EMP-1079,2022-07-06,Hire,New Hire,,Engineering,,Data Engineering,,IC5,,179000.0,
TXN-0002158,EMP-1079,2024-04-02,Compensation Change,Market Adjustment,Engineering,Engineering,Data Engineering,Data Engineering,IC5,IC5,179000.0,198000.0,
TXN-0002159,EMP-1079,2026-06-11,Compensation Change,Merit Increase,Engineering,Engineering,Data Engineering,Data Engineering,IC5,IC5,198000.0,216000.0,
TXN-0002160,EMP-1080,2023-10-16,Hire,New Hire,,Engineering,,Infrastructure / DevOps,,IC2,,96000.0,
TXN-0002161,EMP-1080,2025-08-22,Promotion,Merit Promotion,Engineering,Engineering,Infrastructure / DevOps,Infrastructure / DevOps,IC2,IC3,96000.0,107000.0,
TXN-0002162,EMP-1081,2022-09-29,Hire,New Hire,,Sales,,Customer Success,,IC3,,126000.0,
TXN-0002163,EMP-1082,2022-07-22,Hire,New Hire,,Legal,,Privacy & Data,,IC2,,83000.0,
TXN-0002164,EMP-1082,2022-12-15,Termination,Career Move,,,,,,,,,Voluntary
TXN-0002165,EMP-1083,2022-09-22,Hire,New Hire,,Product,,Product Management,,IC2,,97000.0,
TXN-0002166,EMP-1083,2024-12-11,Compensation Change,Market Adjustment,Product,Product,Product Management,Product Management,IC2,IC2,97000.0,102000.0,
TXN-0002167,EMP-1083,2025-12-18,Compensation Change,Market Adjustment,Product,Product,Product Management,Product Management,IC2,IC2,102000.0,111000.0,
TXN-0002168,EMP-1084,2018-11-29,Hire,New Hire,,Sales,,Sales Development,,IC3,,105000.0,
TXN-0002169,EMP-1084,2023-03-09,Termination,Compensation,,,,,,,,,Voluntary
TXN-0002170,EMP-1085,2018-03-18,Hire,New Hire,,HR,,Learning & Development,,IC2,,82000.0,
TXN-0002171,EMP-1086,2020-12-26,Hire,New Hire,,Product,,Product Operations,,IC1,,69000.0,
TXN-0002172,EMP-1086,2024-09-15,Compensation Change,Market Adjustment,Product,Product,Product Operations,Product Operations,IC1,IC1,69000.0,71000.0,
TXN-0002173,EMP-1087,2021-07-27,Hire,New Hire,,Legal,,Employment Law,,IC3,,130000.0,
TXN-0002174,EMP-1088,2020-11-13,Hire,New Hire,,Finance,,Internal Audit,,IC4,,154000.0,
TXN-0002175,EMP-1088,2022-07-06,Compensation Change,Market Adjustment,Finance,Finance,Internal Audit,Internal Audit,IC4,IC4,154000.0,172000.0,
TXN-0002176,EMP-1089,2021-01-19,Hire,New Hire,,Product,,Product Operations,,IC2,,94000.0,
TXN-0002177,EMP-1089,2022-07-12,Transfer,Internal Transfer,Product,HR,Product Operations,People Operations,IC2,IC2,94000.0,94000.0,
TXN-0002178,EMP-1089,2023-09-19,Compensation Change,Merit Increase,HR,HR,People Operations,People Operations,IC2,IC2,94000.0,99000.0,
TXN-0002179,EMP-1090,2023-03-14,Hire,New Hire,,Sales,,Customer Success,,IC1,,76000.0,
TXN-0002180,EMP-1091,2024-05-11,Hire,New Hire,,Engineering,,Security Engineering,,M2,,199000.0,
TXN-0002181,EMP-1091,2025-02-27,Compensation Change,Merit Increase,Engineering,Engineering,Security Engineering,Security Engineering,M2,M2,199000.0,214000.0,
TXN-0002182,EMP-1091,2025-10-25,Termination,Career Move,,,,,,,,,Voluntary
TXN-0002183,EMP-1092,2018-02-15,Hire,New Hire,,Product,,UX / Design,,IC1,,68000.0,
TXN-0002184,EMP-1092,2020-03-10,Promotion,Merit Promotion,Product,Product,UX / Design,UX / Design,IC1,IC2,68000.0,89000.0,
TXN-0002185,EMP-1093,2024-08-13,Hire,New Hire,,Finance,,Internal Audit,,M1,,153000.0,
TXN-0002186,EMP-1093,2026-03-27,Compensation Change,Market Adjustment,Finance,Finance,Internal Audit,Internal Audit,M1,M1,153000.0,162000.0,
TXN-0002187,EMP-1093,2026-06-16,Compensation Change,Market Adjustment,Finance,Finance,Internal Audit,Internal Audit,M1,M1,162000.0,174000.0,
TXN-0002188,EMP-1094,2020-02-07,Hire,New Hire,,Engineering,,QA Engineering,,IC1,,78000.0,
TXN-0002189,EMP-1094,2020-09-24,Transfer,Internal Transfer,Engineering,HR,QA Engineering,Learning & Development,IC1,IC1,78000.0,78000.0,
TXN-0002190,EMP-1094,2023-01-21,Termination,Compensation,,,,,,,,,Voluntary
TXN-0002191,EMP-1095,2020-02-16,Hire,New Hire,,Engineering,,Infrastructure / DevOps,,IC1,,62000.0,
TXN-0002192,EMP-1095,2023-06-16,Promotion,Merit Promotion,Engineering,Engineering,Infrastructure / DevOps,Infrastructure / DevOps,IC1,IC2,62000.0,96000.0,
TXN-0002193,EMP-1095,2026-02-25,Compensation Change,Merit Increase,Engineering,Engineering,Infrastructure / DevOps,Infrastructure / DevOps,IC2,IC2,96000.0,100000.0,
TXN-0002194,EMP-1096,2021-06-03,Hire,New Hire,,Product,,Product Operations,,IC5,,183000.0,
TXN-0002195,EMP-1096,2021-11-24,Compensation Change,Merit Increase,Product,Product,Product Operations,Product Operations,IC5,IC5,183000.0,190000.0,
TXN-0002196,EMP-1096,2024-11-15,Compensation Change,Merit Increase,Product,Product,Product Operations,Product Operations,IC5,IC5,190000.0,204000.0,
TXN-0002197,EMP-1097,2024-02-05,Hire,New Hire,,Sales,,Revenue Operations,,M1,,135000.0,
TXN-0002198,EMP-1097,2025-04-02,Compensation Change,Merit Increase,Sales,Sales,Revenue Operations,Revenue Operations,M1,M1,135000.0,148000.0,
TXN-0002199,EMP-1097,2025-09-30,Compensation Change,Merit Increase,Sales,Sales,Revenue Operations,Revenue Operations,M1,M1,148000.0,157000.0,
TXN-0002200,EMP-1097,2025-12-15,Termination,Career Move,,,,,,,,,Voluntary
TXN-0002201,EMP-1098,2018-05-07,Hire,New Hire,,Engineering,,Infrastructure / DevOps,,IC3,,133000.0,
TXN-0002202,EMP-1099,2024-04-07,Hire,New Hire,,Engineering,,Infrastructure / DevOps,,IC3,,117000.0,
TXN-0002203,EMP-1099,2024-06-10,Compensation Change,Market Adjustment,Engineering,Engineering,Infrastructure / DevOps,Infrastructure / DevOps,IC3,IC3,117000.0,130000.0,
TXN-0002204,EMP-1100,2018-01-18,Hire,New Hire,,Engineering,,Software Engineering,,IC3,,119000.0,
TXN-0002205,EMP-1100,2022-09-19,Promotion,Merit Promotion,Engineering,Engineering,Software Engineering,Software Engineering,IC3,IC4,119000.0,148000.0,
TXN-0002206,EMP-1101,2023-05-22,Hire,New Hire,,Engineering,,Data Engineering,,IC2,,99000.0,
TXN-0002207,EMP-1102,2021-06-22,Hire,New Hire,,Engineering,,Data Engineering,,IC1,,76000.0,
TXN-0002208,EMP-1103,2025-05-13,Hire,New Hire,,Engineering,,Data Engineering,,IC2,,92000.0,
TXN-0002209,EMP-1104,2020-03-15,Hire,New Hire,,Legal,,Employment Law,,IC4,,137000.0,
TXN-0002210,EMP-1105,2025-06-09,Hire,New Hire,,Finance,,Accounting,,IC5,,194000.0,
TXN-0002211,EMP-1105,2026-05-10,Compensation Change,Market Adjustment,Finance,Finance,Accounting,Accounting,IC5,IC5,194000.0,210000.0,
TXN-0002212,EMP-1105,2026-06-15,Compensation Change,Market Adjustment,Finance,Finance,Accounting,Accounting,IC5,IC5,210000.0,217000.0,
TXN-0002213,EMP-1106,2021-04-18,Hire,New Hire,,Sales,,Enterprise Sales,,M1,,140000.0,
TXN-0002214,EMP-1107,2022-12-24,Hire,New Hire,,Sales,,Customer Success,,IC5,,175000.0,
TXN-0002215,EMP-1107,2023-02-02,Compensation Change,Market Adjustment,Sales,Sales,Customer Success,Customer Success,IC5,IC5,175000.0,188000.0,
TXN-0002216,EMP-1107,2023-08-07,Compensation Change,Market Adjustment,Sales,Sales,Customer Success,Customer Success,IC5,IC5,188000.0,204000.0,
TXN-0002217,EMP-1108,2025-09-19,Hire,New Hire,,Product,,Product Operations,,Director,,271000.0,
TXN-0002218,EMP-1108,2025-11-30,Compensation Change,Merit Increase,Product,Product,Product Operations,Product Operations,Director,Director,271000.0,294000.0,
TXN-0002219,EMP-1108,2026-03-08,Transfer,Internal Transfer,Product,Sales,Product Operations,Enterprise Sales,Director,Director,294000.0,294000.0,
TXN-0002220,EMP-1109,2024-04-05,Hire,New Hire,,Sales,,Enterprise Sales,,IC4,,148000.0,
TXN-0002221,EMP-1109,2024-08-10,Transfer,Internal Transfer,Sales,Finance,Enterprise Sales,Tax,IC4,IC4,148000.0,148000.0,
TXN-0002222,EMP-1110,2022-05-27,Hire,New Hire,,HR,,Total Rewards,,IC2,,86000.0,
TXN-0002223,EMP-1110,2025-02-18,Promotion,Merit Promotion,HR,HR,Total Rewards,Total Rewards,IC2,IC3,86000.0,114000.0,
TXN-0002224,EMP-1111,2018-02-21,Hire,New Hire,,Engineering,,QA Engineering,,IC3,,115000.0,
TXN-0002225,EMP-1111,2021-01-04,Compensation Change,Merit Increase,Engineering,Engineering,QA Engineering,QA Engineering,IC3,IC3,115000.0,127000.0,
TXN-0002226,EMP-1111,2022-02-02,Promotion,Merit Promotion,Engineering,Engineering,QA Engineering,QA Engineering,IC3,IC4,127000.0,148000.0,
TXN-0002227,EMP-1112,2024-08-07,Hire,New Hire,,Engineering,,Security Engineering,,IC2,,90000.0,
TXN-0002228,EMP-1113,2024-02-07,Hire,New Hire,,Engineering,,Infrastructure / DevOps,,IC4,,145000.0,
TXN-0002229,EMP-1114,2024-01-23,Hire,New Hire,,Finance,,Financial Planning & Analysis,,IC2,,84000.0,
TXN-0002230,EMP-1114,2025-03-19,Promotion,Merit Promotion,Finance,Finance,Financial Planning & Analysis,Financial Planning & Analysis,IC2,IC3,84000.0,118000.0,
TXN-0002231,EMP-1114,2026-02-19,Promotion,Merit Promotion,Finance,Finance,Financial Planning & Analysis,Financial Planning & Analysis,IC3,IC4,118000.0,140000.0,
TXN-0002232,EMP-1115,2026-01-31,Hire,New Hire,,Marketing,,Product Marketing,,IC1,,63000.0,
TXN-0002233,EMP-1116,2023-08-23,Hire,New Hire,,Sales,,Customer Success,,M1,,162000.0,
TXN-0002234,EMP-1116,2026-06-06,Compensation Change,Merit Increase,Sales,Sales,Customer Success,Customer Success,M1,M1,162000.0,174000.0,
TXN-0002235,EMP-1117,2018-06-18,Hire,New Hire,,Legal,,Corporate Legal,,IC2,,95000.0,
TXN-0002236,EMP-1117,2021-09-15,Compensation Change,Merit Increase,Legal,Legal,Corporate Legal,Corporate Legal,IC2,IC2,95000.0,99000.0,
TXN-0002237,EMP-1118,2019-08-18,Hire,New Hire,,Engineering,,Security Engineering,,IC5,,173000.0,
TXN-0002238,EMP-1118,2023-07-22,Compensation Change,Merit Increase,Engineering,Engineering,Security Engineering,Security Engineering,IC5,IC5,173000.0,184000.0,
TXN-0002239,EMP-1119,2019-04-02,Hire,New Hire,,Product,,Product Operations,,IC3,,125000.0,
TXN-0002240,EMP-1119,2021-02-10,Promotion,Merit Promotion,Product,Product,Product Operations,Product Operations,IC3,IC4,125000.0,143000.0,
TXN-0002241,EMP-1120,2023-04-11,Hire,New Hire,,Engineering,,Software Engineering,,M1,,147000.0,
TXN-0002242,EMP-1120,2023-09-04,Compensation Change,Merit Increase,Engineering,Engineering,Software Engineering,Software Engineering,M1,M1,147000.0,160000.0,
TXN-0002243,EMP-1121,2020-03-16,Hire,New Hire,,Marketing,,Demand Generation,,M1,,146000.0,
TXN-0002244,EMP-1121,2024-02-02,Compensation Change,Market Adjustment,Marketing,Marketing,Demand Generation,Demand Generation,M1,M1,146000.0,158000.0,
TXN-0002245,EMP-1122,2023-06-14,Hire,New Hire,,Product,,UX / Design,,Director,,280000.0,
TXN-0002246,EMP-1122,2025-08-21,Compensation Change,Merit Increase,Product,Product,UX / Design,UX / Design,Director,Director,280000.0,298000.0,
TXN-0002247,EMP-1122,2026-04-04,Termination,Compensation,,,,,,,,,Voluntary
TXN-0002248,EMP-1123,2021-05-18,Hire,New Hire,,Engineering,,Software Engineering,,M1,,135000.0,
TXN-0002249,EMP-1124,2022-07-02,Hire,New Hire,,Sales,,Account Management,,IC4,,143000.0,
TXN-0002250,EMP-1124,2025-01-05,Compensation Change,Merit Increase,Sales,Sales,Account Management,Account Management,IC4,IC4,143000.0,152000.0,
TXN-0002251,EMP-1125,2025-03-10,Hire,New Hire,,Engineering,,Software Engineering,,IC4,,151000.0,
TXN-0002252,EMP-1125,2025-04-14,Compensation Change,Merit Increase,Engineering,Engineering,Software Engineering,Software Engineering,IC4,IC4,151000.0,164000.0,
TXN-0002253,EMP-1126,2018-08-29,Hire,New Hire,,Engineering,,Data Engineering,,IC1,,73000.0,
TXN-0002254,EMP-1127,2023-02-28,Hire,New Hire,,Engineering,,QA Engineering,,M2,,185000.0,
TXN-0002255,EMP-1127,2024-04-15,Compensation Change,Market Adjustment,Engineering,Engineering,QA Engineering,QA Engineering,M2,M2,185000.0,191000.0,
TXN-0002256,EMP-1127,2025-09-01,Termination,Personal Reasons,,,,,,,,,Voluntary
TXN-0002257,EMP-1128,2021-04-24,Hire,New Hire,,Legal,,Compliance,,M1,,139000.0,
TXN-0002258,EMP-1129,2024-03-30,Hire,New Hire,,Finance,,Internal Audit,,IC2,,87000.0,
TXN-0002259,EMP-1129,2025-11-24,Termination,Compensation,,,,,,,,,Voluntary
TXN-0002260,EMP-1130,2024-09-04,Hire,New Hire,,Legal,,Privacy & Data,,IC1,,67000.0,
TXN-0002261,EMP-1130,2025-09-07,Transfer,Internal Transfer,Legal,HR,Privacy & Data,HR Business Partnering,IC1,IC1,67000.0,67000.0,
TXN-0002262,EMP-1130,2026-04-14,Promotion,Merit Promotion,HR,HR,HR Business Partnering,HR Business Partnering,IC1,IC2,67000.0,92000.0,
TXN-0002263,EMP-1131,2021-07-13,Hire,New Hire,,Marketing,,Product Marketing,,IC4,,144000.0,
TXN-0002264,EMP-1131,2022-05-24,Transfer,Internal Transfer,Marketing,HR,Product Marketing,Talent Acquisition,IC4,IC4,144000.0,144000.0,
TXN-0002265,EMP-1132,2025-03-07,Hire,New Hire,,Finance,,Accounting,,IC2,,99000.0,
TXN-0002266,EMP-1132,2025-05-08,Transfer,Internal Transfer,Finance,Product,Accounting,Product Management,IC2,IC2,99000.0,99000.0,
TXN-0002267,EMP-1133,2025-08-20,Hire,New Hire,,Product,,Product Management,,IC2,,82000.0,
TXN-0002268,EMP-1133,2025-11-06,Transfer,Internal Transfer,Product,Engineering,Product Management,QA Engineering,IC2,IC2,82000.0,82000.0,
TXN-0002269,EMP-1134,2022-03-10,Hire,New Hire,,HR,,HR Business Partnering,,IC1,,64000.0,
TXN-0002270,EMP-1135,2018-08-20,Hire,New Hire,,Legal,,Privacy & Data,,M1,,164000.0,
TXN-0002271,EMP-1135,2023-12-17,Compensation Change,Market Adjustment,Legal,Legal,Privacy & Data,Privacy & Data,M1,M1,164000.0,174000.0,
TXN-0002272,EMP-1135,2024-05-21,Compensation Change,Market Adjustment,Legal,Legal,Privacy & Data,Privacy & Data,M1,M1,174000.0,191000.0,
TXN-0002273,EMP-1136,2026-05-04,Hire,New Hire,,Product,,UX / Design,,IC3,,130000.0,
TXN-0002274,EMP-1137,2024-03-18,Hire,New Hire,,Finance,,Accounting,,IC2,,85000.0,
TXN-0002275,EMP-1137,2025-08-01,Transfer,Internal Transfer,Finance,Engineering,Accounting,QA Engineering,IC2,IC2,85000.0,85000.0,
TXN-0002276,EMP-1137,2025-12-04,Termination,Reorganization,,,,,,,,,Involuntary
TXN-0002277,EMP-1138,2023-04-26,Hire,New Hire,,Finance,,Financial Planning & Analysis,,IC1,,71000.0,
TXN-0002278,EMP-1138,2024-04-25,Promotion,Merit Promotion,Finance,Finance,Financial Planning & Analysis,Financial Planning & Analysis,IC1,IC2,71000.0,89000.0,
TXN-0002279,EMP-1139,2020-06-07,Hire,New Hire,,Legal,,Employment Law,,IC4,,156000.0,
TXN-0002280,EMP-1140,2020-05-11,Hire,New Hire,,Sales,,Customer Success,,IC1,,80000.0,
TXN-0002281,EMP-1140,2021-12-08,Transfer,Internal Transfer,Sales,Product,Customer Success,UX / Design,IC1,IC1,80000.0,80000.0,
TXN-0002282,EMP-1141,2023-02-28,Hire,New Hire,,Sales,,Revenue Operations,,IC5,,182000.0,
TXN-0002283,EMP-1141,2024-07-26,Compensation Change,Merit Increase,Sales,Sales,Revenue Operations,Revenue Operations,IC5,IC5,182000.0,199000.0,
TXN-0002284,EMP-1142,2021-10-17,Hire,New Hire,,Product,,Product Operations,,IC2,,84000.0,
TXN-0002285,EMP-1143,2018-01-01,Hire,New Hire,,Engineering,,Software Engineering,,IC2,,91000.0,
TXN-0002286,EMP-1143,2021-05-31,Termination,Career Move,,,,,,,,,Voluntary
TXN-0002287,EMP-1144,2024-10-12,Hire,New Hire,,Engineering,,Infrastructure / DevOps,,IC2,,93000.0,
TXN-0002288,EMP-1145,2018-12-11,Hire,New Hire,,Engineering,,QA Engineering,,IC2,,101000.0,
TXN-0002289,EMP-1145,2023-12-27,Transfer,Internal Transfer,Engineering,Marketing,QA Engineering,Marketing Operations,IC2,IC2,101000.0,101000.0,
TXN-0002290,EMP-1145,2024-08-19,Compensation Change,Merit Increase,Marketing,Marketing,Marketing Operations,Marketing Operations,IC2,IC2,101000.0,106000.0,
TXN-0002291,EMP-1145,2025-10-25,Termination,Performance,,,,,,,,,Involuntary
TXN-0002292,EMP-1146,2020-05-24,Hire,New Hire,,Product,,Product Operations,,IC5,,165000.0,
TXN-0002293,EMP-1146,2021-11-30,Transfer,Internal Transfer,Product,Finance,Product Operations,Treasury,IC5,IC5,165000.0,165000.0,
TXN-0002294,EMP-1147,2022-08-24,Hire,New Hire,,Legal,,Corporate Legal,,IC5,,193000.0,
TXN-0002295,EMP-1147,2025-03-18,Compensation Change,Merit Increase,Legal,Legal,Corporate Legal,Corporate Legal,IC5,IC5,193000.0,208000.0,
TXN-0002296,EMP-1147,2025-08-16,Transfer,Internal Transfer,Legal,Engineering,Corporate Legal,QA Engineering,IC5,IC5,208000.0,208000.0,
TXN-0002297,EMP-1147,2026-05-30,Termination,Performance,,,,,,,,,Involuntary
TXN-0002298,EMP-1148,2025-01-25,Hire,New Hire,,HR,,Total Rewards,,IC3,,108000.0,
TXN-0002299,EMP-1148,2026-05-29,Termination,Career Move,,,,,,,,,Voluntary
TXN-0002300,EMP-1149,2025-07-29,Hire,New Hire,,Engineering,,Security Engineering,,IC1,,69000.0,
TXN-0002301,EMP-1149,2026-03-06,Compensation Change,Market Adjustment,Engineering,Engineering,Security Engineering,Security Engineering,IC1,IC1,69000.0,71000.0,
TXN-0002302,EMP-1150,2018-02-26,Hire,New Hire,,Sales,,Account Management,,IC1,,65000.0,
TXN-0002303,EMP-1150,2022-10-05,Compensation Change,Market Adjustment,Sales,Sales,Account Management,Account Management,IC1,IC1,65000.0,72000.0,
TXN-0002304,EMP-1151,2021-03-04,Hire,New Hire,,Legal,,Privacy & Data,,IC1,,65000.0,
TXN-0002305,EMP-1151,2022-06-22,Compensation Change,Market Adjustment,Legal,Legal,Privacy & Data,Privacy & Data,IC1,IC1,65000.0,71000.0,
TXN-0002306,EMP-1152,2024-01-28,Hire,New Hire,,Sales,,Enterprise Sales,,IC4,,156000.0,
TXN-0002307,EMP-1152,2025-05-09,Promotion,Merit Promotion,Sales,Sales,Enterprise Sales,Enterprise Sales,IC4,IC5,156000.0,186000.0,
TXN-0002308,EMP-1153,2021-07-08,Hire,New Hire,,Engineering,,Software Engineering,,IC4,,157000.0,
TXN-0002309,EMP-1153,2025-12-11,Compensation Change,Merit Increase,Engineering,Engineering,Software Engineering,Software Engineering,IC4,IC4,157000.0,166000.0,
TXN-0002310,EMP-1153,2026-02-12,Compensation Change,Market Adjustment,Engineering,Engineering,Software Engineering,Software Engineering,IC4,IC4,166000.0,186000.0,
TXN-0002311,EMP-1154,2019-02-20,Hire,New Hire,,Finance,,Accounting,,IC2,,83000.0,
TXN-0002312,EMP-1154,2020-01-21,Compensation Change,Market Adjustment,Finance,Finance,Accounting,Accounting,IC2,IC2,83000.0,92000.0,
TXN-0002313,EMP-1155,2024-04-22,Hire,New Hire,,Engineering,,QA Engineering,,IC4,,141000.0,
TXN-0002314,EMP-1155,2026-06-20,Compensation Change,Merit Increase,Engineering,Engineering,QA Engineering,QA Engineering,IC4,IC4,141000.0,157000.0,
TXN-0002315,EMP-1156,2020-03-01,Hire,New Hire,,Engineering,,Infrastructure / DevOps,,IC3,,134000.0,
TXN-0002316,EMP-1157,2025-02-22,Hire,New Hire,,HR,,HR Business Partnering,,IC3,,115000.0,
TXN-0002317,EMP-1158,2023-08-15,Hire,New Hire,,Finance,,Internal Audit,,IC2,,84000.0,
TXN-0002318,EMP-1158,2025-01-20,Promotion,Merit Promotion,Finance,Finance,Internal Audit,Internal Audit,IC2,IC3,84000.0,125000.0,
TXN-0002319,EMP-1159,2021-04-03,Hire,New Hire,,Engineering,,Software Engineering,,IC5,,174000.0,
TXN-0002320,EMP-1160,2024-06-15,Hire,New Hire,,Marketing,,Brand,,IC1,,68000.0,
TXN-0002321,EMP-1160,2025-04-18,Transfer,Internal Transfer,Marketing,Legal,Brand,Compliance,IC1,IC1,68000.0,68000.0,
TXN-0002322,EMP-1160,2026-05-04,Transfer,Internal Transfer,Legal,Product,Compliance,Product Operations,IC1,IC1,68000.0,68000.0,
TXN-0002323,EMP-1161,2025-08-10,Hire,New Hire,,Sales,,Customer Success,,IC3,,112000.0,
TXN-0002324,EMP-1162,2019-05-04,Hire,New Hire,,Sales,,Account Management,,IC2,,101000.0,
TXN-0002325,EMP-1162,2020-11-26,Promotion,Merit Promotion,Sales,Sales,Account Management,Account Management,IC2,IC3,101000.0,118000.0,
TXN-0002326,EMP-1163,2021-07-29,Hire,New Hire,,Marketing,,Product Marketing,,IC4,,152000.0,
TXN-0002327,EMP-1163,2023-11-22,Transfer,Internal Transfer,Marketing,Product,Product Marketing,UX / Design,IC4,IC4,152000.0,152000.0,
TXN-0002328,EMP-1163,2024-06-15,Promotion,Merit Promotion,Product,Product,UX / Design,UX / Design,IC4,IC5,152000.0,175000.0,
TXN-0002329,EMP-1163,2024-09-06,Termination,Personal Reasons,,,,,,,,,Voluntary
TXN-0002330,EMP-1164,2021-10-14,Hire,New Hire,,Engineering,,Infrastructure / DevOps,,IC3,,129000.0,
TXN-0002331,EMP-1164,2023-11-14,Promotion,Merit Promotion,Engineering,Engineering,Infrastructure / DevOps,Infrastructure / DevOps,IC3,IC4,129000.0,145000.0,
TXN-0002332,EMP-1165,2019-03-13,Hire,New Hire,,Legal,,Employment Law,,IC4,,139000.0,
TXN-0002333,EMP-1165,2026-02-19,Transfer,Internal Transfer,Legal,Product,Employment Law,Product Management,IC4,IC4,139000.0,139000.0,
TXN-0002334,EMP-1166,2020-04-06,Hire,New Hire,,HR,,HR Business Partnering,,IC1,,71000.0,
TXN-0002335,EMP-1166,2023-11-30,Compensation Change,Merit Increase,HR,HR,HR Business Partnering,HR Business Partnering,IC1,IC1,71000.0,79000.0,
TXN-0002336,EMP-1167,2020-10-01,Hire,New Hire,,Marketing,,Product Marketing,,IC2,,85000.0,
TXN-0002337,EMP-1168,2025-03-18,Hire,New Hire,,Sales,,Revenue Operations,,IC3,,107000.0,
TXN-0002338,EMP-1168,2026-04-28,Transfer,Internal Transfer,Sales,Engineering,Revenue Operations,Infrastructure / DevOps,IC3,IC3,107000.0,107000.0,
TXN-0002339,EMP-1169,2018-10-11,Hire,New Hire,,Engineering,,Data Engineering,,IC1,,65000.0,
TXN-0002340,EMP-1170,2024-09-08,Hire,New Hire,,HR,,People Operations,,IC2,,102000.0,
TXN-0002341,EMP-1171,2019-09-19,Hire,New Hire,,Marketing,,Marketing Operations,,IC2,,87000.0,
TXN-0002342,EMP-1172,2018-06-23,Hire,New Hire,,Engineering,,Security Engineering,,IC1,,64000.0,
TXN-0002343,EMP-1173,2018-02-28,Hire,New Hire,,Engineering,,Infrastructure / DevOps,,IC2,,88000.0,
TXN-0002344,EMP-1173,2022-01-07,Compensation Change,Merit Increase,Engineering,Engineering,Infrastructure / DevOps,Infrastructure / DevOps,IC2,IC2,88000.0,96000.0,
TXN-0002345,EMP-1173,2024-07-10,Termination,Compensation,,,,,,,,,Voluntary
TXN-0002346,EMP-1174,2024-12-02,Hire,New Hire,,Engineering,,QA Engineering,,IC2,,87000.0,
TXN-0002347,EMP-1174,2026-06-28,Termination,Career Move,,,,,,,,,Voluntary
TXN-0002348,EMP-1175,2021-09-22,Hire,New Hire,,Product,,Product Operations,,IC1,,66000.0,
TXN-0002349,EMP-1175,2022-05-07,Termination,Personal Reasons,,,,,,,,,Voluntary
TXN-0002350,EMP-1176,2025-06-16,Hire,New Hire,,Engineering,,Security Engineering,,IC5,,176000.0,
TXN-0002351,EMP-1176,2025-09-12,Compensation Change,Market Adjustment,Engineering,Engineering,Security Engineering,Security Engineering,IC5,IC5,176000.0,182000.0,
TXN-0002352,EMP-1176,2026-02-25,Compensation Change,Merit Increase,Engineering,Engineering,Security Engineering,Security Engineering,IC5,IC5,182000.0,199000.0,
TXN-0002353,EMP-1177,2023-08-14,Hire,New Hire,,Engineering,,Infrastructure / DevOps,,IC1,,75000.0,
TXN-0002354,EMP-1177,2024-10-22,Compensation Change,Market Adjustment,Engineering,Engineering,Infrastructure / DevOps,Infrastructure / DevOps,IC1,IC1,75000.0,83000.0,
TXN-0002355,EMP-1177,2026-01-25,Termination,Compensation,,,,,,,,,Voluntary
TXN-0002356,EMP-1178,2020-06-19,Hire,New Hire,,Marketing,,Content Marketing,,IC2,,104000.0,
TXN-0002357,EMP-1178,2023-09-08,Promotion,Merit Promotion,Marketing,Marketing,Content Marketing,Content Marketing,IC2,IC3,104000.0,118000.0,
TXN-0002358,EMP-1179,2023-10-16,Hire,New Hire,,HR,,HR Business Partnering,,IC4,,137000.0,
TXN-0002359,EMP-1179,2026-03-27,Compensation Change,Merit Increase,HR,HR,HR Business Partnering,HR Business Partnering,IC4,IC4,137000.0,149000.0,
TXN-0002360,EMP-1180,2023-12-10,Hire,New Hire,,Product,,Product Management,,IC3,,119000.0,
TXN-0002361,EMP-1180,2025-01-13,Compensation Change,Market Adjustment,Product,Product,Product Management,Product Management,IC3,IC3,119000.0,129000.0,
TXN-0002362,EMP-1181,2024-08-28,Hire,New Hire,,Product,,Product Management,,M1,,163000.0,
TXN-0002363,EMP-1182,2019-05-03,Hire,New Hire,,Finance,,Treasury,,M1,,152000.0,
TXN-0002364,EMP-1183,2024-06-05,Hire,New Hire,,Sales,,Account Management,,IC1,,61000.0,
TXN-0002365,EMP-1183,2026-01-11,Compensation Change,Market Adjustment,Sales,Sales,Account Management,Account Management,IC1,IC1,61000.0,65000.0,
TXN-0002366,EMP-1183,2026-06-09,Compensation Change,Market Adjustment,Sales,Sales,Account Management,Account Management,IC1,IC1,65000.0,70000.0,
TXN-0002367,EMP-1184,2022-12-29,Hire,New Hire,,Engineering,,Security Engineering,,M1,,147000.0,
TXN-0002368,EMP-1184,2026-02-16,Transfer,Internal Transfer,Engineering,Legal,Security Engineering,Corporate Legal,M1,M1,147000.0,147000.0,
TXN-0002369,EMP-1184,2026-06-21,Compensation Change,Market Adjustment,Legal,Legal,Corporate Legal,Corporate Legal,M1,M1,147000.0,158000.0,
TXN-0002370,EMP-1185,2021-08-05,Hire,New Hire,,Sales,,Revenue Operations,,IC1,,72000.0,
TXN-0002371,EMP-1185,2025-09-01,Compensation Change,Merit Increase,Sales,Sales,Revenue Operations,Revenue Operations,IC1,IC1,72000.0,75000.0,
TXN-0002372,EMP-1186,2024-03-04,Hire,New Hire,,Product,,Product Operations,,IC1,,69000.0,
TXN-0002373,EMP-1187,2018-11-21,Hire,New Hire,,Sales,,Sales Development,,M2,,173000.0,
TXN-0002374,EMP-1187,2026-06-17,Compensation Change,Market Adjustment,Sales,Sales,Sales Development,Sales Development,M2,M2,173000.0,188000.0,
TXN-0002375,EMP-1188,2024-02-20,Hire,New Hire,,Legal,,Corporate Legal,,M1,,135000.0,
TXN-0002376,EMP-1188,2026-01-21,Compensation Change,Merit Increase,Legal,Legal,Corporate Legal,Corporate Legal,M1,M1,135000.0,140000.0,
TXN-0002377,EMP-1189,2018-04-19,Hire,New Hire,,Marketing,,Product Marketing,,IC3,,105000.0,
TXN-0002378,EMP-1189,2019-09-16,Promotion,Merit Promotion,Marketing,Marketing,Product Marketing,Product Marketing,IC3,IC4,105000.0,150000.0,
TXN-0002379,EMP-1190,2019-08-25,Hire,New Hire,,Marketing,,Marketing Operations,,IC3,,122000.0,
TXN-0002380,EMP-1191,2025-06-07,Hire,New Hire,,Sales,,Revenue Operations,,IC4,,152000.0,
TXN-0002381,EMP-1191,2025-07-29,Transfer,Internal Transfer,Sales,HR,Revenue Operations,People Operations,IC4,IC4,152000.0,152000.0,
TXN-0002382,EMP-1192,2023-10-26,Hire,New Hire,,Legal,,Employment Law,,IC2,,105000.0,
TXN-0002383,EMP-1192,2025-02-19,Promotion,Merit Promotion,Legal,Legal,Employment Law,Employment Law,IC2,IC3,105000.0,108000.0,
TXN-0002384,EMP-1192,2025-06-16,Compensation Change,Merit Increase,Legal,Legal,Employment Law,Employment Law,IC3,IC3,108000.0,118000.0,
TXN-0002385,EMP-1192,2025-12-31,Termination,Career Move,,,,,,,,,Voluntary
TXN-0002386,EMP-1193,2025-08-22,Hire,New Hire,,Marketing,,Brand,,IC1,,69000.0,
TXN-0002387,EMP-1193,2026-01-12,Transfer,Internal Transfer,Marketing,Legal,Brand,Compliance,IC1,IC1,69000.0,69000.0,
TXN-0002388,EMP-1194,2023-09-17,Hire,New Hire,,Engineering,,Infrastructure / DevOps,,IC1,,64000.0,
TXN-0002389,EMP-1194,2023-12-08,Compensation Change,Merit Increase,Engineering,Engineering,Infrastructure / DevOps,Infrastructure / DevOps,IC1,IC1,64000.0,70000.0,
TXN-0002390,EMP-1195,2025-04-08,Hire,New Hire,,Engineering,,QA Engineering,,IC2,,101000.0,
TXN-0002391,EMP-1196,2023-12-27,Hire,New Hire,,Product,,Product Operations,,M1,,133000.0,
TXN-0002392,EMP-1196,2025-04-27,Transfer,Internal Transfer,Product,Sales,Product Operations,Sales Development,M1,M1,133000.0,133000.0,
TXN-0002393,EMP-1197,2025-01-14,Hire,New Hire,,Engineering,,QA Engineering,,IC4,,144000.0,
TXN-0002394,EMP-1197,2025-07-13,Promotion,Merit Promotion,Engineering,Engineering,QA Engineering,QA Engineering,IC4,IC5,144000.0,187000.0,
TXN-0002395,EMP-1198,2022-09-30,Hire,New Hire,,Finance,,Treasury,,M1,,163000.0,
TXN-0002396,EMP-1199,2020-06-14,Hire,New Hire,,Sales,,Revenue Operations,,M2,,183000.0,
TXN-0002397,EMP-1199,2025-08-12,Compensation Change,Merit Increase,Sales,Sales,Revenue Operations,Revenue Operations,M2,M2,183000.0,191000.0,
TXN-0002398,EMP-1200,2020-08-14,Hire,New Hire,,Sales,,Account Management,,IC1,,70000.0,
TXN-0002399,EMP-1201,2018-12-30,Hire,New Hire,,Sales,,Enterprise Sales,,M1,,150000.0,
TXN-0002400,EMP-1201,2021-08-14,Compensation Change,Market Adjustment,Sales,Sales,Enterprise Sales,Enterprise Sales,M1,M1,150000.0,159000.0,
TXN-0002401,EMP-1201,2026-06-29,Compensation Change,Market Adjustment,Sales,Sales,Enterprise Sales,Enterprise Sales,M1,M1,159000.0,169000.0,
TXN-0002402,EMP-1202,2020-11-07,Hire,New Hire,,Sales,,Customer Success,,IC2,,86000.0,
TXN-0002403,EMP-1202,2022-08-13,Promotion,Merit Promotion,Sales,Sales,Customer Success,Customer Success,IC2,IC3,86000.0,117000.0,
TXN-0002404,EMP-1202,2025-05-03,Compensation Change,Merit Increase,Sales,Sales,Customer Success,Customer Success,IC3,IC3,117000.0,125000.0,
TXN-0002405,EMP-1203,2025-02-02,Hire,New Hire,,HR,,Learning & Development,,IC3,,116000.0,
TXN-0002406,EMP-1204,2024-11-02,Hire,New Hire,,Engineering,,Software Engineering,,IC3,,118000.0,
TXN-0002407,EMP-1204,2025-02-18,Transfer,Internal Transfer,Engineering,Sales,Software Engineering,Revenue Operations,IC3,IC3,118000.0,118000.0,
TXN-0002408,EMP-1204,2025-04-25,Compensation Change,Merit Increase,Sales,Sales,Revenue Operations,Revenue Operations,IC3,IC3,118000.0,132000.0,
TXN-0002409,EMP-1205,2021-05-13,Hire,New Hire,,Legal,,Compliance,,IC2,,97000.0,
TXN-0002410,EMP-1206,2025-10-13,Hire,New Hire,,HR,,People Operations,,IC2,,100000.0,
TXN-0002411,EMP-1206,2026-06-20,Promotion,Merit Promotion,HR,HR,People Operations,People Operations,IC2,IC3,100000.0,117000.0,
TXN-0002412,EMP-1207,2020-09-15,Hire,New Hire,,Sales,,Sales Development,,IC2,,99000.0,
TXN-0002413,EMP-1207,2021-02-13,Compensation Change,Market Adjustment,Sales,Sales,Sales Development,Sales Development,IC2,IC2,99000.0,108000.0,
TXN-0002414,EMP-1208,2020-02-06,Hire,New Hire,,HR,,Talent Acquisition,,IC2,,94000.0,
TXN-0002415,EMP-1208,2024-05-31,Compensation Change,Merit Increase,HR,HR,Talent Acquisition,Talent Acquisition,IC2,IC2,94000.0,100000.0,
TXN-0002416,EMP-1208,2025-05-16,Termination,Performance,,,,,,,,,Involuntary
TXN-0002417,EMP-1209,2021-02-12,Hire,New Hire,,Engineering,,Data Engineering,,IC1,,76000.0,
TXN-0002418,EMP-1210,2020-06-20,Hire,New Hire,,Engineering,,QA Engineering,,IC3,,123000.0,
TXN-0002419,EMP-1210,2025-04-19,Compensation Change,Market Adjustment,Engineering,Engineering,QA Engineering,QA Engineering,IC3,IC3,123000.0,137000.0,
TXN-0002420,EMP-1211,2026-04-21,Hire,New Hire,,Product,,Product Management,,IC1,,62000.0,
TXN-0002421,EMP-1212,2021-02-04,Hire,New Hire,,Sales,,Revenue Operations,,IC3,,109000.0,
TXN-0002422,EMP-1212,2023-02-21,Promotion,Merit Promotion,Sales,Sales,Revenue Operations,Revenue Operations,IC3,IC4,109000.0,143000.0,
TXN-0002423,EMP-1213,2022-01-16,Hire,New Hire,,Product,,UX / Design,,M2,,196000.0,
TXN-0002424,EMP-1214,2023-06-29,Hire,New Hire,,Engineering,,Data Engineering,,IC2,,89000.0,
TXN-0002425,EMP-1214,2025-09-17,Compensation Change,Market Adjustment,Engineering,Engineering,Data Engineering,Data Engineering,IC2,IC2,89000.0,97000.0,
TXN-0002426,EMP-1215,2019-10-09,Hire,New Hire,,Sales,,Sales Development,,IC5,,177000.0,
TXN-0002427,EMP-1216,2018-04-18,Hire,New Hire,,Engineering,,Data Engineering,,M1,,162000.0,
TXN-0002428,EMP-1217,2021-10-02,Hire,New Hire,,Sales,,Enterprise Sales,,M1,,132000.0,
TXN-0002429,EMP-1217,2026-03-16,Compensation Change,Market Adjustment,Sales,Sales,Enterprise Sales,Enterprise Sales,M1,M1,132000.0,144000.0,
TXN-0002430,EMP-1217,2026-06-15,Compensation Change,Merit Increase,Sales,Sales,Enterprise Sales,Enterprise Sales,M1,M1,144000.0,155000.0,
TXN-0002431,EMP-1218,2021-05-16,Hire,New Hire,,Product,,UX / Design,,IC2,,99000.0,
TXN-0002432,EMP-1219,2025-10-20,Hire,New Hire,,Sales,,Account Management,,IC1,,67000.0,
TXN-0002433,EMP-1219,2025-12-18,Promotion,Merit Promotion,Sales,Sales,Account Management,Account Management,IC1,IC2,67000.0,100000.0,
TXN-0002434,EMP-1220,2023-10-19,Hire,New Hire,,Sales,,Revenue Operations,,IC1,,72000.0,
TXN-0002435,EMP-1220,2024-10-12,Termination,Personal Reasons,,,,,,,,,Voluntary
TXN-0002436,EMP-1221,2023-07-23,Hire,New Hire,,Engineering,,Security Engineering,,IC4,,146000.0,
TXN-0002437,EMP-1221,2023-12-05,Promotion,Merit Promotion,Engineering,Engineering,Security Engineering,Security Engineering,IC4,IC5,146000.0,185000.0,
TXN-0002438,EMP-1222,2020-09-23,Hire,New Hire,,HR,,Talent Acquisition,,IC5,,171000.0,
TXN-0002439,EMP-1223,2023-12-31,Hire,New Hire,,Sales,,Revenue Operations,,IC4,,139000.0,
TXN-0002440,EMP-1223,2025-08-13,Transfer,Internal Transfer,Sales,Engineering,Revenue Operations,Infrastructure / DevOps,IC4,IC4,139000.0,139000.0,
TXN-0002441,EMP-1224,2021-08-04,Hire,New Hire,,Marketing,,Product Marketing,,IC1,,66000.0,
TXN-0002442,EMP-1224,2025-04-29,Compensation Change,Market Adjustment,Marketing,Marketing,Product Marketing,Product Marketing,IC1,IC1,66000.0,69000.0,
TXN-0002443,EMP-1225,2025-05-13,Hire,New Hire,,Engineering,,Data Engineering,,IC5,,169000.0,
TXN-0002444,EMP-1226,2018-02-20,Hire,New Hire,,Engineering,,Security Engineering,,IC3,,106000.0,
TXN-0002445,EMP-1226,2021-12-24,Compensation Change,Market Adjustment,Engineering,Engineering,Security Engineering,Security Engineering,IC3,IC3,106000.0,116000.0,
TXN-0002446,EMP-1227,2018-03-19,Hire,New Hire,,Engineering,,QA Engineering,,IC5,,192000.0,
TXN-0002447,EMP-1227,2022-10-27,Termination,Career Move,,,,,,,,,Voluntary
TXN-0002448,EMP-1228,2019-02-27,Hire,New Hire,,Product,,UX / Design,,IC5,,163000.0,
TXN-0002449,EMP-1229,2022-10-05,Hire,New Hire,,Engineering,,Data Engineering,,IC3,,111000.0,
TXN-0002450,EMP-1229,2024-08-19,Termination,Compensation,,,,,,,,,Voluntary
TXN-0002451,EMP-1230,2019-06-19,Hire,New Hire,,Engineering,,Data Engineering,,M2,,188000.0,
TXN-0002452,EMP-1231,2024-11-19,Hire,New Hire,,Engineering,,Software Engineering,,IC3,,131000.0,
TXN-0002453,EMP-1232,2020-02-28,Hire,New Hire,,Engineering,,Data Engineering,,IC4,,151000.0,
TXN-0002454,EMP-1233,2020-09-23,Hire,New Hire,,Sales,,Customer Success,,IC4,,141000.0,
TXN-0002455,EMP-1234,2023-08-13,Hire,New Hire,,Sales,,Revenue Operations,,M1,,140000.0,
TXN-0002456,EMP-1235,2023-09-29,Hire,New Hire,,Engineering,,Security Engineering,,IC4,,146000.0,
TXN-0002457,EMP-1235,2024-10-28,Promotion,Merit Promotion,Engineering,Engineering,Security Engineering,Security Engineering,IC4,IC5,146000.0,186000.0,
TXN-0002458,EMP-1236,2023-04-24,Hire,New Hire,,Legal,,Employment Law,,IC1,,66000.0,
TXN-0002459,EMP-1236,2024-09-10,Transfer,Internal Transfer,Legal,Engineering,Employment Law,QA Engineering,IC1,IC1,66000.0,66000.0,
TXN-0002460,EMP-1237,2022-07-14,Hire,New Hire,,Engineering,,QA Engineering,,IC1,,76000.0,
TXN-0002461,EMP-1237,2023-07-01,Transfer,Internal Transfer,Engineering,Product,QA Engineering,Product Operations,IC1,IC1,76000.0,76000.0,
TXN-0002462,EMP-1237,2025-11-30,Transfer,Internal Transfer,Product,Engineering,Product Operations,QA Engineering,IC1,IC1,76000.0,76000.0,
TXN-0002463,EMP-1238,2020-06-16,Hire,New Hire,,Finance,,Accounting,,IC3,,117000.0,
TXN-0002464,EMP-1238,2023-07-30,Compensation Change,Market Adjustment,Finance,Finance,Accounting,Accounting,IC3,IC3,117000.0,125000.0,
TXN-0002465,EMP-1239,2021-10-16,Hire,New Hire,,Engineering,,Data Engineering,,IC2,,94000.0,
TXN-0002466,EMP-1239,2026-03-02,Compensation Change,Merit Increase,Engineering,Engineering,Data Engineering,Data Engineering,IC2,IC2,94000.0,104000.0,
TXN-0002467,EMP-1239,2026-04-26,Termination,Reorganization,,,,,,,,,Involuntary
TXN-0002468,EMP-1240,2023-07-16,Hire,New Hire,,Sales,,Customer Success,,IC2,,84000.0,
TXN-0002469,EMP-1240,2025-12-18,Compensation Change,Merit Increase,Sales,Sales,Customer Success,Customer Success,IC2,IC2,84000.0,92000.0,
TXN-0002470,EMP-1241,2020-05-20,Hire,New Hire,,Legal,,Compliance,,IC1,,68000.0,
TXN-0002471,EMP-1241,2025-02-04,Compensation Change,Merit Increase,Legal,Legal,Compliance,Compliance,IC1,IC1,68000.0,72000.0,
TXN-0002472,EMP-1242,2023-04-11,Hire,New Hire,,Finance,,Internal Audit,,IC3,,124000.0,
TXN-0002473,EMP-1242,2023-10-16,Transfer,Internal Transfer,Finance,Product,Internal Audit,Product Management,IC3,IC3,124000.0,124000.0,
TXN-0002474,EMP-1243,2019-02-20,Hire,New Hire,,Sales,,Revenue Operations,,IC2,,102000.0,
TXN-0002475,EMP-1243,2021-07-21,Termination,Personal Reasons,,,,,,,,,Voluntary
TXN-0002476,EMP-1244,2018-08-30,Hire,New Hire,,HR,,People Operations,,IC3,,126000.0,
TXN-0002477,EMP-1245,2023-05-29,Hire,New Hire,,Finance,,Internal Audit,,IC1,,78000.0,
TXN-0002478,EMP-1246,2019-06-24,Hire,New Hire,,Sales,,Account Management,,M1,,164000.0,
TXN-0002479,EMP-1246,2024-07-07,Transfer,Internal Transfer,Sales,HR,Account Management,Total Rewards,M1,M1,164000.0,164000.0,
TXN-0002480,EMP-1247,2025-02-05,Hire,New Hire,,Product,,Product Management,,IC1,,68000.0,
TXN-0002481,EMP-1247,2025-06-12,Compensation Change,Market Adjustment,Product,Product,Product Management,Product Management,IC1,IC1,68000.0,73000.0,
TXN-0002482,EMP-1247,2025-07-17,Promotion,Merit Promotion,Product,Product,Product Management,Product Management,IC1,IC2,73000.0,101000.0,
TXN-0002483,EMP-1248,2025-06-16,Hire,New Hire,,Product,,Product Management,,M1,,165000.0,
TXN-0002484,EMP-1248,2025-12-12,Compensation Change,Market Adjustment,Product,Product,Product Management,Product Management,M1,M1,165000.0,171000.0,
TXN-0002485,EMP-1249,2025-07-16,Hire,New Hire,,Sales,,Account Management,,M1,,144000.0,
TXN-0002486,EMP-1249,2025-08-31,Compensation Change,Merit Increase,Sales,Sales,Account Management,Account Management,M1,M1,144000.0,153000.0,
TXN-0002487,EMP-1250,2024-05-28,Hire,New Hire,,HR,,Talent Acquisition,,IC4,,138000.0,
TXN-0002488,EMP-1250,2024-07-31,Compensation Change,Merit Increase,HR,HR,Talent Acquisition,Talent Acquisition,IC4,IC4,138000.0,143000.0,
TXN-0002489,EMP-1251,2021-01-18,Hire,New Hire,,Engineering,,Data Engineering,,IC3,,119000.0,
TXN-0002490,EMP-1252,2023-12-26,Hire,New Hire,,Finance,,Financial Planning & Analysis,,IC3,,113000.0,
TXN-0002491,EMP-1252,2024-04-06,Termination,Reorganization,,,,,,,,,Involuntary
TXN-0002492,EMP-1253,2024-09-25,Hire,New Hire,,Sales,,Sales Development,,IC3,,106000.0,
TXN-0002493,EMP-1253,2025-08-10,Compensation Change,Merit Increase,Sales,Sales,Sales Development,Sales Development,IC3,IC3,106000.0,116000.0,
TXN-0002494,EMP-1254,2018-07-14,Hire,New Hire,,Product,,UX / Design,,IC5,,183000.0,
TXN-0002495,EMP-1254,2023-04-17,Compensation Change,Market Adjustment,Product,Product,UX / Design,UX / Design,IC5,IC5,183000.0,204000.0,
TXN-0002496,EMP-1255,2018-05-16,Hire,New Hire,,Sales,,Account Management,,M2,,196000.0,
TXN-0002497,EMP-1255,2020-09-13,Compensation Change,Market Adjustment,Sales,Sales,Account Management,Account Management,M2,M2,196000.0,218000.0,
TXN-0002498,EMP-1255,2024-03-04,Compensation Change,Merit Increase,Sales,Sales,Account Management,Account Management,M2,M2,218000.0,242000.0,
TXN-0002499,EMP-1256,2020-03-19,Hire,New Hire,,Sales,,Account Management,,IC3,,118000.0,
TXN-0002500,EMP-1256,2021-05-31,Promotion,Merit Promotion,Sales,Sales,Account Management,Account Management,IC3,IC4,118000.0,149000.0,
TXN-0002501,EMP-1256,2023-04-24,Termination,Performance,,,,,,,,,Involuntary
TXN-0002502,EMP-1257,2025-11-14,Hire,New Hire,,Sales,,Account Management,,M1,,158000.0,
TXN-0002503,EMP-1258,2018-03-08,Hire,New Hire,,Product,,Product Management,,IC4,,143000.0,
TXN-0002504,EMP-1258,2024-06-29,Compensation Change,Merit Increase,Product,Product,Product Management,Product Management,IC4,IC4,143000.0,148000.0,
TXN-0002505,EMP-1258,2024-11-28,Promotion,Merit Promotion,Product,Product,Product Management,Product Management,IC4,IC5,148000.0,179000.0,
TXN-0002506,EMP-1259,2021-05-10,Hire,New Hire,,Marketing,,Brand,,IC2,,83000.0,
TXN-0002507,EMP-1259,2023-11-19,Transfer,Internal Transfer,Marketing,Finance,Brand,Tax,IC2,IC2,83000.0,83000.0,
TXN-0002508,EMP-1260,2022-10-22,Hire,New Hire,,Engineering,,Data Engineering,,IC3,,123000.0,
TXN-0002509,EMP-1260,2025-09-08,Transfer,Internal Transfer,Engineering,Sales,Data Engineering,Revenue Operations,IC3,IC3,123000.0,123000.0,
TXN-0002510,EMP-1260,2026-03-03,Promotion,Merit Promotion,Sales,Sales,Revenue Operations,Revenue Operations,IC3,IC4,123000.0,151000.0,
TXN-0002511,EMP-1260,2026-05-08,Termination,Performance,,,,,,,,,Involuntary
TXN-0002512,EMP-1261,2025-12-18,Hire,New Hire,,Engineering,,Data Engineering,,IC1,,62000.0,
TXN-0002513,EMP-1261,2026-03-05,Transfer,Internal Transfer,Engineering,Finance,Data Engineering,Internal Audit,IC1,IC1,62000.0,62000.0,
TXN-0002514,EMP-1262,2019-11-16,Hire,New Hire,,Engineering,,QA Engineering,,IC1,,64000.0,
TXN-0002515,EMP-1263,2021-03-05,Hire,New Hire,,Marketing,,Product Marketing,,IC1,,74000.0,
TXN-0002516,EMP-1263,2024-09-11,Promotion,Merit Promotion,Marketing,Marketing,Product Marketing,Product Marketing,IC1,IC2,74000.0,93000.0,
TXN-0002517,EMP-1264,2022-10-11,Hire,New Hire,,Legal,,Privacy & Data,,M2,,186000.0,
TXN-0002518,EMP-1264,2023-01-11,Transfer,Internal Transfer,Legal,Finance,Privacy & Data,Tax,M2,M2,186000.0,186000.0,
TXN-0002519,EMP-1264,2025-01-22,Compensation Change,Merit Increase,Finance,Finance,Tax,Tax,M2,M2,186000.0,207000.0,
TXN-0002520,EMP-1265,2023-08-30,Hire,New Hire,,Engineering,,QA Engineering,,IC2,,102000.0,
TXN-0002521,EMP-1265,2024-11-15,Termination,Compensation,,,,,,,,,Voluntary
TXN-0002522,EMP-1266,2022-01-21,Hire,New Hire,,Product,,UX / Design,,IC4,,144000.0,
TXN-0002523,EMP-1266,2022-08-08,Promotion,Merit Promotion,Product,Product,UX / Design,UX / Design,IC4,IC5,144000.0,195000.0,
TXN-0002524,EMP-1267,2019-04-01,Hire,New Hire,,Product,,Product Management,,IC3,,105000.0,
TXN-0002525,EMP-1267,2021-05-07,Promotion,Merit Promotion,Product,Product,Product Management,Product Management,IC3,IC4,105000.0,155000.0,
TXN-0002526,EMP-1268,2019-02-25,Hire,New Hire,,Engineering,,Software Engineering,,IC1,,60000.0,
TXN-0002527,EMP-1268,2022-04-13,Compensation Change,Merit Increase,Engineering,Engineering,Software Engineering,Software Engineering,IC1,IC1,60000.0,66000.0,
TXN-0002528,EMP-1269,2024-01-06,Hire,New Hire,,Finance,,Accounting,,IC2,,80000.0,
TXN-0002529,EMP-1270,2025-05-25,Hire,New Hire,,Sales,,Sales Development,,IC3,,109000.0,
TXN-0002530,EMP-1270,2025-11-13,Termination,Career Move,,,,,,,,,Voluntary
TXN-0002531,EMP-1271,2023-11-25,Hire,New Hire,,HR,,HR Business Partnering,,IC3,,116000.0,
TXN-0002532,EMP-1271,2026-02-01,Termination,Personal Reasons,,,,,,,,,Voluntary
TXN-0002533,EMP-1272,2024-10-15,Hire,New Hire,,Sales,,Account Management,,IC3,,112000.0,
TXN-0002534,EMP-1273,2021-07-11,Hire,New Hire,,HR,,HR Business Partnering,,IC1,,66000.0,
TXN-0002535,EMP-1273,2024-07-31,Compensation Change,Merit Increase,HR,HR,HR Business Partnering,HR Business Partnering,IC1,IC1,66000.0,73000.0,
TXN-0002536,EMP-1274,2022-11-24,Hire,New Hire,,Marketing,,Brand,,IC2,,83000.0,
TXN-0002537,EMP-1274,2023-03-17,Compensation Change,Merit Increase,Marketing,Marketing,Brand,Brand,IC2,IC2,83000.0,89000.0,
TXN-0002538,EMP-1274,2026-04-26,Termination,Career Move,,,,,,,,,Voluntary
TXN-0002539,EMP-1275,2018-04-08,Hire,New Hire,,Sales,,Enterprise Sales,,IC2,,83000.0,
TXN-0002540,EMP-1275,2022-01-30,Termination,Performance,,,,,,,,,Involuntary
TXN-0002541,EMP-1276,2023-09-23,Hire,New Hire,,Engineering,,Software Engineering,,IC2,,103000.0,
TXN-0002542,EMP-1276,2025-11-11,Compensation Change,Merit Increase,Engineering,Engineering,Software Engineering,Software Engineering,IC2,IC2,103000.0,107000.0,
TXN-0002543,EMP-1277,2025-03-12,Hire,New Hire,,Product,,Product Operations,,IC2,,97000.0,
TXN-0002544,EMP-1277,2025-12-21,Compensation Change,Merit Increase,Product,Product,Product Operations,Product Operations,IC2,IC2,97000.0,105000.0,
TXN-0002545,EMP-1278,2020-07-20,Hire,New Hire,,Engineering,,Security Engineering,,IC3,,122000.0,
TXN-0002546,EMP-1278,2025-08-14,Promotion,Merit Promotion,Engineering,Engineering,Security Engineering,Security Engineering,IC3,IC4,122000.0,158000.0,
TXN-0002547,EMP-1278,2026-01-13,Compensation Change,Merit Increase,Engineering,Engineering,Security Engineering,Security Engineering,IC4,IC4,158000.0,168000.0,
TXN-0002548,EMP-1279,2021-09-21,Hire,New Hire,,Engineering,,Infrastructure / DevOps,,IC5,,171000.0,
TXN-0002549,EMP-1279,2025-09-19,Compensation Change,Market Adjustment,Engineering,Engineering,Infrastructure / DevOps,Infrastructure / DevOps,IC5,IC5,171000.0,185000.0,
TXN-0002550,EMP-1280,2026-04-05,Hire,New Hire,,Finance,,Financial Planning & Analysis,,IC4,,156000.0,
TXN-0002551,EMP-1281,2022-01-11,Hire,New Hire,,Sales,,Sales Development,,IC1,,70000.0,
TXN-0002552,EMP-1281,2024-04-15,Transfer,Internal Transfer,Sales,Finance,Sales Development,Accounting,IC1,IC1,70000.0,70000.0,
TXN-0002553,EMP-1282,2022-03-01,Hire,New Hire,,Product,,UX / Design,,IC1,,78000.0,
TXN-0002554,EMP-1283,2025-06-12,Hire,New Hire,,Product,,Product Operations,,IC4,,137000.0,
TXN-0002555,EMP-1283,2025-12-02,Termination,Compensation,,,,,,,,,Voluntary
TXN-0002556,EMP-1284,2022-06-21,Hire,New Hire,,Finance,,Internal Audit,,IC2,,95000.0,
TXN-0002557,EMP-1285,2023-08-06,Hire,New Hire,,Engineering,,Data Engineering,,IC5,,171000.0,
TXN-0002558,EMP-1286,2020-10-23,Hire,New Hire,,Engineering,,Data Engineering,,IC4,,140000.0,
TXN-0002559,EMP-1286,2021-08-07,Transfer,Internal Transfer,Engineering,Legal,Data Engineering,Compliance,IC4,IC4,140000.0,140000.0,
TXN-0002560,EMP-1287,2022-06-20,Hire,New Hire,,Engineering,,Infrastructure / DevOps,,M2,,169000.0,
TXN-0002561,EMP-1287,2022-09-16,Transfer,Internal Transfer,Engineering,Finance,Infrastructure / DevOps,Internal Audit,M2,M2,169000.0,169000.0,
TXN-0002562,EMP-1287,2022-11-15,Compensation Change,Market Adjustment,Finance,Finance,Internal Audit,Internal Audit,M2,M2,169000.0,177000.0,
TXN-0002563,EMP-1287,2024-02-24,Termination,Career Move,,,,,,,,,Voluntary
TXN-0002564,EMP-1288,2024-12-16,Hire,New Hire,,Sales,,Enterprise Sales,,M1,,154000.0,
TXN-0002565,EMP-1289,2019-07-25,Hire,New Hire,,Engineering,,Infrastructure / DevOps,,IC2,,90000.0,
TXN-0002566,EMP-1289,2024-01-16,Promotion,Merit Promotion,Engineering,Engineering,Infrastructure / DevOps,Infrastructure / DevOps,IC2,IC3,90000.0,131000.0,
TXN-0002567,EMP-1290,2019-01-07,Hire,New Hire,,Engineering,,Security Engineering,,IC3,,110000.0,
TXN-0002568,EMP-1290,2019-05-25,Transfer,Internal Transfer,Engineering,Finance,Security Engineering,Treasury,IC3,IC3,110000.0,110000.0,
TXN-0002569,EMP-1290,2021-06-17,Compensation Change,Merit Increase,Finance,Finance,Treasury,Treasury,IC3,IC3,110000.0,117000.0,
TXN-0002570,EMP-1291,2022-07-22,Hire,New Hire,,Product,,UX / Design,,IC1,,72000.0,
TXN-0002571,EMP-1291,2024-08-16,Termination,Performance,,,,,,,,,Involuntary
TXN-0002572,EMP-1292,2019-05-12,Hire,New Hire,,Engineering,,Data Engineering,,IC2,,95000.0,
TXN-0002573,EMP-1292,2019-07-12,Promotion,Merit Promotion,Engineering,Engineering,Data Engineering,Data Engineering,IC2,IC3,95000.0,106000.0,
TXN-0002574,EMP-1292,2020-09-04,Compensation Change,Merit Increase,Engineering,Engineering,Data Engineering,Data Engineering,IC3,IC3,106000.0,110000.0,
TXN-0002575,EMP-1293,2020-05-16,Hire,New Hire,,Sales,,Enterprise Sales,,Director,,257000.0,
TXN-0002576,EMP-1294,2020-01-23,Hire,New Hire,,Marketing,,Marketing Operations,,IC4,,151000.0,
TXN-0002577,EMP-1295,2025-08-05,Hire,New Hire,,Sales,,Enterprise Sales,,IC2,,98000.0,
TXN-0002578,EMP-1295,2025-09-05,Compensation Change,Merit Increase,Sales,Sales,Enterprise Sales,Enterprise Sales,IC2,IC2,98000.0,106000.0,
TXN-0002579,EMP-1296,2021-03-16,Hire,New Hire,,Product,,UX / Design,,IC3,,127000.0,
TXN-0002580,EMP-1296,2024-12-08,Compensation Change,Merit Increase,Product,Product,UX / Design,UX / Design,IC3,IC3,127000.0,136000.0,
TXN-0002581,EMP-1296,2025-10-25,Transfer,Internal Transfer,Product,HR,UX / Design,People Operations,IC3,IC3,136000.0,136000.0,
TXN-0002582,EMP-1297,2022-12-24,Hire,New Hire,,Legal,,Corporate Legal,,M3,,231000.0,
TXN-0002583,EMP-1298,2019-03-04,Hire,New Hire,,Sales,,Account Management,,IC2,,97000.0,
TXN-0002584,EMP-1298,2019-11-28,Transfer,Internal Transfer,Sales,Legal,Account Management,Privacy & Data,IC2,IC2,97000.0,97000.0,
TXN-0002585,EMP-1299,2018-10-02,Hire,New Hire,,Engineering,,Data Engineering,,IC2,,81000.0,
TXN-0002586,EMP-1299,2024-03-06,Transfer,Internal Transfer,Engineering,Finance,Data Engineering,Financial Planning & Analysis,IC2,IC2,81000.0,81000.0,
TXN-0002587,EMP-1300,2019-10-01,Hire,New Hire,,Engineering,,Data Engineering,,IC5,,169000.0,
TXN-0002588,EMP-1300,2024-10-13,Compensation Change,Market Adjustment,Engineering,Engineering,Data Engineering,Data Engineering,IC5,IC5,169000.0,184000.0,
TXN-0002589,EMP-1301,2020-04-17,Hire,New Hire,,HR,,Total Rewards,,M1,,139000.0,
TXN-0002590,EMP-1301,2022-02-12,Compensation Change,Market Adjustment,HR,HR,Total Rewards,Total Rewards,M1,M1,139000.0,145000.0,
TXN-0002591,EMP-1302,2022-02-14,Hire,New Hire,,Product,,UX / Design,,IC4,,141000.0,
TXN-0002592,EMP-1302,2023-04-14,Promotion,Merit Promotion,Product,Product,UX / Design,UX / Design,IC4,IC5,141000.0,161000.0,
TXN-0002593,EMP-1303,2023-02-01,Hire,New Hire,,Legal,,Compliance,,M1,,157000.0,
TXN-0002594,EMP-1303,2024-07-13,Compensation Change,Merit Increase,Legal,Legal,Compliance,Compliance,M1,M1,157000.0,163000.0,
TXN-0002595,EMP-1304,2021-11-12,Hire,New Hire,,HR,,Learning & Development,,IC5,,183000.0,
TXN-0002596,EMP-1305,2024-01-02,Hire,New Hire,,Engineering,,QA Engineering,,IC4,,138000.0,
TXN-0002597,EMP-1305,2025-09-06,Promotion,Merit Promotion,Engineering,Engineering,QA Engineering,QA Engineering,IC4,IC5,138000.0,194000.0,
TXN-0002598,EMP-1306,2023-11-16,Hire,New Hire,,Engineering,,Data Engineering,,IC3,,106000.0,
TXN-0002599,EMP-1306,2026-03-18,Transfer,Internal Transfer,Engineering,Legal,Data Engineering,Privacy & Data,IC3,IC3,106000.0,106000.0,
TXN-0002600,EMP-1306,2026-05-10,Transfer,Internal Transfer,Legal,Sales,Privacy & Data,Enterprise Sales,IC3,IC3,106000.0,106000.0,
TXN-0002601,EMP-1306,2026-06-14,Termination,Reorganization,,,,,,,,,Involuntary
TXN-0002602,EMP-1307,2021-11-15,Hire,New Hire,,Engineering,,Data Engineering,,IC4,,159000.0,
TXN-0002603,EMP-1307,2023-09-19,Compensation Change,Market Adjustment,Engineering,Engineering,Data Engineering,Data Engineering,IC4,IC4,159000.0,169000.0,
TXN-0002604,EMP-1308,2020-12-01,Hire,New Hire,,Engineering,,Infrastructure / DevOps,,IC3,,118000.0,
TXN-0002605,EMP-1308,2024-03-28,Promotion,Merit Promotion,Engineering,Engineering,Infrastructure / DevOps,Infrastructure / DevOps,IC3,IC4,118000.0,144000.0,
TXN-0002606,EMP-1308,2024-08-28,Promotion,Merit Promotion,Engineering,Engineering,Infrastructure / DevOps,Infrastructure / DevOps,IC4,IC5,144000.0,174000.0,
TXN-0002607,EMP-1308,2024-10-02,Termination,Performance,,,,,,,,,Involuntary
TXN-0002608,EMP-1309,2024-05-13,Hire,New Hire,,Marketing,,Product Marketing,,IC2,,88000.0,
TXN-0002609,EMP-1309,2024-08-06,Compensation Change,Market Adjustment,Marketing,Marketing,Product Marketing,Product Marketing,IC2,IC2,88000.0,97000.0,
TXN-0002610,EMP-1309,2025-11-06,Compensation Change,Merit Increase,Marketing,Marketing,Product Marketing,Product Marketing,IC2,IC2,97000.0,101000.0,
TXN-0002611,EMP-1310,2025-11-16,Hire,New Hire,,Sales,,Account Management,,IC2,,95000.0,
TXN-0002612,EMP-1310,2026-01-18,Termination,Personal Reasons,,,,,,,,,Voluntary
TXN-0002613,EMP-1311,2022-11-26,Hire,New Hire,,Engineering,,QA Engineering,,IC1,,78000.0,
TXN-0002614,EMP-1311,2026-01-25,Compensation Change,Merit Increase,Engineering,Engineering,QA Engineering,QA Engineering,IC1,IC1,78000.0,85000.0,
TXN-0002615,EMP-1312,2021-11-13,Hire,New Hire,,Sales,,Revenue Operations,,IC2,,98000.0,
TXN-0002616,EMP-1312,2023-08-01,Compensation Change,Merit Increase,Sales,Sales,Revenue Operations,Revenue Operations,IC2,IC2,98000.0,101000.0,
TXN-0002617,EMP-1312,2024-10-20,Promotion,Merit Promotion,Sales,Sales,Revenue Operations,Revenue Operations,IC2,IC3,101000.0,123000.0,
TXN-0002618,EMP-1312,2025-09-14,Termination,Compensation,,,,,,,,,Voluntary
TXN-0002619,EMP-1313,2019-08-13,Hire,New Hire,,Finance,,Accounting,,M3,,208000.0,
TXN-0002620,EMP-1313,2022-09-20,Transfer,Internal Transfer,Finance,Legal,Accounting,Privacy & Data,M3,M3,208000.0,208000.0,
TXN-0002621,EMP-1313,2025-04-18,Compensation Change,Merit Increase,Legal,Legal,Privacy & Data,Privacy & Data,M3,M3,208000.0,218000.0,
TXN-0002622,EMP-1314,2023-11-01,Hire,New Hire,,Engineering,,Security Engineering,,IC3,,111000.0,
TXN-0002623,EMP-1314,2023-12-28,Compensation Change,Market Adjustment,Engineering,Engineering,Security Engineering,Security Engineering,IC3,IC3,111000.0,123000.0,
TXN-0002624,EMP-1314,2025-06-25,Compensation Change,Market Adjustment,Engineering,Engineering,Security Engineering,Security Engineering,IC3,IC3,123000.0,128000.0,
TXN-0002625,EMP-1315,2024-02-03,Hire,New Hire,,Engineering,,Data Engineering,,IC2,,85000.0,
TXN-0002626,EMP-1315,2024-03-27,Compensation Change,Market Adjustment,Engineering,Engineering,Data Engineering,Data Engineering,IC2,IC2,85000.0,91000.0,
TXN-0002627,EMP-1316,2026-04-20,Hire,New Hire,,Engineering,,Software Engineering,,IC1,,74000.0,
TXN-0002628,EMP-1317,2021-03-17,Hire,New Hire,,Product,,UX / Design,,IC1,,78000.0,
TXN-0002629,EMP-1317,2022-11-10,Compensation Change,Merit Increase,Product,Product,UX / Design,UX / Design,IC1,IC1,78000.0,86000.0,
TXN-0002630,EMP-1317,2023-12-29,Promotion,Merit Promotion,Product,Product,UX / Design,UX / Design,IC1,IC2,86000.0,96000.0,
TXN-0002631,EMP-1318,2019-01-19,Hire,New Hire,,Marketing,,Marketing Operations,,M1,,163000.0,
TXN-0002632,EMP-1318,2020-01-01,Compensation Change,Market Adjustment,Marketing,Marketing,Marketing Operations,Marketing Operations,M1,M1,163000.0,173000.0,
TXN-0002633,EMP-1318,2021-04-24,Transfer,Internal Transfer,Marketing,Finance,Marketing Operations,Financial Planning & Analysis,M1,M1,173000.0,173000.0,
TXN-0002634,EMP-1318,2024-04-30,Termination,Performance,,,,,,,,,Involuntary
TXN-0002635,EMP-1319,2021-03-16,Hire,New Hire,,Sales,,Enterprise Sales,,IC1,,73000.0,
TXN-0002636,EMP-1320,2023-09-16,Hire,New Hire,,Engineering,,QA Engineering,,IC5,,163000.0,
TXN-0002637,EMP-1320,2024-07-23,Transfer,Internal Transfer,Engineering,Product,QA Engineering,UX / Design,IC5,IC5,163000.0,163000.0,
TXN-0002638,EMP-1321,2023-09-03,Hire,New Hire,,Engineering,,Software Engineering,,M1,,137000.0,
TXN-0002639,EMP-1321,2024-08-23,Transfer,Internal Transfer,Engineering,Finance,Software Engineering,Financial Planning & Analysis,M1,M1,137000.0,137000.0,
TXN-0002640,EMP-1322,2024-02-27,Hire,New Hire,,Product,,UX / Design,,M2,,166000.0,
TXN-0002641,EMP-1322,2026-01-29,Compensation Change,Merit Increase,Product,Product,UX / Design,UX / Design,M2,M2,166000.0,184000.0,
TXN-0002642,EMP-1323,2019-02-26,Hire,New Hire,,Engineering,,Security Engineering,,IC1,,62000.0,
TXN-0002643,EMP-1323,2023-12-22,Promotion,Merit Promotion,Engineering,Engineering,Security Engineering,Security Engineering,IC1,IC2,62000.0,94000.0,
TXN-0002644,EMP-1324,2022-04-28,Hire,New Hire,,Finance,,Treasury,,IC2,,89000.0,
TXN-0002645,EMP-1324,2022-08-21,Termination,Performance,,,,,,,,,Involuntary
TXN-0002646,EMP-1325,2021-09-25,Hire,New Hire,,Engineering,,Infrastructure / DevOps,,IC5,,167000.0,
TXN-0002647,EMP-1325,2024-03-07,Transfer,Internal Transfer,Engineering,Legal,Infrastructure / DevOps,Employment Law,IC5,IC5,167000.0,167000.0,
TXN-0002648,EMP-1326,2020-09-07,Hire,New Hire,,Product,,Product Management,,IC1,,72000.0,
TXN-0002649,EMP-1327,2019-08-05,Hire,New Hire,,Marketing,,Demand Generation,,IC2,,92000.0,
TXN-0002650,EMP-1328,2021-01-01,Hire,New Hire,,Sales,,Revenue Operations,,IC1,,69000.0,
TXN-0002651,EMP-1328,2022-03-21,Promotion,Merit Promotion,Sales,Sales,Revenue Operations,Revenue Operations,IC1,IC2,69000.0,100000.0,
TXN-0002652,EMP-1328,2024-03-18,Promotion,Merit Promotion,Sales,Sales,Revenue Operations,Revenue Operations,IC2,IC3,100000.0,132000.0,
TXN-0002653,EMP-1329,2023-05-16,Hire,New Hire,,Sales,,Revenue Operations,,M1,,145000.0,
TXN-0002654,EMP-1330,2026-04-14,Hire,New Hire,,Legal,,Corporate Legal,,IC5,,166000.0,
TXN-0002655,EMP-1331,2020-09-04,Hire,New Hire,,Sales,,Account Management,,M1,,158000.0,
TXN-0002656,EMP-1331,2026-01-18,Compensation Change,Merit Increase,Sales,Sales,Account Management,Account Management,M1,M1,158000.0,173000.0,
TXN-0002657,EMP-1332,2020-07-05,Hire,New Hire,,Engineering,,Infrastructure / DevOps,,IC1,,77000.0,
TXN-0002658,EMP-1332,2021-11-21,Promotion,Merit Promotion,Engineering,Engineering,Infrastructure / DevOps,Infrastructure / DevOps,IC1,IC2,77000.0,99000.0,
TXN-0002659,EMP-1333,2021-07-30,Hire,New Hire,,Sales,,Sales Development,,IC3,,126000.0,
TXN-0002660,EMP-1334,2018-02-05,Hire,New Hire,,Legal,,Privacy & Data,,IC2,,103000.0,
TXN-0002661,EMP-1334,2019-10-04,Promotion,Merit Promotion,Legal,Legal,Privacy & Data,Privacy & Data,IC2,IC3,103000.0,125000.0,
TXN-0002662,EMP-1334,2025-04-27,Promotion,Merit Promotion,Legal,Legal,Privacy & Data,Privacy & Data,IC3,IC4,125000.0,152000.0,
TXN-0002663,EMP-1334,2026-06-09,Termination,Reorganization,,,,,,,,,Involuntary
TXN-0002664,EMP-1335,2023-04-08,Hire,New Hire,,HR,,Talent Acquisition,,IC4,,154000.0,
TXN-0002665,EMP-1335,2026-01-04,Promotion,Merit Promotion,HR,HR,Talent Acquisition,Talent Acquisition,IC4,IC5,154000.0,173000.0,
TXN-0002666,EMP-1335,2026-05-25,Transfer,Internal Transfer,HR,Finance,Talent Acquisition,Treasury,IC5,IC5,173000.0,173000.0,
TXN-0002667,EMP-1336,2018-06-16,Hire,New Hire,,Engineering,,Infrastructure / DevOps,,IC2,,95000.0,
TXN-0002668,EMP-1337,2018-03-13,Hire,New Hire,,Product,,Product Operations,,IC3,,126000.0,
TXN-0002669,EMP-1337,2025-11-03,Transfer,Internal Transfer,Product,Legal,Product Operations,Compliance,IC3,IC3,126000.0,126000.0,
TXN-0002670,EMP-1337,2026-03-30,Compensation Change,Merit Increase,Legal,Legal,Compliance,Compliance,IC3,IC3,126000.0,141000.0,
TXN-0002671,EMP-1337,2026-05-04,Termination,Personal Reasons,,,,,,,,,Voluntary
TXN-0002672,EMP-1338,2020-09-25,Hire,New Hire,,Product,,Product Operations,,IC2,,98000.0,
TXN-0002673,EMP-1338,2025-07-16,Promotion,Merit Promotion,Product,Product,Product Operations,Product Operations,IC2,IC3,98000.0,108000.0,
TXN-0002674,EMP-1339,2025-03-08,Hire,New Hire,,Product,,Product Operations,,IC5,,164000.0,
TXN-0002675,EMP-1339,2026-04-04,Termination,Performance,,,,,,,,,Involuntary
TXN-0002676,EMP-1340,2022-09-13,Hire,New Hire,,Product,,Product Management,,IC3,,106000.0,
TXN-0002677,EMP-1340,2024-03-31,Compensation Change,Market Adjustment,Product,Product,Product Management,Product Management,IC3,IC3,106000.0,118000.0,
TXN-0002678,EMP-1341,2020-04-12,Hire,New Hire,,Sales,,Sales Development,,IC3,,115000.0,
TXN-0002679,EMP-1341,2022-06-16,Promotion,Merit Promotion,Sales,Sales,Sales Development,Sales Development,IC3,IC4,115000.0,149000.0,
TXN-0002680,EMP-1341,2025-03-08,Compensation Change,Market Adjustment,Sales,Sales,Sales Development,Sales Development,IC4,IC4,149000.0,164000.0,
TXN-0002681,EMP-1342,2025-12-21,Hire,New Hire,,Product,,Product Operations,,IC2,,103000.0,
TXN-0002682,EMP-1342,2026-02-28,Promotion,Merit Promotion,Product,Product,Product Operations,Product Operations,IC2,IC3,103000.0,111000.0,
TXN-0002683,EMP-1342,2026-06-01,Compensation Change,Market Adjustment,Product,Product,Product Operations,Product Operations,IC3,IC3,111000.0,122000.0,
TXN-0002684,EMP-1343,2019-08-23,Hire,New Hire,,Sales,,Customer Success,,M1,,135000.0,
TXN-0002685,EMP-1343,2021-08-03,Compensation Change,Merit Increase,Sales,Sales,Customer Success,Customer Success,M1,M1,135000.0,145000.0,
TXN-0002686,EMP-1344,2018-06-11,Hire,New Hire,,Sales,,Account Management,,IC3,,126000.0,
TXN-0002687,EMP-1344,2019-01-30,Promotion,Merit Promotion,Sales,Sales,Account Management,Account Management,IC3,IC4,126000.0,152000.0,
TXN-0002688,EMP-1345,2018-03-13,Hire,New Hire,,Sales,,Enterprise Sales,,M1,,133000.0,
TXN-0002689,EMP-1345,2023-11-01,Compensation Change,Merit Increase,Sales,Sales,Enterprise Sales,Enterprise Sales,M1,M1,133000.0,142000.0,
TXN-0002690,EMP-1345,2025-12-17,Compensation Change,Merit Increase,Sales,Sales,Enterprise Sales,Enterprise Sales,M1,M1,142000.0,155000.0,
TXN-0002691,EMP-1346,2021-08-04,Hire,New Hire,,Finance,,Treasury,,IC2,,101000.0,
TXN-0002692,EMP-1346,2022-10-19,Compensation Change,Merit Increase,Finance,Finance,Treasury,Treasury,IC2,IC2,101000.0,105000.0,
TXN-0002693,EMP-1346,2023-03-14,Compensation Change,Merit Increase,Finance,Finance,Treasury,Treasury,IC2,IC2,105000.0,114000.0,
TXN-0002694,EMP-1346,2025-10-07,Termination,Compensation,,,,,,,,,Voluntary
TXN-0002695,EMP-1347,2018-01-15,Hire,New Hire,,Sales,,Enterprise Sales,,M3,,234000.0,
TXN-0002696,EMP-1347,2020-09-15,Transfer,Internal Transfer,Sales,HR,Enterprise Sales,Talent Acquisition,M3,M3,234000.0,234000.0,
TXN-0002697,EMP-1347,2022-10-21,Compensation Change,Merit Increase,HR,HR,Talent Acquisition,Talent Acquisition,M3,M3,234000.0,242000.0,
TXN-0002698,EMP-1347,2024-05-10,Termination,Reorganization,,,,,,,,,Involuntary
TXN-0002699,EMP-1348,2022-09-05,Hire,New Hire,,Sales,,Revenue Operations,,VP,,289000.0,
TXN-0002700,EMP-1348,2025-08-18,Compensation Change,Merit Increase,Sales,Sales,Revenue Operations,Revenue Operations,VP,VP,289000.0,300000.0,
TXN-0002701,EMP-1349,2022-10-24,Hire,New Hire,,Engineering,,Infrastructure / DevOps,,IC3,,107000.0,
TXN-0002702,EMP-1349,2024-05-01,Compensation Change,Market Adjustment,Engineering,Engineering,Infrastructure / DevOps,Infrastructure / DevOps,IC3,IC3,107000.0,118000.0,
TXN-0002703,EMP-1350,2020-06-21,Hire,New Hire,,Sales,,Account Management,,IC2,,105000.0,
TXN-0002704,EMP-1350,2022-12-06,Compensation Change,Merit Increase,Sales,Sales,Account Management,Account Management,IC2,IC2,105000.0,115000.0,
TXN-0002705,EMP-1351,2022-11-08,Hire,New Hire,,Engineering,,Security Engineering,,IC2,,103000.0,
TXN-0002706,EMP-1352,2019-05-27,Hire,New Hire,,Finance,,Tax,,IC3,,109000.0,
TXN-0002707,EMP-1352,2023-06-23,Compensation Change,Merit Increase,Finance,Finance,Tax,Tax,IC3,IC3,109000.0,120000.0,
TXN-0002708,EMP-1353,2023-06-13,Hire,New Hire,,Finance,,Treasury,,Director,,249000.0,
TXN-0002709,EMP-1353,2024-03-25,Compensation Change,Merit Increase,Finance,Finance,Treasury,Treasury,Director,Director,249000.0,269000.0,
TXN-0002710,EMP-1353,2025-06-16,Compensation Change,Market Adjustment,Finance,Finance,Treasury,Treasury,Director,Director,269000.0,288000.0,
TXN-0002711,EMP-1353,2026-06-16,Termination,Compensation,,,,,,,,,Voluntary
TXN-0002712,EMP-1354,2019-10-24,Hire,New Hire,,Sales,,Revenue Operations,,M1,,162000.0,
TXN-0002713,EMP-1354,2025-08-31,Compensation Change,Merit Increase,Sales,Sales,Revenue Operations,Revenue Operations,M1,M1,162000.0,174000.0,
TXN-0002714,EMP-1355,2022-06-15,Hire,New Hire,,Sales,,Account Management,,M1,,163000.0,
TXN-0002715,EMP-1355,2025-11-29,Compensation Change,Merit Increase,Sales,Sales,Account Management,Account Management,M1,M1,163000.0,178000.0,
TXN-0002716,EMP-1355,2026-04-26,Compensation Change,Market Adjustment,Sales,Sales,Account Management,Account Management,M1,M1,178000.0,193000.0,
TXN-0002717,EMP-1356,2019-03-11,Hire,New Hire,,Engineering,,Data Engineering,,IC1,,66000.0,
TXN-0002718,EMP-1357,2023-07-25,Hire,New Hire,,Marketing,,Product Marketing,,IC2,,87000.0,
TXN-0002719,EMP-1357,2023-10-13,Transfer,Internal Transfer,Marketing,Engineering,Product Marketing,QA Engineering,IC2,IC2,87000.0,87000.0,
TXN-0002720,EMP-1357,2025-02-05,Promotion,Merit Promotion,Engineering,Engineering,QA Engineering,QA Engineering,IC2,IC3,87000.0,133000.0,
TXN-0002721,EMP-1358,2023-06-01,Hire,New Hire,,Legal,,Employment Law,,IC4,,149000.0,
TXN-0002722,EMP-1358,2025-09-19,Transfer,Internal Transfer,Legal,Engineering,Employment Law,Infrastructure / DevOps,IC4,IC4,149000.0,149000.0,
TXN-0002723,EMP-1358,2025-11-08,Compensation Change,Market Adjustment,Engineering,Engineering,Infrastructure / DevOps,Infrastructure / DevOps,IC4,IC4,149000.0,165000.0,
TXN-0002724,EMP-1359,2018-06-11,Hire,New Hire,,Sales,,Account Management,,M1,,161000.0,
TXN-0002725,EMP-1360,2025-11-23,Hire,New Hire,,Engineering,,Data Engineering,,IC3,,121000.0,
TXN-0002726,EMP-1360,2026-01-04,Compensation Change,Merit Increase,Engineering,Engineering,Data Engineering,Data Engineering,IC3,IC3,121000.0,132000.0,
TXN-0002727,EMP-1361,2018-03-15,Hire,New Hire,,Sales,,Account Management,,IC1,,62000.0,
TXN-0002728,EMP-1361,2022-09-03,Compensation Change,Market Adjustment,Sales,Sales,Account Management,Account Management,IC1,IC1,62000.0,64000.0,
TXN-0002729,EMP-1362,2018-04-05,Hire,New Hire,,Engineering,,Security Engineering,,M1,,153000.0,
TXN-0002730,EMP-1363,2024-10-12,Hire,New Hire,,Engineering,,Data Engineering,,M1,,159000.0,
TXN-0002731,EMP-1364,2023-08-04,Hire,New Hire,,Engineering,,Data Engineering,,IC2,,80000.0,
TXN-0002732,EMP-1364,2026-01-17,Promotion,Merit Promotion,Engineering,Engineering,Data Engineering,Data Engineering,IC2,IC3,80000.0,126000.0,
TXN-0002733,EMP-1365,2022-01-28,Hire,New Hire,,Sales,,Sales Development,,IC5,,176000.0,
TXN-0002734,EMP-1365,2023-12-27,Transfer,Internal Transfer,Sales,Legal,Sales Development,Corporate Legal,IC5,IC5,176000.0,176000.0,
TXN-0002735,EMP-1366,2021-06-03,Hire,New Hire,,Sales,,Revenue Operations,,IC2,,104000.0,
TXN-0002736,EMP-1366,2024-04-13,Promotion,Merit Promotion,Sales,Sales,Revenue Operations,Revenue Operations,IC2,IC3,104000.0,127000.0,
TXN-0002737,EMP-1367,2023-07-13,Hire,New Hire,,Product,,Product Management,,M2,,178000.0,
TXN-0002738,EMP-1367,2025-09-29,Termination,Reorganization,,,,,,,,,Involuntary
TXN-0002739,EMP-1368,2021-12-20,Hire,New Hire,,Sales,,Customer Success,,IC1,,64000.0,
TXN-0002740,EMP-1369,2020-07-25,Hire,New Hire,,Engineering,,QA Engineering,,IC3,,125000.0,
TXN-0002741,EMP-1369,2023-01-25,Transfer,Internal Transfer,Engineering,Finance,QA Engineering,Tax,IC3,IC3,125000.0,125000.0,
TXN-0002742,EMP-1369,2024-06-30,Promotion,Merit Promotion,Finance,Finance,Tax,Tax,IC3,IC4,125000.0,157000.0,
TXN-0002743,EMP-1370,2023-04-21,Hire,New Hire,,HR,,Total Rewards,,M3,,221000.0,
TXN-0002744,EMP-1371,2025-04-18,Hire,New Hire,,Sales,,Revenue Operations,,IC2,,99000.0,
TXN-0002745,EMP-1372,2026-03-05,Hire,New Hire,,Sales,,Revenue Operations,,IC3,,135000.0,
TXN-0002746,EMP-1373,2021-06-05,Hire,New Hire,,Engineering,,QA Engineering,,IC2,,100000.0,
TXN-0002747,EMP-1373,2023-10-04,Transfer,Internal Transfer,Engineering,Legal,QA Engineering,Corporate Legal,IC2,IC2,100000.0,100000.0,
TXN-0002748,EMP-1374,2019-12-07,Hire,New Hire,,Sales,,Customer Success,,IC1,,75000.0,
TXN-0002749,EMP-1374,2025-07-05,Compensation Change,Market Adjustment,Sales,Sales,Customer Success,Customer Success,IC1,IC1,75000.0,83000.0,
TXN-0002750,EMP-1374,2025-12-20,Compensation Change,Merit Increase,Sales,Sales,Customer Success,Customer Success,IC1,IC1,83000.0,92000.0,
TXN-0002751,EMP-1375,2018-04-28,Hire,New Hire,,Engineering,,Software Engineering,,IC1,,68000.0,
TXN-0002752,EMP-1375,2026-03-22,Termination,Personal Reasons,,,,,,,,,Voluntary
TXN-0002753,EMP-1376,2021-11-07,Hire,New Hire,,Finance,,Financial Planning & Analysis,,IC3,,125000.0,
TXN-0002754,EMP-1376,2024-07-14,Termination,Compensation,,,,,,,,,Voluntary
TXN-0002755,EMP-1377,2025-09-13,Hire,New Hire,,Marketing,,Content Marketing,,IC2,,101000.0,
TXN-0002756,EMP-1377,2025-12-03,Termination,Career Move,,,,,,,,,Voluntary
TXN-0002757,EMP-1378,2025-05-14,Hire,New Hire,,Finance,,Tax,,VP,,338000.0,
TXN-0002758,EMP-1379,2020-12-18,Hire,New Hire,,HR,,HR Business Partnering,,IC2,,94000.0,
TXN-0002759,EMP-1379,2021-09-01,Compensation Change,Market Adjustment,HR,HR,HR Business Partnering,HR Business Partnering,IC2,IC2,94000.0,101000.0,
TXN-0002760,EMP-1380,2020-02-28,Hire,New Hire,,Engineering,,Infrastructure / DevOps,,IC1,,74000.0,
TXN-0002761,EMP-1381,2018-06-17,Hire,New Hire,,HR,,Learning & Development,,M3,,233000.0,
TXN-0002762,EMP-1382,2021-05-31,Hire,New Hire,,Finance,,Tax,,M1,,159000.0,
TXN-0002763,EMP-1382,2025-10-13,Transfer,Internal Transfer,Finance,HR,Tax,HR Business Partnering,M1,M1,159000.0,159000.0,
TXN-0002764,EMP-1382,2026-03-08,Termination,Personal Reasons,,,,,,,,,Voluntary
TXN-0002765,EMP-1383,2020-10-21,Hire,New Hire,,Sales,,Revenue Operations,,IC4,,137000.0,
TXN-0002766,EMP-1383,2025-02-01,Compensation Change,Merit Increase,Sales,Sales,Revenue Operations,Revenue Operations,IC4,IC4,137000.0,150000.0,
TXN-0002767,EMP-1383,2026-03-27,Transfer,Internal Transfer,Sales,Engineering,Revenue Operations,Data Engineering,IC4,IC4,150000.0,150000.0,
TXN-0002768,EMP-1383,2026-05-28,Termination,Compensation,,,,,,,,,Voluntary
TXN-0002769,EMP-1384,2025-05-06,Hire,New Hire,,Marketing,,Product Marketing,,IC5,,174000.0,
TXN-0002770,EMP-1384,2025-07-17,Compensation Change,Merit Increase,Marketing,Marketing,Product Marketing,Product Marketing,IC5,IC5,174000.0,186000.0,
TXN-0002771,EMP-1385,2020-08-20,Hire,New Hire,,Engineering,,Infrastructure / DevOps,,IC1,,72000.0,
TXN-0002772,EMP-1386,2025-12-27,Hire,New Hire,,Engineering,,QA Engineering,,IC2,,98000.0,
TXN-0002773,EMP-1387,2026-02-11,Hire,New Hire,,Product,,UX / Design,,M1,,145000.0,
TXN-0002774,EMP-1387,2026-04-17,Compensation Change,Merit Increase,Product,Product,UX / Design,UX / Design,M1,M1,145000.0,160000.0,
TXN-0002775,EMP-1388,2021-11-10,Hire,New Hire,,Product,,Product Management,,IC4,,151000.0,
TXN-0002776,EMP-1388,2024-03-09,Promotion,Merit Promotion,Product,Product,Product Management,Product Management,IC4,IC5,151000.0,162000.0,
TXN-0002777,EMP-1388,2026-03-04,Compensation Change,Merit Increase,Product,Product,Product Management,Product Management,IC5,IC5,162000.0,169000.0,
TXN-0002778,EMP-1388,2026-05-05,Termination,Personal Reasons,,,,,,,,,Voluntary
TXN-0002779,EMP-1389,2022-02-28,Hire,New Hire,,Engineering,,Security Engineering,,IC1,,68000.0,
TXN-0002780,EMP-1390,2026-05-24,Hire,New Hire,,Product,,UX / Design,,IC4,,151000.0,
TXN-0002781,EMP-1391,2021-05-10,Hire,New Hire,,Engineering,,Data Engineering,,IC3,,118000.0,
TXN-0002782,EMP-1391,2025-04-13,Compensation Change,Market Adjustment,Engineering,Engineering,Data Engineering,Data Engineering,IC3,IC3,118000.0,123000.0,
TXN-0002783,EMP-1391,2026-01-15,Promotion,Merit Promotion,Engineering,Engineering,Data Engineering,Data Engineering,IC3,IC4,123000.0,151000.0,
TXN-0002784,EMP-1392,2022-07-30,Hire,New Hire,,Engineering,,Data Engineering,,IC1,,74000.0,
TXN-0002785,EMP-1393,2021-10-23,Hire,New Hire,,Engineering,,Software Engineering,,IC1,,78000.0,
TXN-0002786,EMP-1393,2025-09-25,Compensation Change,Market Adjustment,Engineering,Engineering,Software Engineering,Software Engineering,IC1,IC1,78000.0,86000.0,
TXN-0002787,EMP-1394,2024-12-08,Hire,New Hire,,Sales,,Sales Development,,IC2,,84000.0,
TXN-0002788,EMP-1395,2020-06-11,Hire,New Hire,,Engineering,,Security Engineering,,M1,,145000.0,
TXN-0002789,EMP-1395,2025-08-02,Transfer,Internal Transfer,Engineering,Finance,Security Engineering,Tax,M1,M1,145000.0,145000.0,
TXN-0002790,EMP-1396,2024-12-09,Hire,New Hire,,Engineering,,Software Engineering,,IC3,,116000.0,
TXN-0002791,EMP-1397,2018-01-25,Hire,New Hire,,Engineering,,Data Engineering,,IC5,,187000.0,
TXN-0002792,EMP-1397,2025-01-08,Compensation Change,Market Adjustment,Engineering,Engineering,Data Engineering,Data Engineering,IC5,IC5,187000.0,196000.0,
TXN-0002793,EMP-1398,2018-08-15,Hire,New Hire,,HR,,HR Business Partnering,,IC3,,123000.0,
TXN-0002794,EMP-1399,2021-01-19,Hire,New Hire,,HR,,Talent Acquisition,,IC1,,72000.0,
TXN-0002795,EMP-1399,2024-12-10,Transfer,Internal Transfer,HR,Legal,Talent Acquisition,Corporate Legal,IC1,IC1,72000.0,72000.0,
TXN-0002796,EMP-1400,2020-09-10,Hire,New Hire,,Engineering,,Security Engineering,,IC2,,94000.0,
TXN-0002797,EMP-1400,2022-04-04,Transfer,Internal Transfer,Engineering,Sales,Security Engineering,Account Management,IC2,IC2,94000.0,94000.0,
TXN-0002798,EMP-1401,2020-09-25,Hire,New Hire,,Engineering,,Data Engineering,,IC2,,87000.0,
TXN-0002799,EMP-1402,2025-05-17,Hire,New Hire,,Sales,,Customer Success,,IC1,,63000.0,
TXN-0002800,EMP-1402,2026-06-01,Compensation Change,Market Adjustment,Sales,Sales,Customer Success,Customer Success,IC1,IC1,63000.0,70000.0,
TXN-0002801,EMP-1403,2026-02-12,Hire,New Hire,,Sales,,Revenue Operations,,IC2,,86000.0,
TXN-0002802,EMP-1403,2026-03-25,Compensation Change,Merit Increase,Sales,Sales,Revenue Operations,Revenue Operations,IC2,IC2,86000.0,94000.0,
TXN-0002803,EMP-1404,2024-09-24,Hire,New Hire,,Sales,,Account Management,,IC5,,176000.0,
TXN-0002804,EMP-1404,2025-04-30,Compensation Change,Merit Increase,Sales,Sales,Account Management,Account Management,IC5,IC5,176000.0,182000.0,
TXN-0002805,EMP-1404,2026-05-22,Termination,Performance,,,,,,,,,Involuntary
TXN-0002806,EMP-1405,2023-04-26,Hire,New Hire,,Finance,,Financial Planning & Analysis,,IC3,,119000.0,
TXN-0002807,EMP-1405,2026-05-21,Compensation Change,Merit Increase,Finance,Finance,Financial Planning & Analysis,Financial Planning & Analysis,IC3,IC3,119000.0,126000.0,
TXN-0002808,EMP-1406,2018-01-27,Hire,New Hire,,Legal,,Compliance,,IC1,,62000.0,
TXN-0002809,EMP-1406,2025-05-12,Transfer,Internal Transfer,Legal,Product,Compliance,UX / Design,IC1,IC1,62000.0,62000.0,
TXN-0002810,EMP-1407,2024-12-01,Hire,New Hire,,Sales,,Revenue Operations,,M2,,177000.0,
TXN-0002811,EMP-1407,2025-03-21,Compensation Change,Merit Increase,Sales,Sales,Revenue Operations,Revenue Operations,M2,M2,177000.0,189000.0,
TXN-0002812,EMP-1408,2025-07-30,Hire,New Hire,,Finance,,Internal Audit,,IC3,,120000.0,
TXN-0002813,EMP-1408,2025-10-22,Promotion,Merit Promotion,Finance,Finance,Internal Audit,Internal Audit,IC3,IC4,120000.0,145000.0,
TXN-0002814,EMP-1409,2022-12-10,Hire,New Hire,,Sales,,Customer Success,,IC1,,64000.0,
TXN-0002815,EMP-1410,2023-11-20,Hire,New Hire,,Finance,,Treasury,,IC3,,127000.0,
TXN-0002816,EMP-1411,2026-01-17,Hire,New Hire,,Legal,,Compliance,,IC2,,97000.0,
TXN-0002817,EMP-1411,2026-04-02,Transfer,Internal Transfer,Legal,Sales,Compliance,Sales Development,IC2,IC2,97000.0,97000.0,
TXN-0002818,EMP-1411,2026-06-14,Promotion,Merit Promotion,Sales,Sales,Sales Development,Sales Development,IC2,IC3,97000.0,129000.0,
TXN-0002819,EMP-1412,2019-02-01,Hire,New Hire,,Engineering,,QA Engineering,,IC1,,63000.0,
TXN-0002820,EMP-1413,2023-12-19,Hire,New Hire,,Finance,,Treasury,,IC3,,111000.0,
TXN-0002821,EMP-1414,2024-01-16,Hire,New Hire,,Engineering,,Infrastructure / DevOps,,IC4,,145000.0,
TXN-0002822,EMP-1414,2025-09-09,Compensation Change,Merit Increase,Engineering,Engineering,Infrastructure / DevOps,Infrastructure / DevOps,IC4,IC4,145000.0,152000.0,
TXN-0002823,EMP-1415,2020-06-19,Hire,New Hire,,Sales,,Revenue Operations,,IC2,,97000.0,
TXN-0002824,EMP-1415,2021-06-06,Compensation Change,Merit Increase,Sales,Sales,Revenue Operations,Revenue Operations,IC2,IC2,97000.0,105000.0,
TXN-0002825,EMP-1416,2019-08-17,Hire,New Hire,,Engineering,,Infrastructure / DevOps,,IC2,,83000.0,
TXN-0002826,EMP-1417,2018-09-21,Hire,New Hire,,Finance,,Financial Planning & Analysis,,IC4,,158000.0,
TXN-0002827,EMP-1417,2019-09-21,Transfer,Internal Transfer,Finance,Sales,Financial Planning & Analysis,Sales Development,IC4,IC4,158000.0,158000.0,
TXN-0002828,EMP-1418,2019-05-24,Hire,New Hire,,Finance,,Internal Audit,,IC1,,64000.0,
TXN-0002829,EMP-1418,2023-12-19,Compensation Change,Market Adjustment,Finance,Finance,Internal Audit,Internal Audit,IC1,IC1,64000.0,71000.0,
TXN-0002830,EMP-1419,2023-01-10,Hire,New Hire,,Finance,,Internal Audit,,Director,,257000.0,
TXN-0002831,EMP-1419,2025-10-13,Compensation Change,Market Adjustment,Finance,Finance,Internal Audit,Internal Audit,Director,Director,257000.0,278000.0,
TXN-0002832,EMP-1419,2026-04-20,Compensation Change,Merit Increase,Finance,Finance,Internal Audit,Internal Audit,Director,Director,278000.0,294000.0,
TXN-0002833,EMP-1419,2026-05-27,Termination,Compensation,,,,,,,,,Voluntary
TXN-0002834,EMP-1420,2022-08-04,Hire,New Hire,,Engineering,,QA Engineering,,IC1,,80000.0,
TXN-0002835,EMP-1420,2023-03-30,Compensation Change,Merit Increase,Engineering,Engineering,QA Engineering,QA Engineering,IC1,IC1,80000.0,89000.0,
TXN-0002836,EMP-1421,2023-07-11,Hire,New Hire,,Finance,,Accounting,,IC3,,124000.0,
TXN-0002837,EMP-1421,2024-12-20,Promotion,Merit Promotion,Finance,Finance,Accounting,Accounting,IC3,IC4,124000.0,145000.0,
TXN-0002838,EMP-1422,2019-11-20,Hire,New Hire,,Engineering,,Infrastructure / DevOps,,IC3,,119000.0,
TXN-0002839,EMP-1423,2022-08-25,Hire,New Hire,,Finance,,Financial Planning & Analysis,,VP,,322000.0,
TXN-0002840,EMP-1423,2023-02-16,Compensation Change,Merit Increase,Finance,Finance,Financial Planning & Analysis,Financial Planning & Analysis,VP,VP,322000.0,356000.0,
TXN-0002841,EMP-1424,2025-09-26,Hire,New Hire,,Sales,,Customer Success,,IC3,,124000.0,
TXN-0002842,EMP-1424,2026-04-22,Promotion,Merit Promotion,Sales,Sales,Customer Success,Customer Success,IC3,IC4,124000.0,154000.0,
TXN-0002843,EMP-1424,2026-05-22,Transfer,Internal Transfer,Sales,Finance,Customer Success,Treasury,IC4,IC4,154000.0,154000.0,
TXN-0002844,EMP-1425,2025-10-20,Hire,New Hire,,HR,,HR Business Partnering,,IC2,,83000.0,
TXN-0002845,EMP-1425,2026-06-12,Compensation Change,Market Adjustment,HR,HR,HR Business Partnering,HR Business Partnering,IC2,IC2,83000.0,86000.0,
TXN-0002846,EMP-1426,2018-05-31,Hire,New Hire,,Engineering,,Software Engineering,,IC3,,114000.0,
TXN-0002847,EMP-1427,2021-04-26,Hire,New Hire,,Sales,,Enterprise Sales,,IC4,,148000.0,
TXN-0002848,EMP-1427,2025-12-31,Compensation Change,Merit Increase,Sales,Sales,Enterprise Sales,Enterprise Sales,IC4,IC4,148000.0,161000.0,
TXN-0002849,EMP-1427,2026-03-10,Transfer,Internal Transfer,Sales,HR,Enterprise Sales,HR Business Partnering,IC4,IC4,161000.0,161000.0,
TXN-0002850,EMP-1427,2026-05-20,Termination,Reorganization,,,,,,,,,Involuntary
TXN-0002851,EMP-1428,2019-03-10,Hire,New Hire,,Finance,,Treasury,,VP,,361000.0,
TXN-0002852,EMP-1429,2018-10-01,Hire,New Hire,,Sales,,Enterprise Sales,,IC2,,101000.0,
TXN-0002853,EMP-1430,2020-01-17,Hire,New Hire,,Legal,,Employment Law,,IC1,,68000.0,
TXN-0002854,EMP-1430,2023-01-20,Transfer,Internal Transfer,Legal,Engineering,Employment Law,Data Engineering,IC1,IC1,68000.0,68000.0,
TXN-0002855,EMP-1431,2021-07-27,Hire,New Hire,,Sales,,Sales Development,,IC5,,163000.0,
TXN-0002856,EMP-1432,2023-04-11,Hire,New Hire,,HR,,Learning & Development,,IC2,,90000.0,
TXN-0002857,EMP-1433,2025-10-20,Hire,New Hire,,Sales,,Enterprise Sales,,IC5,,173000.0,
TXN-0002858,EMP-1434,2024-04-22,Hire,New Hire,,Sales,,Customer Success,,IC4,,150000.0,
TXN-0002859,EMP-1434,2024-11-30,Transfer,Internal Transfer,Sales,Engineering,Customer Success,Security Engineering,IC4,IC4,150000.0,150000.0,
TXN-0002860,EMP-1434,2025-07-29,Termination,Compensation,,,,,,,,,Voluntary
TXN-0002861,EMP-1435,2023-04-12,Hire,New Hire,,Product,,Product Management,,IC5,,193000.0,
TXN-0002862,EMP-1435,2024-08-17,Compensation Change,Merit Increase,Product,Product,Product Management,Product Management,IC5,IC5,193000.0,216000.0,
TXN-0002863,EMP-1436,2025-04-18,Hire,New Hire,,Engineering,,Data Engineering,,IC5,,183000.0,
TXN-0002864,EMP-1436,2026-06-27,Compensation Change,Merit Increase,Engineering,Engineering,Data Engineering,Data Engineering,IC5,IC5,183000.0,192000.0,
TXN-0002865,EMP-1437,2020-10-03,Hire,New Hire,,Marketing,,Content Marketing,,IC2,,98000.0,
TXN-0002866,EMP-1437,2021-12-16,Compensation Change,Market Adjustment,Marketing,Marketing,Content Marketing,Content Marketing,IC2,IC2,98000.0,104000.0,
TXN-0002867,EMP-1437,2022-12-25,Promotion,Merit Promotion,Marketing,Marketing,Content Marketing,Content Marketing,IC2,IC3,104000.0,134000.0,
TXN-0002868,EMP-1438,2021-01-13,Hire,New Hire,,Sales,,Sales Development,,IC1,,73000.0,
TXN-0002869,EMP-1438,2025-05-06,Transfer,Internal Transfer,Sales,Legal,Sales Development,Compliance,IC1,IC1,73000.0,73000.0,
TXN-0002870,EMP-1438,2025-12-01,Compensation Change,Merit Increase,Legal,Legal,Compliance,Compliance,IC1,IC1,73000.0,81000.0,
TXN-0002871,EMP-1439,2023-10-10,Hire,New Hire,,Engineering,,Security Engineering,,IC3,,125000.0,
TXN-0002872,EMP-1439,2025-06-20,Promotion,Merit Promotion,Engineering,Engineering,Security Engineering,Security Engineering,IC3,IC4,125000.0,143000.0,
TXN-0002873,EMP-1440,2024-12-18,Hire,New Hire,,Product,,Product Operations,,M1,,152000.0,
TXN-0002874,EMP-1441,2021-05-14,Hire,New Hire,,Engineering,,QA Engineering,,IC1,,80000.0,
TXN-0002875,EMP-1441,2023-08-11,Compensation Change,Merit Increase,Engineering,Engineering,QA Engineering,QA Engineering,IC1,IC1,80000.0,87000.0,
TXN-0002876,EMP-1441,2023-11-04,Compensation Change,Market Adjustment,Engineering,Engineering,QA Engineering,QA Engineering,IC1,IC1,87000.0,92000.0,
TXN-0002877,EMP-1442,2020-01-13,Hire,New Hire,,Marketing,,Marketing Operations,,IC5,,181000.0,
TXN-0002878,EMP-1442,2024-05-24,Transfer,Internal Transfer,Marketing,Legal,Marketing Operations,Privacy & Data,IC5,IC5,181000.0,181000.0,
TXN-0002879,EMP-1443,2024-05-23,Hire,New Hire,,Marketing,,Brand,,IC3,,112000.0,
TXN-0002880,EMP-1443,2026-03-24,Compensation Change,Merit Increase,Marketing,Marketing,Brand,Brand,IC3,IC3,112000.0,123000.0,
TXN-0002881,EMP-1443,2026-04-25,Compensation Change,Market Adjustment,Marketing,Marketing,Brand,Brand,IC3,IC3,123000.0,135000.0,
TXN-0002882,EMP-1443,2026-06-03,Termination,Personal Reasons,,,,,,,,,Voluntary
TXN-0002883,EMP-1444,2022-10-06,Hire,New Hire,,Engineering,,Data Engineering,,IC4,,148000.0,
TXN-0002884,EMP-1445,2024-10-12,Hire,New Hire,,Engineering,,Data Engineering,,IC4,,159000.0,
TXN-0002885,EMP-1445,2026-05-04,Transfer,Internal Transfer,Engineering,Marketing,Data Engineering,Brand,IC4,IC4,159000.0,159000.0,
TXN-0002886,EMP-1445,2026-06-19,Transfer,Internal Transfer,Marketing,Product,Brand,UX / Design,IC4,IC4,159000.0,159000.0,
TXN-0002887,EMP-1446,2024-04-21,Hire,New Hire,,Product,,Product Management,,M1,,143000.0,
TXN-0002888,EMP-1447,2021-10-24,Hire,New Hire,,Sales,,Account Management,,IC1,,72000.0,
TXN-0002889,EMP-1447,2024-10-29,Compensation Change,Market Adjustment,Sales,Sales,Account Management,Account Management,IC1,IC1,72000.0,81000.0,
TXN-0002890,EMP-1448,2023-05-19,Hire,New Hire,,Engineering,,Software Engineering,,IC5,,169000.0,
TXN-0002891,EMP-1448,2025-04-17,Compensation Change,Market Adjustment,Engineering,Engineering,Software Engineering,Software Engineering,IC5,IC5,169000.0,183000.0,
TXN-0002892,EMP-1449,2018-07-03,Hire,New Hire,,Engineering,,QA Engineering,,IC3,,119000.0,
TXN-0002893,EMP-1449,2025-03-09,Transfer,Internal Transfer,Engineering,Product,QA Engineering,Product Operations,IC3,IC3,119000.0,119000.0,
TXN-0002894,EMP-1450,2021-01-30,Hire,New Hire,,Engineering,,QA Engineering,,IC2,,98000.0,
TXN-0002895,EMP-1450,2023-07-29,Transfer,Internal Transfer,Engineering,Marketing,QA Engineering,Marketing Operations,IC2,IC2,98000.0,98000.0,
TXN-0002896,EMP-1450,2026-03-20,Promotion,Merit Promotion,Marketing,Marketing,Marketing Operations,Marketing Operations,IC2,IC3,98000.0,126000.0,
TXN-0002897,EMP-1451,2025-03-16,Hire,New Hire,,Finance,,Financial Planning & Analysis,,IC1,,77000.0,
TXN-0002898,EMP-1451,2026-02-27,Transfer,Internal Transfer,Finance,Engineering,Financial Planning & Analysis,Software Engineering,IC1,IC1,77000.0,77000.0,
TXN-0002899,EMP-1451,2026-04-25,Compensation Change,Market Adjustment,Engineering,Engineering,Software Engineering,Software Engineering,IC1,IC1,77000.0,81000.0,
TXN-0002900,EMP-1451,2026-06-19,Termination,Personal Reasons,,,,,,,,,Voluntary
TXN-0002901,EMP-1452,2022-09-12,Hire,New Hire,,Engineering,,Security Engineering,,IC1,,75000.0,
TXN-0002902,EMP-1452,2022-11-21,Compensation Change,Market Adjustment,Engineering,Engineering,Security Engineering,Security Engineering,IC1,IC1,75000.0,80000.0,
TXN-0002903,EMP-1453,2026-02-10,Hire,New Hire,,Engineering,,Data Engineering,,IC1,,64000.0,
TXN-0002904,EMP-1453,2026-05-06,Compensation Change,Market Adjustment,Engineering,Engineering,Data Engineering,Data Engineering,IC1,IC1,64000.0,68000.0,
TXN-0002905,EMP-1453,2026-06-15,Compensation Change,Market Adjustment,Engineering,Engineering,Data Engineering,Data Engineering,IC1,IC1,68000.0,70000.0,
TXN-0002906,EMP-1454,2022-08-01,Hire,New Hire,,Finance,,Internal Audit,,M3,,232000.0,
TXN-0002907,EMP-1454,2024-02-23,Compensation Change,Market Adjustment,Finance,Finance,Internal Audit,Internal Audit,M3,M3,232000.0,256000.0,
TXN-0002908,EMP-1454,2024-06-05,Transfer,Internal Transfer,Finance,Legal,Internal Audit,Employment Law,M3,M3,256000.0,256000.0,
TXN-0002909,EMP-1455,2019-05-25,Hire,New Hire,,Sales,,Enterprise Sales,,IC3,,134000.0,
TXN-0002910,EMP-1455,2022-03-05,Transfer,Internal Transfer,Sales,Legal,Enterprise Sales,Privacy & Data,IC3,IC3,134000.0,134000.0,
TXN-0002911,EMP-1456,2022-03-22,Hire,New Hire,,Product,,UX / Design,,VP,,331000.0,
TXN-0002912,EMP-1457,2024-06-04,Hire,New Hire,,Sales,,Sales Development,,IC3,,128000.0,
TXN-0002913,EMP-1457,2025-05-30,Transfer,Internal Transfer,Sales,Product,Sales Development,Product Management,IC3,IC3,128000.0,128000.0,
TXN-0002914,EMP-1457,2025-08-08,Termination,Performance,,,,,,,,,Involuntary
TXN-0002915,EMP-1458,2022-12-05,Hire,New Hire,,Engineering,,Infrastructure / DevOps,,IC2,,94000.0,
TXN-0002916,EMP-1458,2023-01-07,Compensation Change,Market Adjustment,Engineering,Engineering,Infrastructure / DevOps,Infrastructure / DevOps,IC2,IC2,94000.0,102000.0,
TXN-0002917,EMP-1458,2025-11-04,Termination,Compensation,,,,,,,,,Voluntary
TXN-0002918,EMP-1459,2022-03-21,Hire,New Hire,,Engineering,,Security Engineering,,IC5,,162000.0,
TXN-0002919,EMP-1459,2026-06-28,Transfer,Internal Transfer,Engineering,HR,Security Engineering,Total Rewards,IC5,IC5,162000.0,162000.0,
TXN-0002920,EMP-1460,2024-09-03,Hire,New Hire,,Engineering,,QA Engineering,,IC1,,68000.0,
TXN-0002921,EMP-1460,2024-12-15,Termination,Performance,,,,,,,,,Involuntary
TXN-0002922,EMP-1461,2020-03-14,Hire,New Hire,,Product,,Product Management,,IC2,,89000.0,
TXN-0002923,EMP-1461,2020-10-25,Transfer,Internal Transfer,Product,Sales,Product Management,Account Management,IC2,IC2,89000.0,89000.0,
TXN-0002924,EMP-1462,2022-01-03,Hire,New Hire,,Marketing,,Product Marketing,,IC5,,176000.0,
TXN-0002925,EMP-1462,2024-04-15,Transfer,Internal Transfer,Marketing,Product,Product Marketing,Product Operations,IC5,IC5,176000.0,176000.0,
TXN-0002926,EMP-1463,2024-03-20,Hire,New Hire,,Legal,,Privacy & Data,,M1,,158000.0,
TXN-0002927,EMP-1463,2025-01-23,Compensation Change,Market Adjustment,Legal,Legal,Privacy & Data,Privacy & Data,M1,M1,158000.0,172000.0,
TXN-0002928,EMP-1464,2025-12-29,Hire,New Hire,,Product,,UX / Design,,IC2,,83000.0,
TXN-0002929,EMP-1464,2026-02-04,Compensation Change,Market Adjustment,Product,Product,UX / Design,UX / Design,IC2,IC2,83000.0,91000.0,
TXN-0002930,EMP-1465,2022-09-16,Hire,New Hire,,Engineering,,Infrastructure / DevOps,,IC1,,70000.0,
TXN-0002931,EMP-1465,2025-02-24,Transfer,Internal Transfer,Engineering,Sales,Infrastructure / DevOps,Enterprise Sales,IC1,IC1,70000.0,70000.0,
TXN-0002932,EMP-1465,2025-09-21,Promotion,Merit Promotion,Sales,Sales,Enterprise Sales,Enterprise Sales,IC1,IC2,70000.0,82000.0,
TXN-0002933,EMP-1466,2023-04-14,Hire,New Hire,,Product,,Product Management,,IC2,,96000.0,
TXN-0002934,EMP-1467,2024-05-27,Hire,New Hire,,HR,,Total Rewards,,M2,,191000.0,
TXN-0002935,EMP-1467,2025-02-28,Compensation Change,Market Adjustment,HR,HR,Total Rewards,Total Rewards,M2,M2,191000.0,209000.0,
TXN-0002936,EMP-1468,2021-09-28,Hire,New Hire,,Finance,,Treasury,,IC5,,173000.0,
TXN-0002937,EMP-1468,2024-02-17,Transfer,Internal Transfer,Finance,Engineering,Treasury,Software Engineering,IC5,IC5,173000.0,173000.0,
TXN-0002938,EMP-1468,2025-07-08,Termination,Compensation,,,,,,,,,Voluntary
TXN-0002939,EMP-1469,2026-04-07,Hire,New Hire,,Engineering,,Software Engineering,,M2,,167000.0,
TXN-0002940,EMP-1470,2022-01-21,Hire,New Hire,,Engineering,,Security Engineering,,IC2,,82000.0,
TXN-0002941,EMP-1470,2024-05-17,Compensation Change,Merit Increase,Engineering,Engineering,Security Engineering,Security Engineering,IC2,IC2,82000.0,92000.0,
TXN-0002942,EMP-1471,2025-08-28,Hire,New Hire,,Legal,,Compliance,,Director,,250000.0,
TXN-0002943,EMP-1471,2025-11-05,Transfer,Internal Transfer,Legal,Product,Compliance,UX / Design,Director,Director,250000.0,250000.0,
TXN-0002944,EMP-1472,2023-09-23,Hire,New Hire,,Finance,,Treasury,,IC3,,120000.0,
TXN-0002945,EMP-1472,2024-12-05,Compensation Change,Market Adjustment,Finance,Finance,Treasury,Treasury,IC3,IC3,120000.0,133000.0,
TXN-0002946,EMP-1473,2019-08-27,Hire,New Hire,,Finance,,Internal Audit,,IC3,,105000.0,
TXN-0002947,EMP-1473,2026-04-22,Transfer,Internal Transfer,Finance,Marketing,Internal Audit,Marketing Operations,IC3,IC3,105000.0,105000.0,
TXN-0002948,EMP-1473,2026-06-01,Compensation Change,Merit Increase,Marketing,Marketing,Marketing Operations,Marketing Operations,IC3,IC3,105000.0,115000.0,
TXN-0002949,EMP-1474,2024-06-10,Hire,New Hire,,Finance,,Accounting,,M2,,182000.0,
TXN-0002950,EMP-1474,2026-06-06,Compensation Change,Merit Increase,Finance,Finance,Accounting,Accounting,M2,M2,182000.0,196000.0,
TXN-0002951,EMP-1475,2018-10-02,Hire,New Hire,,Sales,,Enterprise Sales,,IC3,,107000.0,
TXN-0002952,EMP-1475,2022-04-16,Transfer,Internal Transfer,Sales,Finance,Enterprise Sales,Accounting,IC3,IC3,107000.0,107000.0,
TXN-0002953,EMP-1476,2019-01-05,Hire,New Hire,,Engineering,,QA Engineering,,M1,,146000.0,
TXN-0002954,EMP-1477,2019-06-10,Hire,New Hire,,HR,,Talent Acquisition,,IC5,,167000.0,
TXN-0002955,EMP-1477,2021-05-21,Compensation Change,Market Adjustment,HR,HR,Talent Acquisition,Talent Acquisition,IC5,IC5,167000.0,175000.0,
TXN-0002956,EMP-1477,2025-01-31,Compensation Change,Merit Increase,HR,HR,Talent Acquisition,Talent Acquisition,IC5,IC5,175000.0,186000.0,
TXN-0002957,EMP-1478,2026-05-21,Hire,New Hire,,Sales,,Revenue Operations,,IC1,,68000.0,
TXN-0002958,EMP-1478,2026-06-21,Termination,Reorganization,,,,,,,,,Involuntary
TXN-0002959,EMP-1479,2018-11-09,Hire,New Hire,,Engineering,,Infrastructure / DevOps,,IC4,,152000.0,
TXN-0002960,EMP-1480,2022-09-10,Hire,New Hire,,Marketing,,Brand,,M1,,149000.0,
TXN-0002961,EMP-1480,2025-10-15,Transfer,Internal Transfer,Marketing,Sales,Brand,Account Management,M1,M1,149000.0,149000.0,
TXN-0002962,EMP-1481,2021-11-08,Hire,New Hire,,Sales,,Customer Success,,IC3,,129000.0,
TXN-0002963,EMP-1481,2026-05-21,Compensation Change,Market Adjustment,Sales,Sales,Customer Success,Customer Success,IC3,IC3,129000.0,144000.0,
TXN-0002964,EMP-1481,2026-06-25,Transfer,Internal Transfer,Sales,Marketing,Customer Success,Demand Generation,IC3,IC3,144000.0,144000.0,
TXN-0002965,EMP-1482,2024-12-17,Hire,New Hire,,Sales,,Sales Development,,IC2,,85000.0,
TXN-0002966,EMP-1483,2024-05-31,Hire,New Hire,,Engineering,,Software Engineering,,IC1,,71000.0,
TXN-0002967,EMP-1484,2020-11-23,Hire,New Hire,,HR,,People Operations,,IC4,,140000.0,
TXN-0002968,EMP-1484,2024-11-03,Termination,Personal Reasons,,,,,,,,,Voluntary
TXN-0002969,EMP-1485,2024-06-10,Hire,New Hire,,Engineering,,Security Engineering,,IC2,,99000.0,
TXN-0002970,EMP-1485,2024-10-22,Promotion,Merit Promotion,Engineering,Engineering,Security Engineering,Security Engineering,IC2,IC3,99000.0,120000.0,
TXN-0002971,EMP-1485,2025-06-06,Termination,Career Move,,,,,,,,,Voluntary
TXN-0002972,EMP-1486,2021-04-26,Hire,New Hire,,Engineering,,Security Engineering,,IC4,,137000.0,
TXN-0002973,EMP-1486,2026-02-27,Promotion,Merit Promotion,Engineering,Engineering,Security Engineering,Security Engineering,IC4,IC5,137000.0,162000.0,
TXN-0002974,EMP-1487,2020-02-17,Hire,New Hire,,Sales,,Account Management,,IC3,,129000.0,
TXN-0002975,EMP-1487,2021-04-30,Compensation Change,Market Adjustment,Sales,Sales,Account Management,Account Management,IC3,IC3,129000.0,140000.0,
TXN-0002976,EMP-1488,2024-02-27,Hire,New Hire,,HR,,Total Rewards,,IC4,,152000.0,
TXN-0002977,EMP-1488,2024-11-26,Compensation Change,Market Adjustment,HR,HR,Total Rewards,Total Rewards,IC4,IC4,152000.0,161000.0,
TXN-0002978,EMP-1488,2025-07-02,Termination,Career Move,,,,,,,,,Voluntary
TXN-0002979,EMP-1489,2019-08-03,Hire,New Hire,,Engineering,,Security Engineering,,IC2,,103000.0,
TXN-0002980,EMP-1490,2018-12-03,Hire,New Hire,,Finance,,Internal Audit,,IC1,,78000.0,
TXN-0002981,EMP-1490,2023-04-17,Compensation Change,Merit Increase,Finance,Finance,Internal Audit,Internal Audit,IC1,IC1,78000.0,83000.0,
TXN-0002982,EMP-1490,2023-06-21,Promotion,Merit Promotion,Finance,Finance,Internal Audit,Internal Audit,IC1,IC2,83000.0,99000.0,
TXN-0002983,EMP-1491,2025-11-16,Hire,New Hire,,Marketing,,Marketing Operations,,M1,,152000.0,
TXN-0002984,EMP-1492,2022-09-06,Hire,New Hire,,Product,,Product Operations,,IC2,,103000.0,
TXN-0002985,EMP-1492,2026-05-04,Transfer,Internal Transfer,Product,Legal,Product Operations,Privacy & Data,IC2,IC2,103000.0,103000.0,
TXN-0002986,EMP-1493,2022-04-12,Hire,New Hire,,Engineering,,Data Engineering,,VP,,283000.0,
TXN-0002987,EMP-1493,2022-11-04,Compensation Change,Merit Increase,Engineering,Engineering,Data Engineering,Data Engineering,VP,VP,283000.0,292000.0,
TXN-0002988,EMP-1493,2023-09-14,Compensation Change,Market Adjustment,Engineering,Engineering,Data Engineering,Data Engineering,VP,VP,292000.0,317000.0,
TXN-0002989,EMP-1494,2019-06-28,Hire,New Hire,,Engineering,,Infrastructure / DevOps,,IC2,,96000.0,
TXN-0002990,EMP-1495,2023-03-13,Hire,New Hire,,Engineering,,QA Engineering,,VP,,336000.0,
TXN-0002991,EMP-1496,2019-05-16,Hire,New Hire,,Engineering,,Data Engineering,,M3,,224000.0,
TXN-0002992,EMP-1496,2023-03-02,Compensation Change,Merit Increase,Engineering,Engineering,Data Engineering,Data Engineering,M3,M3,224000.0,241000.0,
TXN-0002993,EMP-1496,2024-01-27,Compensation Change,Market Adjustment,Engineering,Engineering,Data Engineering,Data Engineering,M3,M3,241000.0,269000.0,
TXN-0002994,EMP-1496,2025-03-21,Termination,Compensation,,,,,,,,,Voluntary
TXN-0002995,EMP-1497,2018-04-28,Hire,New Hire,,Sales,,Sales Development,,IC1,,76000.0,
TXN-0002996,EMP-1497,2021-10-09,Compensation Change,Market Adjustment,Sales,Sales,Sales Development,Sales Development,IC1,IC1,76000.0,80000.0,
TXN-0002997,EMP-1498,2024-10-22,Hire,New Hire,,Engineering,,QA Engineering,,IC4,,136000.0,
TXN-0002998,EMP-1498,2026-04-22,Transfer,Internal Transfer,Engineering,Finance,QA Engineering,Tax,IC4,IC4,136000.0,136000.0,
TXN-0002999,EMP-1498,2026-06-15,Termination,Personal Reasons,,,,,,,,,Voluntary
TXN-0003000,EMP-1499,2022-11-03,Hire,New Hire,,Product,,Product Management,,IC2,,86000.0,
TXN-0003001,EMP-1499,2025-01-21,Transfer,Internal Transfer,Product,Legal,Product Management,Employment Law,IC2,IC2,86000.0,86000.0,
TXN-0003002,EMP-1500,2018-08-03,Hire,New Hire,,Sales,,Revenue Operations,,M1,,153000.0,
TXN-0003003,EMP-1500,2019-10-07,Compensation Change,Market Adjustment,Sales,Sales,Revenue Operations,Revenue Operations,M1,M1,153000.0,170000.0,
TXN-0003004,EMP-1500,2019-12-13,Compensation Change,Market Adjustment,Sales,Sales,Revenue Operations,Revenue Operations,M1,M1,170000.0,182000.0,
TXN-0003005,EMP-1501,2023-01-06,Hire,New Hire,,Engineering,,Software Engineering,,IC4,,154000.0,
TXN-0003006,EMP-1502,2026-03-11,Hire,New Hire,,Engineering,,QA Engineering,,M3,,234000.0,
TXN-0003007,EMP-1502,2026-06-20,Compensation Change,Market Adjustment,Engineering,Engineering,QA Engineering,QA Engineering,M3,M3,234000.0,256000.0,
TXN-0003008,EMP-1503,2024-08-10,Hire,New Hire,,Marketing,,Demand Generation,,IC1,,65000.0,
TXN-0003009,EMP-1504,2024-04-16,Hire,New Hire,,Finance,,Accounting,,IC4,,150000.0,
TXN-0003010,EMP-1504,2025-12-14,Termination,Career Move,,,,,,,,,Voluntary
TXN-0003011,EMP-1505,2019-06-01,Hire,New Hire,,Engineering,,Security Engineering,,IC5,,177000.0,
TXN-0003012,EMP-1505,2025-06-04,Compensation Change,Market Adjustment,Engineering,Engineering,Security Engineering,Security Engineering,IC5,IC5,177000.0,189000.0,
TXN-0003013,EMP-1506,2025-05-30,Hire,New Hire,,HR,,HR Business Partnering,,IC1,,72000.0,
TXN-0003014,EMP-1506,2025-10-02,Compensation Change,Merit Increase,HR,HR,HR Business Partnering,HR Business Partnering,IC1,IC1,72000.0,75000.0,
TXN-0003015,EMP-1507,2018-01-07,Hire,New Hire,,Product,,Product Management,,IC1,,71000.0,
TXN-0003016,EMP-1507,2023-11-13,Transfer,Internal Transfer,Product,Marketing,Product Management,Brand,IC1,IC1,71000.0,71000.0,
TXN-0003017,EMP-1507,2026-04-12,Transfer,Internal Transfer,Marketing,HR,Brand,People Operations,IC1,IC1,71000.0,71000.0,
TXN-0003018,EMP-1508,2022-06-24,Hire,New Hire,,Sales,,Enterprise Sales,,IC5,,171000.0,
TXN-0003019,EMP-1509,2024-06-12,Hire,New Hire,,Sales,,Revenue Operations,,IC2,,88000.0,
TXN-0003020,EMP-1509,2025-06-07,Compensation Change,Market Adjustment,Sales,Sales,Revenue Operations,Revenue Operations,IC2,IC2,88000.0,96000.0,
TXN-0003021,EMP-1509,2026-05-10,Compensation Change,Market Adjustment,Sales,Sales,Revenue Operations,Revenue Operations,IC2,IC2,96000.0,107000.0,
TXN-0003022,EMP-1510,2025-12-12,Hire,New Hire,,Sales,,Revenue Operations,,IC2,,104000.0,
TXN-0003023,EMP-1511,2025-09-02,Hire,New Hire,,Sales,,Sales Development,,IC3,,118000.0,
TXN-0003024,EMP-1512,2023-07-13,Hire,New Hire,,Product,,UX / Design,,IC4,,141000.0,
TXN-0003025,EMP-1513,2025-03-11,Hire,New Hire,,Product,,UX / Design,,IC4,,143000.0,
TXN-0003026,EMP-1513,2026-04-14,Promotion,Merit Promotion,Product,Product,UX / Design,UX / Design,IC4,IC5,143000.0,188000.0,
TXN-0003027,EMP-1514,2020-04-26,Hire,New Hire,,Sales,,Enterprise Sales,,M3,,229000.0,
TXN-0003028,EMP-1514,2020-10-27,Compensation Change,Market Adjustment,Sales,Sales,Enterprise Sales,Enterprise Sales,M3,M3,229000.0,251000.0,
TXN-0003029,EMP-1515,2019-09-28,Hire,New Hire,,Product,,Product Management,,IC2,,103000.0,
TXN-0003030,EMP-1515,2022-03-26,Transfer,Internal Transfer,Product,Legal,Product Management,Employment Law,IC2,IC2,103000.0,103000.0,
TXN-0003031,EMP-1516,2018-07-19,Hire,New Hire,,Engineering,,Infrastructure / DevOps,,IC5,,182000.0,
TXN-0003032,EMP-1516,2025-09-25,Compensation Change,Market Adjustment,Engineering,Engineering,Infrastructure / DevOps,Infrastructure / DevOps,IC5,IC5,182000.0,203000.0,
TXN-0003033,EMP-1516,2025-10-27,Compensation Change,Market Adjustment,Engineering,Engineering,Infrastructure / DevOps,Infrastructure / DevOps,IC5,IC5,203000.0,213000.0,
TXN-0003034,EMP-1517,2018-10-22,Hire,New Hire,,Sales,,Enterprise Sales,,IC3,,131000.0,
TXN-0003035,EMP-1517,2023-05-18,Compensation Change,Market Adjustment,Sales,Sales,Enterprise Sales,Enterprise Sales,IC3,IC3,131000.0,141000.0,
TXN-0003036,EMP-1518,2021-01-21,Hire,New Hire,,Engineering,,Security Engineering,,IC3,,131000.0,
TXN-0003037,EMP-1519,2023-06-08,Hire,New Hire,,Finance,,Tax,,IC2,,103000.0,
TXN-0003038,EMP-1519,2023-10-14,Compensation Change,Market Adjustment,Finance,Finance,Tax,Tax,IC2,IC2,103000.0,113000.0,
TXN-0003039,EMP-1520,2021-05-09,Hire,New Hire,,Engineering,,Infrastructure / DevOps,,IC4,,149000.0,
TXN-0003040,EMP-1520,2023-05-23,Transfer,Internal Transfer,Engineering,Legal,Infrastructure / DevOps,Employment Law,IC4,IC4,149000.0,149000.0,
TXN-0003041,EMP-1520,2025-07-07,Compensation Change,Merit Increase,Legal,Legal,Employment Law,Employment Law,IC4,IC4,149000.0,156000.0,
TXN-0003042,EMP-1521,2022-01-03,Hire,New Hire,,Marketing,,Brand,,IC2,,98000.0,
TXN-0003043,EMP-1521,2022-03-14,Compensation Change,Market Adjustment,Marketing,Marketing,Brand,Brand,IC2,IC2,98000.0,105000.0,
TXN-0003044,EMP-1522,2019-01-01,Hire,New Hire,,Engineering,,Data Engineering,,IC1,,68000.0,
TXN-0003045,EMP-1522,2026-04-10,Transfer,Internal Transfer,Engineering,HR,Data Engineering,People Operations,IC1,IC1,68000.0,68000.0,
TXN-0003046,EMP-1523,2018-04-02,Hire,New Hire,,Sales,,Revenue Operations,,IC5,,189000.0,
TXN-0003047,EMP-1523,2019-06-15,Compensation Change,Market Adjustment,Sales,Sales,Revenue Operations,Revenue Operations,IC5,IC5,189000.0,196000.0,
TXN-0003048,EMP-1524,2018-10-08,Hire,New Hire,,Engineering,,Data Engineering,,IC3,,122000.0,
TXN-0003049,EMP-1524,2020-09-13,Transfer,Internal Transfer,Engineering,Legal,Data Engineering,Corporate Legal,IC3,IC3,122000.0,122000.0,
TXN-0003050,EMP-1525,2024-01-27,Hire,New Hire,,Product,,Product Management,,IC2,,93000.0,
TXN-0003051,EMP-1526,2021-01-19,Hire,New Hire,,Finance,,Treasury,,IC3,,118000.0,
TXN-0003052,EMP-1526,2022-12-17,Termination,Compensation,,,,,,,,,Voluntary
TXN-0003053,EMP-1527,2020-12-14,Hire,New Hire,,Product,,Product Operations,,IC2,,100000.0,
TXN-0003054,EMP-1527,2024-01-17,Transfer,Internal Transfer,Product,Finance,Product Operations,Financial Planning & Analysis,IC2,IC2,100000.0,100000.0,
TXN-0003055,EMP-1528,2024-04-27,Hire,New Hire,,Sales,,Sales Development,,IC2,,104000.0,
TXN-0003056,EMP-1528,2024-07-21,Transfer,Internal Transfer,Sales,Legal,Sales Development,Employment Law,IC2,IC2,104000.0,104000.0,
TXN-0003057,EMP-1528,2025-03-23,Termination,Personal Reasons,,,,,,,,,Voluntary
TXN-0003058,EMP-1529,2023-03-27,Hire,New Hire,,HR,,Talent Acquisition,,IC3,,135000.0,
TXN-0003059,EMP-1529,2025-11-27,Transfer,Internal Transfer,HR,Sales,Talent Acquisition,Enterprise Sales,IC3,IC3,135000.0,135000.0,
TXN-0003060,EMP-1530,2025-06-09,Hire,New Hire,,Engineering,,Software Engineering,,VP,,362000.0,
TXN-0003061,EMP-1531,2023-04-03,Hire,New Hire,,Sales,,Customer Success,,IC2,,88000.0,
TXN-0003062,EMP-1531,2026-01-26,Transfer,Internal Transfer,Sales,Finance,Customer Success,Internal Audit,IC2,IC2,88000.0,88000.0,
TXN-0003063,EMP-1531,2026-05-19,Transfer,Internal Transfer,Finance,Sales,Internal Audit,Customer Success,IC2,IC2,88000.0,88000.0,
TXN-0003064,EMP-1531,2026-06-20,Termination,Personal Reasons,,,,,,,,,Voluntary
TXN-0003065,EMP-1532,2021-12-02,Hire,New Hire,,Product,,Product Operations,,M2,,166000.0,
TXN-0003066,EMP-1532,2024-09-22,Compensation Change,Market Adjustment,Product,Product,Product Operations,Product Operations,M2,M2,166000.0,175000.0,
TXN-0003067,EMP-1532,2025-10-27,Compensation Change,Market Adjustment,Product,Product,Product Operations,Product Operations,M2,M2,175000.0,182000.0,
TXN-0003068,EMP-1533,2019-09-29,Hire,New Hire,,Engineering,,Infrastructure / DevOps,,IC3,,128000.0,
TXN-0003069,EMP-1533,2022-07-01,Promotion,Merit Promotion,Engineering,Engineering,Infrastructure / DevOps,Infrastructure / DevOps,IC3,IC4,128000.0,153000.0,
TXN-0003070,EMP-1534,2025-02-26,Hire,New Hire,,Marketing,,Brand,,IC1,,69000.0,
TXN-0003071,EMP-1534,2025-11-10,Compensation Change,Market Adjustment,Marketing,Marketing,Brand,Brand,IC1,IC1,69000.0,72000.0,
TXN-0003072,EMP-1534,2026-05-30,Compensation Change,Merit Increase,Marketing,Marketing,Brand,Brand,IC1,IC1,72000.0,79000.0,
TXN-0003073,EMP-1535,2019-05-25,Hire,New Hire,,Engineering,,Infrastructure / DevOps,,M1,,142000.0,
TXN-0003074,EMP-1535,2025-01-28,Compensation Change,Market Adjustment,Engineering,Engineering,Infrastructure / DevOps,Infrastructure / DevOps,M1,M1,142000.0,151000.0,
TXN-0003075,EMP-1535,2025-10-21,Termination,Compensation,,,,,,,,,Voluntary
TXN-0003076,EMP-1536,2022-05-10,Hire,New Hire,,Sales,,Account Management,,IC3,,106000.0,
TXN-0003077,EMP-1536,2023-01-09,Transfer,Internal Transfer,Sales,Engineering,Account Management,Security Engineering,IC3,IC3,106000.0,106000.0,
TXN-0003078,EMP-1536,2024-08-13,Compensation Change,Market Adjustment,Engineering,Engineering,Security Engineering,Security Engineering,IC3,IC3,106000.0,114000.0,
TXN-0003079,EMP-1537,2019-12-31,Hire,New Hire,,Marketing,,Marketing Operations,,M2,,176000.0,
TXN-0003080,EMP-1538,2024-06-26,Hire,New Hire,,Engineering,,Data Engineering,,IC3,,125000.0,
TXN-0003081,EMP-1538,2025-04-07,Transfer,Internal Transfer,Engineering,Product,Data Engineering,UX / Design,IC3,IC3,125000.0,125000.0,
TXN-0003082,EMP-1539,2025-07-22,Hire,New Hire,,Finance,,Tax,,IC1,,74000.0,
TXN-0003083,EMP-1540,2020-05-28,Hire,New Hire,,Engineering,,QA Engineering,,IC4,,154000.0,
TXN-0003084,EMP-1541,2018-01-30,Hire,New Hire,,Product,,Product Management,,M1,,140000.0,
TXN-0003085,EMP-1542,2024-11-21,Hire,New Hire,,Marketing,,Content Marketing,,IC2,,91000.0,
TXN-0003086,EMP-1542,2026-02-17,Transfer,Internal Transfer,Marketing,Engineering,Content Marketing,QA Engineering,IC2,IC2,91000.0,91000.0,
TXN-0003087,EMP-1542,2026-06-17,Termination,Performance,,,,,,,,,Involuntary
TXN-0003088,EMP-1543,2025-06-13,Hire,New Hire,,Sales,,Account Management,,IC2,,103000.0,
TXN-0003089,EMP-1543,2026-01-15,Compensation Change,Merit Increase,Sales,Sales,Account Management,Account Management,IC2,IC2,103000.0,108000.0,
TXN-0003090,EMP-1544,2021-11-04,Hire,New Hire,,Sales,,Sales Development,,IC1,,79000.0,
TXN-0003091,EMP-1544,2023-05-29,Compensation Change,Merit Increase,Sales,Sales,Sales Development,Sales Development,IC1,IC1,79000.0,87000.0,
TXN-0003092,EMP-1544,2026-04-30,Compensation Change,Market Adjustment,Sales,Sales,Sales Development,Sales Development,IC1,IC1,87000.0,94000.0,
TXN-0003093,EMP-1545,2019-03-01,Hire,New Hire,,HR,,Talent Acquisition,,IC3,,129000.0,
TXN-0003094,EMP-1546,2025-05-17,Hire,New Hire,,Finance,,Accounting,,M2,,176000.0,
TXN-0003095,EMP-1546,2026-05-10,Transfer,Internal Transfer,Finance,Sales,Accounting,Enterprise Sales,M2,M2,176000.0,176000.0,
TXN-0003096,EMP-1547,2022-06-04,Hire,New Hire,,Engineering,,QA Engineering,,M1,,146000.0,
TXN-0003097,EMP-1547,2023-09-16,Compensation Change,Market Adjustment,Engineering,Engineering,QA Engineering,QA Engineering,M1,M1,146000.0,159000.0,
TXN-0003098,EMP-1548,2018-11-09,Hire,New Hire,,Engineering,,Software Engineering,,IC4,,148000.0,
TXN-0003099,EMP-1548,2022-10-12,Promotion,Merit Promotion,Engineering,Engineering,Software Engineering,Software Engineering,IC4,IC5,148000.0,173000.0,
TXN-0003100,EMP-1549,2023-09-25,Hire,New Hire,,Engineering,,Software Engineering,,M2,,189000.0,
TXN-0003101,EMP-1549,2024-02-04,Compensation Change,Market Adjustment,Engineering,Engineering,Software Engineering,Software Engineering,M2,M2,189000.0,198000.0,
TXN-0003102,EMP-1550,2019-02-13,Hire,New Hire,,Sales,,Customer Success,,IC4,,154000.0,
TXN-0003103,EMP-1550,2020-09-16,Promotion,Merit Promotion,Sales,Sales,Customer Success,Customer Success,IC4,IC5,154000.0,193000.0,
TXN-0003104,EMP-1551,2023-11-10,Hire,New Hire,,Legal,,Employment Law,,IC5,,167000.0,
TXN-0003105,EMP-1552,2024-01-28,Hire,New Hire,,Legal,,Employment Law,,IC3,,132000.0,
TXN-0003106,EMP-1552,2024-12-21,Transfer,Internal Transfer,Legal,HR,Employment Law,Talent Acquisition,IC3,IC3,132000.0,132000.0,
TXN-0003107,EMP-1552,2026-03-27,Termination,Reorganization,,,,,,,,,Involuntary
TXN-0003108,EMP-1553,2022-11-19,Hire,New Hire,,Engineering,,Software Engineering,,IC1,,79000.0,
TXN-0003109,EMP-1553,2022-12-24,Transfer,Internal Transfer,Engineering,Legal,Software Engineering,Privacy & Data,IC1,IC1,79000.0,79000.0,
TXN-0003110,EMP-1553,2025-05-24,Termination,Career Move,,,,,,,,,Voluntary
TXN-0003111,EMP-1554,2023-08-06,Hire,New Hire,,HR,,HR Business Partnering,,IC2,,81000.0,
TXN-0003112,EMP-1555,2023-08-15,Hire,New Hire,,Sales,,Revenue Operations,,IC1,,76000.0,
TXN-0003113,EMP-1556,2025-05-04,Hire,New Hire,,Engineering,,QA Engineering,,IC5,,188000.0,
TXN-0003114,EMP-1556,2025-07-15,Transfer,Internal Transfer,Engineering,HR,QA Engineering,HR Business Partnering,IC5,IC5,188000.0,188000.0,
TXN-0003115,EMP-1556,2025-12-20,Termination,Performance,,,,,,,,,Involuntary
TXN-0003116,EMP-1557,2024-05-01,Hire,New Hire,,Sales,,Revenue Operations,,IC1,,73000.0,
TXN-0003117,EMP-1557,2026-05-23,Compensation Change,Merit Increase,Sales,Sales,Revenue Operations,Revenue Operations,IC1,IC1,73000.0,78000.0,
TXN-0003118,EMP-1557,2026-06-23,Compensation Change,Market Adjustment,Sales,Sales,Revenue Operations,Revenue Operations,IC1,IC1,78000.0,86000.0,
TXN-0003119,EMP-1558,2019-02-13,Hire,New Hire,,Engineering,,Data Engineering,,IC3,,117000.0,
TXN-0003120,EMP-1559,2019-04-28,Hire,New Hire,,Product,,UX / Design,,IC2,,103000.0,
TXN-0003121,EMP-1559,2023-03-24,Compensation Change,Merit Increase,Product,Product,UX / Design,UX / Design,IC2,IC2,103000.0,110000.0,
TXN-0003122,EMP-1559,2023-12-10,Termination,Compensation,,,,,,,,,Voluntary
TXN-0003123,EMP-1560,2018-04-13,Hire,New Hire,,Engineering,,Infrastructure / DevOps,,M1,,155000.0,
TXN-0003124,EMP-1561,2024-10-07,Hire,New Hire,,HR,,HR Business Partnering,,IC3,,111000.0,
TXN-0003125,EMP-1561,2025-05-21,Compensation Change,Merit Increase,HR,HR,HR Business Partnering,HR Business Partnering,IC3,IC3,111000.0,121000.0,
TXN-0003126,EMP-1561,2025-06-22,Transfer,Internal Transfer,HR,Finance,HR Business Partnering,Accounting,IC3,IC3,121000.0,121000.0,
TXN-0003127,EMP-1562,2018-12-12,Hire,New Hire,,Sales,,Revenue Operations,,IC4,,143000.0,
TXN-0003128,EMP-1562,2022-11-24,Promotion,Merit Promotion,Sales,Sales,Revenue Operations,Revenue Operations,IC4,IC5,143000.0,191000.0,
TXN-0003129,EMP-1563,2021-05-31,Hire,New Hire,,Engineering,,Software Engineering,,IC1,,78000.0,
TXN-0003130,EMP-1564,2022-02-14,Hire,New Hire,,Product,,Product Operations,,IC2,,104000.0,
TXN-0003131,EMP-1564,2024-02-08,Compensation Change,Market Adjustment,Product,Product,Product Operations,Product Operations,IC2,IC2,104000.0,115000.0,
TXN-0003132,EMP-1564,2024-06-19,Transfer,Internal Transfer,Product,Finance,Product Operations,Financial Planning & Analysis,IC2,IC2,115000.0,115000.0,
TXN-0003133,EMP-1565,2020-02-27,Hire,New Hire,,Sales,,Account Management,,VP,,315000.0,
TXN-0003134,EMP-1565,2024-07-09,Termination,Career Move,,,,,,,,,Voluntary
TXN-0003135,EMP-1566,2022-05-26,Hire,New Hire,,Sales,,Enterprise Sales,,IC4,,149000.0,
TXN-0003136,EMP-1567,2022-04-27,Hire,New Hire,,Product,,Product Operations,,IC3,,113000.0,
TXN-0003137,EMP-1567,2026-02-21,Transfer,Internal Transfer,Product,Engineering,Product Operations,Software Engineering,IC3,IC3,113000.0,113000.0,
TXN-0003138,EMP-1568,2021-08-22,Hire,New Hire,,Marketing,,Marketing Operations,,IC5,,188000.0,
TXN-0003139,EMP-1568,2025-04-21,Compensation Change,Merit Increase,Marketing,Marketing,Marketing Operations,Marketing Operations,IC5,IC5,188000.0,207000.0,
TXN-0003140,EMP-1568,2025-09-14,Compensation Change,Market Adjustment,Marketing,Marketing,Marketing Operations,Marketing Operations,IC5,IC5,207000.0,218000.0,
TXN-0003141,EMP-1569,2026-02-07,Hire,New Hire,,Engineering,,Security Engineering,,M1,,142000.0,
TXN-0003142,EMP-1569,2026-04-21,Compensation Change,Market Adjustment,Engineering,Engineering,Security Engineering,Security Engineering,M1,M1,142000.0,146000.0,
TXN-0003143,EMP-1569,2026-06-24,Compensation Change,Market Adjustment,Engineering,Engineering,Security Engineering,Security Engineering,M1,M1,146000.0,158000.0,
TXN-0003144,EMP-1570,2020-06-08,Hire,New Hire,,Engineering,,Software Engineering,,IC1,,71000.0,
TXN-0003145,EMP-1570,2022-05-03,Transfer,Internal Transfer,Engineering,Finance,Software Engineering,Internal Audit,IC1,IC1,71000.0,71000.0,
TXN-0003146,EMP-1570,2025-09-09,Compensation Change,Market Adjustment,Finance,Finance,Internal Audit,Internal Audit,IC1,IC1,71000.0,75000.0,
TXN-0003147,EMP-1571,2022-08-21,Hire,New Hire,,Sales,,Account Management,,Director,,226000.0,
TXN-0003148,EMP-1571,2025-03-28,Transfer,Internal Transfer,Sales,Legal,Account Management,Compliance,Director,Director,226000.0,226000.0,
TXN-0003149,EMP-1572,2023-09-28,Hire,New Hire,,Sales,,Customer Success,,IC4,,155000.0,
TXN-0003150,EMP-1573,2025-08-18,Hire,New Hire,,Engineering,,Software Engineering,,IC3,,128000.0,
TXN-0003151,EMP-1573,2026-06-14,Compensation Change,Merit Increase,Engineering,Engineering,Software Engineering,Software Engineering,IC3,IC3,128000.0,140000.0,
TXN-0003152,EMP-1574,2022-04-02,Hire,New Hire,,Legal,,Employment Law,,IC4,,158000.0,
TXN-0003153,EMP-1574,2024-08-18,Termination,Reorganization,,,,,,,,,Involuntary
TXN-0003154,EMP-1575,2018-05-19,Hire,New Hire,,Sales,,Customer Success,,IC2,,99000.0,
TXN-0003155,EMP-1575,2023-09-18,Promotion,Merit Promotion,Sales,Sales,Customer Success,Customer Success,IC2,IC3,99000.0,125000.0,
TXN-0003156,EMP-1576,2022-07-23,Hire,New Hire,,Sales,,Sales Development,,M1,,143000.0,
TXN-0003157,EMP-1576,2025-02-16,Compensation Change,Merit Increase,Sales,Sales,Sales Development,Sales Development,M1,M1,143000.0,157000.0,
TXN-0003158,EMP-1576,2025-10-28,Compensation Change,Merit Increase,Sales,Sales,Sales Development,Sales Development,M1,M1,157000.0,176000.0,
TXN-0003159,EMP-1576,2026-04-28,Termination,Career Move,,,,,,,,,Voluntary
TXN-0003160,EMP-1577,2025-05-30,Hire,New Hire,,Sales,,Account Management,,IC5,,174000.0,
TXN-0003161,EMP-1578,2025-09-04,Hire,New Hire,,Legal,,Employment Law,,IC4,,136000.0,
TXN-0003162,EMP-1579,2022-07-02,Hire,New Hire,,Sales,,Account Management,,IC1,,77000.0,
TXN-0003163,EMP-1580,2018-01-10,Hire,New Hire,,Sales,,Revenue Operations,,Director,,257000.0,
TXN-0003164,EMP-1580,2021-09-24,Compensation Change,Merit Increase,Sales,Sales,Revenue Operations,Revenue Operations,Director,Director,257000.0,279000.0,
TXN-0003165,EMP-1580,2022-07-30,Transfer,Internal Transfer,Sales,Product,Revenue Operations,UX / Design,Director,Director,279000.0,279000.0,
TXN-0003166,EMP-1580,2024-10-20,Termination,Reorganization,,,,,,,,,Involuntary
TXN-0003167,EMP-1581,2020-11-05,Hire,New Hire,,Finance,,Internal Audit,,IC3,,132000.0,
TXN-0003168,EMP-1581,2022-04-21,Promotion,Merit Promotion,Finance,Finance,Internal Audit,Internal Audit,IC3,IC4,132000.0,159000.0,
TXN-0003169,EMP-1581,2025-12-04,Compensation Change,Merit Increase,Finance,Finance,Internal Audit,Internal Audit,IC4,IC4,159000.0,175000.0,
TXN-0003170,EMP-1582,2022-01-23,Hire,New Hire,,Sales,,Enterprise Sales,,M2,,199000.0,
TXN-0003171,EMP-1583,2021-05-24,Hire,New Hire,,HR,,HR Business Partnering,,IC1,,67000.0,
TXN-0003172,EMP-1583,2024-07-24,Transfer,Internal Transfer,HR,Finance,HR Business Partnering,Internal Audit,IC1,IC1,67000.0,67000.0,
TXN-0003173,EMP-1583,2025-02-23,Promotion,Merit Promotion,Finance,Finance,Internal Audit,Internal Audit,IC1,IC2,67000.0,98000.0,
TXN-0003174,EMP-1584,2019-11-23,Hire,New Hire,,Product,,Product Management,,IC1,,65000.0,
TXN-0003175,EMP-1585,2021-08-28,Hire,New Hire,,Product,,Product Operations,,IC1,,68000.0,
TXN-0003176,EMP-1585,2022-06-23,Transfer,Internal Transfer,Product,Finance,Product Operations,Internal Audit,IC1,IC1,68000.0,68000.0,
TXN-0003177,EMP-1586,2023-10-29,Hire,New Hire,,Engineering,,Security Engineering,,IC1,,64000.0,
TXN-0003178,EMP-1586,2025-07-01,Transfer,Internal Transfer,Engineering,Finance,Security Engineering,Accounting,IC1,IC1,64000.0,64000.0,
TXN-0003179,EMP-1586,2025-09-26,Transfer,Internal Transfer,Finance,Legal,Accounting,Privacy & Data,IC1,IC1,64000.0,64000.0,
TXN-0003180,EMP-1586,2025-10-28,Termination,Career Move,,,,,,,,,Voluntary
TXN-0003181,EMP-1587,2024-01-29,Hire,New Hire,,Finance,,Internal Audit,,IC2,,93000.0,
TXN-0003182,EMP-1588,2021-07-02,Hire,New Hire,,Marketing,,Brand,,IC4,,152000.0,
TXN-0003183,EMP-1588,2025-04-05,Compensation Change,Market Adjustment,Marketing,Marketing,Brand,Brand,IC4,IC4,152000.0,158000.0,
TXN-0003184,EMP-1589,2022-02-10,Hire,New Hire,,Engineering,,QA Engineering,,IC2,,82000.0,
TXN-0003185,EMP-1589,2022-07-29,Promotion,Merit Promotion,Engineering,Engineering,QA Engineering,QA Engineering,IC2,IC3,82000.0,132000.0,
TXN-0003186,EMP-1589,2024-12-06,Transfer,Internal Transfer,Engineering,Finance,QA Engineering,Tax,IC3,IC3,132000.0,132000.0,
TXN-0003187,EMP-1589,2025-04-15,Termination,Personal Reasons,,,,,,,,,Voluntary
TXN-0003188,EMP-1590,2025-08-21,Hire,New Hire,,Legal,,Privacy & Data,,M3,,210000.0,
TXN-0003189,EMP-1590,2026-05-24,Transfer,Internal Transfer,Legal,Product,Privacy & Data,UX / Design,M3,M3,210000.0,210000.0,
TXN-0003190,EMP-1591,2020-02-12,Hire,New Hire,,Sales,,Sales Development,,M2,,165000.0,
TXN-0003191,EMP-1591,2026-06-04,Compensation Change,Merit Increase,Sales,Sales,Sales Development,Sales Development,M2,M2,165000.0,178000.0,
TXN-0003192,EMP-1592,2018-12-27,Hire,New Hire,,Sales,,Enterprise Sales,,M1,,142000.0,
TXN-0003193,EMP-1592,2022-01-27,Compensation Change,Merit Increase,Sales,Sales,Enterprise Sales,Enterprise Sales,M1,M1,142000.0,153000.0,
TXN-0003194,EMP-1593,2023-03-01,Hire,New Hire,,HR,,Talent Acquisition,,IC2,,82000.0,
TXN-0003195,EMP-1593,2025-12-14,Compensation Change,Merit Increase,HR,HR,Talent Acquisition,Talent Acquisition,IC2,IC2,82000.0,85000.0,
TXN-0003196,EMP-1594,2024-05-29,Hire,New Hire,,Legal,,Employment Law,,IC4,,136000.0,
TXN-0003197,EMP-1594,2025-02-26,Promotion,Merit Promotion,Legal,Legal,Employment Law,Employment Law,IC4,IC5,136000.0,165000.0,
TXN-0003198,EMP-1595,2018-01-16,Hire,New Hire,,Product,,UX / Design,,IC3,,122000.0,
TXN-0003199,EMP-1595,2024-10-11,Compensation Change,Market Adjustment,Product,Product,UX / Design,UX / Design,IC3,IC3,122000.0,129000.0,
TXN-0003200,EMP-1596,2019-05-27,Hire,New Hire,,Sales,,Account Management,,IC1,,69000.0,
TXN-0003201,EMP-1596,2019-09-13,Termination,Reorganization,,,,,,,,,Involuntary
TXN-0003202,EMP-1597,2021-10-01,Hire,New Hire,,Legal,,Privacy & Data,,IC2,,88000.0,
TXN-0003203,EMP-1597,2023-07-05,Compensation Change,Merit Increase,Legal,Legal,Privacy & Data,Privacy & Data,IC2,IC2,88000.0,94000.0,
TXN-0003204,EMP-1597,2025-11-24,Promotion,Merit Promotion,Legal,Legal,Privacy & Data,Privacy & Data,IC2,IC3,94000.0,109000.0,
TXN-0003205,EMP-1598,2023-10-20,Hire,New Hire,,Sales,,Customer Success,,IC3,,112000.0,
TXN-0003206,EMP-1598,2026-02-06,Compensation Change,Merit Increase,Sales,Sales,Customer Success,Customer Success,IC3,IC3,112000.0,123000.0,
TXN-0003207,EMP-1598,2026-06-13,Compensation Change,Market Adjustment,Sales,Sales,Customer Success,Customer Success,IC3,IC3,123000.0,131000.0,
TXN-0003208,EMP-1599,2020-11-22,Hire,New Hire,,Sales,,Enterprise Sales,,IC3,,111000.0,
TXN-0003209,EMP-1600,2023-10-27,Hire,New Hire,,Engineering,,Security Engineering,,IC1,,63000.0,
TXN-0003210,EMP-1601,2025-12-22,Hire,New Hire,,Marketing,,Brand,,M3,,209000.0,
TXN-0003211,EMP-1602,2018-07-12,Hire,New Hire,,Engineering,,Data Engineering,,IC1,,65000.0,
TXN-0003212,EMP-1603,2022-09-12,Hire,New Hire,,Finance,,Financial Planning & Analysis,,IC4,,151000.0,
TXN-0003213,EMP-1604,2023-06-02,Hire,New Hire,,HR,,HR Business Partnering,,IC5,,177000.0,
TXN-0003214,EMP-1604,2024-04-10,Compensation Change,Merit Increase,HR,HR,HR Business Partnering,HR Business Partnering,IC5,IC5,177000.0,186000.0,
TXN-0003215,EMP-1605,2020-06-23,Hire,New Hire,,Engineering,,Security Engineering,,IC4,,155000.0,
TXN-0003216,EMP-1605,2021-03-20,Compensation Change,Merit Increase,Engineering,Engineering,Security Engineering,Security Engineering,IC4,IC4,155000.0,169000.0,
TXN-0003217,EMP-1605,2023-11-30,Promotion,Merit Promotion,Engineering,Engineering,Security Engineering,Security Engineering,IC4,IC5,169000.0,193000.0,
TXN-0003218,EMP-1605,2025-04-14,Termination,Career Move,,,,,,,,,Voluntary
TXN-0003219,EMP-1606,2022-06-11,Hire,New Hire,,Product,,UX / Design,,M1,,162000.0,
TXN-0003220,EMP-1606,2022-08-06,Compensation Change,Market Adjustment,Product,Product,UX / Design,UX / Design,M1,M1,162000.0,176000.0,
TXN-0003221,EMP-1606,2026-02-06,Termination,Performance,,,,,,,,,Involuntary
TXN-0003222,EMP-1607,2021-09-13,Hire,New Hire,,Product,,Product Operations,,IC3,,121000.0,
TXN-0003223,EMP-1608,2020-09-19,Hire,New Hire,,Marketing,,Brand,,M1,,152000.0,
TXN-0003224,EMP-1608,2021-09-21,Compensation Change,Merit Increase,Marketing,Marketing,Brand,Brand,M1,M1,152000.0,160000.0,
TXN-0003225,EMP-1609,2019-11-12,Hire,New Hire,,Engineering,,Security Engineering,,IC1,,75000.0,
TXN-0003226,EMP-1610,2018-06-24,Hire,New Hire,,Engineering,,Data Engineering,,IC1,,63000.0,
TXN-0003227,EMP-1610,2023-05-29,Transfer,Internal Transfer,Engineering,Finance,Data Engineering,Treasury,IC1,IC1,63000.0,63000.0,
TXN-0003228,EMP-1611,2021-06-30,Hire,New Hire,,Sales,,Enterprise Sales,,IC4,,139000.0,
TXN-0003229,EMP-1612,2018-08-04,Hire,New Hire,,Engineering,,QA Engineering,,IC3,,110000.0,
TXN-0003230,EMP-1613,2018-09-08,Hire,New Hire,,Sales,,Revenue Operations,,IC4,,146000.0,
TXN-0003231,EMP-1614,2020-08-04,Hire,New Hire,,Product,,Product Operations,,IC5,,180000.0,
TXN-0003232,EMP-1614,2022-09-23,Compensation Change,Merit Increase,Product,Product,Product Operations,Product Operations,IC5,IC5,180000.0,197000.0,
TXN-0003233,EMP-1615,2024-04-04,Hire,New Hire,,Engineering,,Data Engineering,,IC2,,88000.0,
TXN-0003234,EMP-1616,2018-03-22,Hire,New Hire,,Finance,,Treasury,,IC4,,141000.0,
TXN-0003235,EMP-1617,2020-07-31,Hire,New Hire,,Engineering,,Security Engineering,,IC3,,114000.0,
TXN-0003236,EMP-1617,2020-11-26,Compensation Change,Merit Increase,Engineering,Engineering,Security Engineering,Security Engineering,IC3,IC3,114000.0,123000.0,
TXN-0003237,EMP-1617,2024-12-28,Compensation Change,Merit Increase,Engineering,Engineering,Security Engineering,Security Engineering,IC3,IC3,123000.0,128000.0,
TXN-0003238,EMP-1618,2018-07-03,Hire,New Hire,,Sales,,Enterprise Sales,,IC4,,158000.0,
TXN-0003239,EMP-1619,2023-06-20,Hire,New Hire,,Marketing,,Demand Generation,,IC2,,89000.0,
TXN-0003240,EMP-1619,2025-01-16,Compensation Change,Market Adjustment,Marketing,Marketing,Demand Generation,Demand Generation,IC2,IC2,89000.0,97000.0,
TXN-0003241,EMP-1619,2025-05-03,Promotion,Merit Promotion,Marketing,Marketing,Demand Generation,Demand Generation,IC2,IC3,97000.0,124000.0,
TXN-0003242,EMP-1620,2021-05-10,Hire,New Hire,,HR,,Total Rewards,,M3,,216000.0,
TXN-0003243,EMP-1620,2026-03-27,Compensation Change,Merit Increase,HR,HR,Total Rewards,Total Rewards,M3,M3,216000.0,229000.0,
TXN-0003244,EMP-1620,2026-06-27,Compensation Change,Merit Increase,HR,HR,Total Rewards,Total Rewards,M3,M3,229000.0,237000.0,
TXN-0003245,EMP-1621,2026-03-21,Hire,New Hire,,HR,,Total Rewards,,IC3,,132000.0,
TXN-0003246,EMP-1622,2018-10-08,Hire,New Hire,,Finance,,Internal Audit,,M1,,155000.0,
TXN-0003247,EMP-1622,2022-11-12,Transfer,Internal Transfer,Finance,Engineering,Internal Audit,Security Engineering,M1,M1,155000.0,155000.0,
TXN-0003248,EMP-1623,2023-10-11,Hire,New Hire,,Engineering,,Data Engineering,,IC4,,160000.0,
TXN-0003249,EMP-1624,2018-11-01,Hire,New Hire,,Finance,,Internal Audit,,IC2,,96000.0,
TXN-0003250,EMP-1625,2018-01-04,Hire,New Hire,,HR,,People Operations,,IC1,,69000.0,
TXN-0003251,EMP-1626,2022-04-28,Hire,New Hire,,Product,,Product Operations,,IC1,,76000.0,
TXN-0003252,EMP-1626,2024-02-13,Promotion,Merit Promotion,Product,Product,Product Operations,Product Operations,IC1,IC2,76000.0,85000.0,
TXN-0003253,EMP-1626,2025-05-20,Promotion,Merit Promotion,Product,Product,Product Operations,Product Operations,IC2,IC3,85000.0,133000.0,
TXN-0003254,EMP-1626,2026-04-18,Termination,Career Move,,,,,,,,,Voluntary
TXN-0003255,EMP-1627,2018-11-19,Hire,New Hire,,Marketing,,Brand,,IC3,,128000.0,
TXN-0003256,EMP-1627,2024-09-21,Termination,Compensation,,,,,,,,,Voluntary
TXN-0003257,EMP-1628,2019-02-07,Hire,New Hire,,Product,,Product Operations,,IC3,,123000.0,
TXN-0003258,EMP-1628,2023-07-06,Compensation Change,Merit Increase,Product,Product,Product Operations,Product Operations,IC3,IC3,123000.0,133000.0,
TXN-0003259,EMP-1629,2023-09-13,Hire,New Hire,,Sales,,Revenue Operations,,IC2,,98000.0,
TXN-0003260,EMP-1629,2024-12-16,Compensation Change,Market Adjustment,Sales,Sales,Revenue Operations,Revenue Operations,IC2,IC2,98000.0,101000.0,
TXN-0003261,EMP-1630,2025-05-30,Hire,New Hire,,HR,,Learning & Development,,IC4,,145000.0,
TXN-0003262,EMP-1631,2023-11-17,Hire,New Hire,,Product,,Product Management,,IC2,,80000.0,
TXN-0003263,EMP-1632,2024-03-19,Hire,New Hire,,Engineering,,Software Engineering,,IC4,,152000.0,
TXN-0003264,EMP-1633,2022-09-17,Hire,New Hire,,Engineering,,QA Engineering,,IC5,,161000.0,
TXN-0003265,EMP-1634,2018-07-23,Hire,New Hire,,Finance,,Treasury,,M1,,151000.0,
TXN-0003266,EMP-1634,2025-01-10,Transfer,Internal Transfer,Finance,Legal,Treasury,Compliance,M1,M1,151000.0,151000.0,
TXN-0003267,EMP-1635,2024-02-26,Hire,New Hire,,Sales,,Sales Development,,Director,,245000.0,
TXN-0003268,EMP-1635,2025-06-15,Transfer,Internal Transfer,Sales,Marketing,Sales Development,Product Marketing,Director,Director,245000.0,245000.0,
TXN-0003269,EMP-1635,2026-04-28,Termination,Personal Reasons,,,,,,,,,Voluntary
TXN-0003270,EMP-1636,2019-02-18,Hire,New Hire,,Finance,,Financial Planning & Analysis,,IC1,,68000.0,
TXN-0003271,EMP-1636,2023-09-22,Promotion,Merit Promotion,Finance,Finance,Financial Planning & Analysis,Financial Planning & Analysis,IC1,IC2,68000.0,88000.0,
TXN-0003272,EMP-1637,2019-01-02,Hire,New Hire,,Sales,,Customer Success,,IC2,,81000.0,
TXN-0003273,EMP-1638,2019-07-06,Hire,New Hire,,Marketing,,Brand,,IC3,,121000.0,
TXN-0003274,EMP-1639,2025-11-21,Hire,New Hire,,Marketing,,Product Marketing,,IC2,,92000.0,
TXN-0003275,EMP-1639,2026-05-12,Transfer,Internal Transfer,Marketing,Finance,Product Marketing,Accounting,IC2,IC2,92000.0,92000.0,
TXN-0003276,EMP-1639,2026-06-20,Termination,Compensation,,,,,,,,,Voluntary
TXN-0003277,EMP-1640,2019-09-22,Hire,New Hire,,Engineering,,Software Engineering,,IC3,,131000.0,
TXN-0003278,EMP-1640,2023-01-22,Transfer,Internal Transfer,Engineering,Sales,Software Engineering,Account Management,IC3,IC3,131000.0,131000.0,
TXN-0003279,EMP-1641,2018-05-09,Hire,New Hire,,Product,,Product Operations,,IC2,,105000.0,
TXN-0003280,EMP-1641,2020-10-10,Compensation Change,Market Adjustment,Product,Product,Product Operations,Product Operations,IC2,IC2,105000.0,113000.0,
TXN-0003281,EMP-1642,2023-09-20,Hire,New Hire,,Product,,UX / Design,,IC2,,83000.0,
TXN-0003282,EMP-1642,2025-12-18,Promotion,Merit Promotion,Product,Product,UX / Design,UX / Design,IC2,IC3,83000.0,121000.0,
TXN-0003283,EMP-1643,2018-09-01,Hire,New Hire,,Engineering,,Software Engineering,,IC1,,61000.0,
TXN-0003284,EMP-1644,2018-03-14,Hire,New Hire,,Finance,,Treasury,,IC2,,97000.0,
TXN-0003285,EMP-1644,2025-07-02,Transfer,Internal Transfer,Finance,Product,Treasury,UX / Design,IC2,IC2,97000.0,97000.0,
TXN-0003286,EMP-1644,2026-06-14,Termination,Career Move,,,,,,,,,Voluntary
TXN-0003287,EMP-1645,2022-01-11,Hire,New Hire,,Sales,,Account Management,,IC2,,93000.0,
TXN-0003288,EMP-1645,2023-12-12,Compensation Change,Merit Increase,Sales,Sales,Account Management,Account Management,IC2,IC2,93000.0,96000.0,
TXN-0003289,EMP-1645,2024-02-18,Termination,Personal Reasons,,,,,,,,,Voluntary
TXN-0003290,EMP-1646,2018-06-09,Hire,New Hire,,Sales,,Enterprise Sales,,IC4,,145000.0,
TXN-0003291,EMP-1647,2025-05-24,Hire,New Hire,,Engineering,,QA Engineering,,IC2,,93000.0,
TXN-0003292,EMP-1647,2026-05-11,Promotion,Merit Promotion,Engineering,Engineering,QA Engineering,QA Engineering,IC2,IC3,93000.0,131000.0,
TXN-0003293,EMP-1648,2018-02-19,Hire,New Hire,,Sales,,Enterprise Sales,,M1,,132000.0,
TXN-0003294,EMP-1649,2024-06-30,Hire,New Hire,,Engineering,,Data Engineering,,IC1,,70000.0,
TXN-0003295,EMP-1649,2026-03-19,Compensation Change,Market Adjustment,Engineering,Engineering,Data Engineering,Data Engineering,IC1,IC1,70000.0,77000.0,
TXN-0003296,EMP-1649,2026-05-05,Termination,Compensation,,,,,,,,,Voluntary
TXN-0003297,EMP-1650,2021-08-15,Hire,New Hire,,Sales,,Customer Success,,IC2,,100000.0,
TXN-0003298,EMP-1650,2023-02-27,Termination,Performance,,,,,,,,,Involuntary
TXN-0003299,EMP-1651,2020-10-25,Hire,New Hire,,Engineering,,Infrastructure / DevOps,,IC3,,121000.0,
TXN-0003300,EMP-1651,2023-06-28,Promotion,Merit Promotion,Engineering,Engineering,Infrastructure / DevOps,Infrastructure / DevOps,IC3,IC4,121000.0,144000.0,
TXN-0003301,EMP-1652,2018-10-29,Hire,New Hire,,Engineering,,Software Engineering,,IC2,,103000.0,
TXN-0003302,EMP-1652,2020-04-09,Compensation Change,Merit Increase,Engineering,Engineering,Software Engineering,Software Engineering,IC2,IC2,103000.0,113000.0,
TXN-0003303,EMP-1653,2022-08-02,Hire,New Hire,,HR,,Talent Acquisition,,IC5,,173000.0,
TXN-0003304,EMP-1654,2026-05-07,Hire,New Hire,,Sales,,Account Management,,IC3,,130000.0,
TXN-0003305,EMP-1655,2022-03-30,Hire,New Hire,,Sales,,Customer Success,,IC3,,109000.0,
TXN-0003306,EMP-1655,2023-07-05,Promotion,Merit Promotion,Sales,Sales,Customer Success,Customer Success,IC3,IC4,109000.0,159000.0,
TXN-0003307,EMP-1656,2018-11-18,Hire,New Hire,,Product,,UX / Design,,IC3,,108000.0,
TXN-0003308,EMP-1656,2025-04-08,Compensation Change,Market Adjustment,Product,Product,UX / Design,UX / Design,IC3,IC3,108000.0,114000.0,
TXN-0003309,EMP-1656,2025-06-20,Compensation Change,Market Adjustment,Product,Product,UX / Design,UX / Design,IC3,IC3,114000.0,120000.0,
TXN-0003310,EMP-1657,2022-12-28,Hire,New Hire,,Sales,,Customer Success,,IC2,,97000.0,
TXN-0003311,EMP-1657,2026-04-13,Compensation Change,Market Adjustment,Sales,Sales,Customer Success,Customer Success,IC2,IC2,97000.0,107000.0,
TXN-0003312,EMP-1658,2021-04-27,Hire,New Hire,,Engineering,,Infrastructure / DevOps,,IC1,,69000.0,
TXN-0003313,EMP-1658,2023-05-21,Compensation Change,Market Adjustment,Engineering,Engineering,Infrastructure / DevOps,Infrastructure / DevOps,IC1,IC1,69000.0,73000.0,
TXN-0003314,EMP-1658,2026-02-14,Promotion,Merit Promotion,Engineering,Engineering,Infrastructure / DevOps,Infrastructure / DevOps,IC1,IC2,73000.0,99000.0,
TXN-0003315,EMP-1659,2025-06-02,Hire,New Hire,,Engineering,,Security Engineering,,M3,,224000.0,
TXN-0003316,EMP-1660,2023-01-17,Hire,New Hire,,Sales,,Enterprise Sales,,IC3,,113000.0,
TXN-0003317,EMP-1660,2024-05-31,Promotion,Merit Promotion,Sales,Sales,Enterprise Sales,Enterprise Sales,IC3,IC4,113000.0,138000.0,
TXN-0003318,EMP-1661,2026-05-21,Hire,New Hire,,Engineering,,Infrastructure / DevOps,,Director,,237000.0,
TXN-0003319,EMP-1661,2026-06-26,Termination,Career Move,,,,,,,,,Voluntary
TXN-0003320,EMP-1662,2022-10-14,Hire,New Hire,,Engineering,,Security Engineering,,IC2,,89000.0,
TXN-0003321,EMP-1663,2022-06-13,Hire,New Hire,,Product,,Product Management,,IC2,,82000.0,
TXN-0003322,EMP-1663,2026-02-20,Transfer,Internal Transfer,Product,Finance,Product Management,Financial Planning & Analysis,IC2,IC2,82000.0,82000.0,
TXN-0003323,EMP-1664,2018-06-03,Hire,New Hire,,Engineering,,Security Engineering,,IC1,,79000.0,
TXN-0003324,EMP-1664,2023-09-15,Compensation Change,Market Adjustment,Engineering,Engineering,Security Engineering,Security Engineering,IC1,IC1,79000.0,88000.0,
TXN-0003325,EMP-1665,2025-02-18,Hire,New Hire,,Sales,,Customer Success,,IC3,,129000.0,
TXN-0003326,EMP-1665,2026-06-22,Compensation Change,Merit Increase,Sales,Sales,Customer Success,Customer Success,IC3,IC3,129000.0,138000.0,
TXN-0003327,EMP-1666,2018-08-08,Hire,New Hire,,Engineering,,Security Engineering,,M2,,193000.0,
TXN-0003328,EMP-1666,2021-03-03,Compensation Change,Market Adjustment,Engineering,Engineering,Security Engineering,Security Engineering,M2,M2,193000.0,204000.0,
TXN-0003329,EMP-1666,2024-08-03,Compensation Change,Merit Increase,Engineering,Engineering,Security Engineering,Security Engineering,M2,M2,204000.0,214000.0,
TXN-0003330,EMP-1667,2019-02-27,Hire,New Hire,,Sales,,Account Management,,IC4,,158000.0,
TXN-0003331,EMP-1667,2019-10-28,Compensation Change,Merit Increase,Sales,Sales,Account Management,Account Management,IC4,IC4,158000.0,167000.0,
TXN-0003332,EMP-1668,2019-01-16,Hire,New Hire,,Finance,,Tax,,IC3,,114000.0,
TXN-0003333,EMP-1668,2023-11-13,Transfer,Internal Transfer,Finance,Sales,Tax,Sales Development,IC3,IC3,114000.0,114000.0,
TXN-0003334,EMP-1668,2025-10-20,Transfer,Internal Transfer,Sales,Legal,Sales Development,Privacy & Data,IC3,IC3,114000.0,114000.0,
TXN-0003335,EMP-1669,2022-03-13,Hire,New Hire,,Engineering,,Data Engineering,,IC3,,112000.0,
TXN-0003336,EMP-1669,2026-05-09,Promotion,Merit Promotion,Engineering,Engineering,Data Engineering,Data Engineering,IC3,IC4,112000.0,141000.0,
TXN-0003337,EMP-1669,2026-06-08,Compensation Change,Market Adjustment,Engineering,Engineering,Data Engineering,Data Engineering,IC4,IC4,141000.0,155000.0,
TXN-0003338,EMP-1670,2024-07-26,Hire,New Hire,,Engineering,,Infrastructure / DevOps,,M1,,136000.0,
TXN-0003339,EMP-1670,2024-12-17,Compensation Change,Market Adjustment,Engineering,Engineering,Infrastructure / DevOps,Infrastructure / DevOps,M1,M1,136000.0,148000.0,
TXN-0003340,EMP-1671,2023-02-05,Hire,New Hire,,Product,,Product Management,,IC3,,134000.0,
TXN-0003341,EMP-1672,2026-01-18,Hire,New Hire,,Sales,,Sales Development,,M2,,198000.0,
TXN-0003342,EMP-1673,2021-09-11,Hire,New Hire,,Product,,Product Operations,,IC5,,169000.0,
TXN-0003343,EMP-1673,2024-04-26,Compensation Change,Merit Increase,Product,Product,Product Operations,Product Operations,IC5,IC5,169000.0,178000.0,
TXN-0003344,EMP-1674,2020-09-15,Hire,New Hire,,Engineering,,QA Engineering,,IC5,,180000.0,
TXN-0003345,EMP-1674,2025-09-22,Compensation Change,Market Adjustment,Engineering,Engineering,QA Engineering,QA Engineering,IC5,IC5,180000.0,192000.0,
TXN-0003346,EMP-1675,2025-03-10,Hire,New Hire,,Product,,Product Management,,IC2,,92000.0,
TXN-0003347,EMP-1676,2022-05-11,Hire,New Hire,,HR,,HR Business Partnering,,IC2,,88000.0,
TXN-0003348,EMP-1677,2026-05-31,Hire,New Hire,,Engineering,,QA Engineering,,IC3,,117000.0,
TXN-0003349,EMP-1678,2018-03-05,Hire,New Hire,,Engineering,,Software Engineering,,IC1,,79000.0,
TXN-0003350,EMP-1678,2020-11-04,Compensation Change,Merit Increase,Engineering,Engineering,Software Engineering,Software Engineering,IC1,IC1,79000.0,83000.0,
TXN-0003351,EMP-1679,2019-02-10,Hire,New Hire,,Finance,,Internal Audit,,IC3,,135000.0,
TXN-0003352,EMP-1679,2020-08-09,Compensation Change,Merit Increase,Finance,Finance,Internal Audit,Internal Audit,IC3,IC3,135000.0,149000.0,
TXN-0003353,EMP-1680,2024-12-19,Hire,New Hire,,Sales,,Sales Development,,IC1,,68000.0,
TXN-0003354,EMP-1680,2025-05-11,Compensation Change,Merit Increase,Sales,Sales,Sales Development,Sales Development,IC1,IC1,68000.0,75000.0,
TXN-0003355,EMP-1680,2025-11-24,Transfer,Internal Transfer,Sales,Finance,Sales Development,Financial Planning & Analysis,IC1,IC1,75000.0,75000.0,
TXN-0003356,EMP-1681,2024-04-20,Hire,New Hire,,Marketing,,Brand,,IC3,,129000.0,
TXN-0003357,EMP-1682,2020-08-04,Hire,New Hire,,Engineering,,Software Engineering,,IC5,,162000.0,
TXN-0003358,EMP-1683,2025-06-20,Hire,New Hire,,HR,,People Operations,,IC2,,101000.0,
TXN-0003359,EMP-1683,2026-05-03,Compensation Change,Merit Increase,HR,HR,People Operations,People Operations,IC2,IC2,101000.0,108000.0,
TXN-0003360,EMP-1683,2026-06-23,Compensation Change,Market Adjustment,HR,HR,People Operations,People Operations,IC2,IC2,108000.0,112000.0,
TXN-0003361,EMP-1684,2023-12-08,Hire,New Hire,,Sales,,Account Management,,VP,,329000.0,
TXN-0003362,EMP-1685,2022-01-26,Hire,New Hire,,Sales,,Enterprise Sales,,IC4,,153000.0,
TXN-0003363,EMP-1685,2025-02-15,Transfer,Internal Transfer,Sales,Product,Enterprise Sales,Product Management,IC4,IC4,153000.0,153000.0,
TXN-0003364,EMP-1686,2023-11-26,Hire,New Hire,,Sales,,Revenue Operations,,IC1,,76000.0,
TXN-0003365,EMP-1686,2025-12-30,Promotion,Merit Promotion,Sales,Sales,Revenue Operations,Revenue Operations,IC1,IC2,76000.0,81000.0,
TXN-0003366,EMP-1687,2020-12-08,Hire,New Hire,,Product,,Product Management,,Director,,261000.0,
TXN-0003367,EMP-1688,2024-08-17,Hire,New Hire,,Engineering,,Software Engineering,,IC2,,90000.0,
TXN-0003368,EMP-1689,2025-06-22,Hire,New Hire,,Sales,,Account Management,,IC5,,185000.0,
TXN-0003369,EMP-1690,2019-09-04,Hire,New Hire,,Legal,,Privacy & Data,,IC2,,100000.0,
TXN-0003370,EMP-1691,2024-10-14,Hire,New Hire,,Product,,Product Operations,,M3,,223000.0,
TXN-0003371,EMP-1692,2020-11-19,Hire,New Hire,,Legal,,Compliance,,IC5,,171000.0,
TXN-0003372,EMP-1692,2024-06-30,Transfer,Internal Transfer,Legal,Marketing,Compliance,Marketing Operations,IC5,IC5,171000.0,171000.0,
TXN-0003373,EMP-1692,2024-11-22,Compensation Change,Merit Increase,Marketing,Marketing,Marketing Operations,Marketing Operations,IC5,IC5,171000.0,190000.0,
TXN-0003374,EMP-1693,2020-06-30,Hire,New Hire,,Sales,,Sales Development,,IC1,,61000.0,
TXN-0003375,EMP-1694,2018-12-15,Hire,New Hire,,Engineering,,QA Engineering,,IC3,,115000.0,
TXN-0003376,EMP-1695,2022-05-11,Hire,New Hire,,Engineering,,Data Engineering,,IC3,,128000.0,
TXN-0003377,EMP-1695,2025-09-03,Promotion,Merit Promotion,Engineering,Engineering,Data Engineering,Data Engineering,IC3,IC4,128000.0,139000.0,
TXN-0003378,EMP-1695,2026-02-16,Compensation Change,Market Adjustment,Engineering,Engineering,Data Engineering,Data Engineering,IC4,IC4,139000.0,155000.0,
TXN-0003379,EMP-1695,2026-05-09,Termination,Compensation,,,,,,,,,Voluntary
TXN-0003380,EMP-1696,2022-06-14,Hire,New Hire,,Finance,,Treasury,,IC1,,74000.0,
TXN-0003381,EMP-1697,2019-12-19,Hire,New Hire,,Engineering,,Infrastructure / DevOps,,IC1,,66000.0,
TXN-0003382,EMP-1697,2022-08-06,Compensation Change,Merit Increase,Engineering,Engineering,Infrastructure / DevOps,Infrastructure / DevOps,IC1,IC1,66000.0,74000.0,
TXN-0003383,EMP-1698,2022-01-10,Hire,New Hire,,Sales,,Revenue Operations,,IC2,,101000.0,
TXN-0003384,EMP-1698,2022-12-05,Promotion,Merit Promotion,Sales,Sales,Revenue Operations,Revenue Operations,IC2,IC3,101000.0,119000.0,
TXN-0003385,EMP-1699,2018-10-29,Hire,New Hire,,Finance,,Financial Planning & Analysis,,IC3,,119000.0,
TXN-0003386,EMP-1700,2022-10-10,Hire,New Hire,,Marketing,,Content Marketing,,IC3,,134000.0,
TXN-0003387,EMP-1700,2025-12-20,Termination,Career Move,,,,,,,,,Voluntary
TXN-0003388,EMP-1701,2020-04-20,Hire,New Hire,,Engineering,,Data Engineering,,IC4,,136000.0,
TXN-0003389,EMP-1702,2023-09-13,Hire,New Hire,,Engineering,,Data Engineering,,IC3,,122000.0,
TXN-0003390,EMP-1703,2019-12-03,Hire,New Hire,,Legal,,Corporate Legal,,IC2,,81000.0,
TXN-0003391,EMP-1704,2020-07-29,Hire,New Hire,,Marketing,,Product Marketing,,IC4,,160000.0,
TXN-0003392,EMP-1705,2018-01-27,Hire,New Hire,,Marketing,,Demand Generation,,IC1,,72000.0,
TXN-0003393,EMP-1705,2025-09-15,Promotion,Merit Promotion,Marketing,Marketing,Demand Generation,Demand Generation,IC1,IC2,72000.0,97000.0,
TXN-0003394,EMP-1705,2026-05-23,Termination,Performance,,,,,,,,,Involuntary
TXN-0003395,EMP-1706,2025-01-21,Hire,New Hire,,Finance,,Treasury,,VP,,313000.0,
TXN-0003396,EMP-1707,2018-03-21,Hire,New Hire,,Engineering,,Software Engineering,,IC5,,193000.0,
TXN-0003397,EMP-1708,2020-11-14,Hire,New Hire,,HR,,HR Business Partnering,,IC2,,83000.0,
TXN-0003398,EMP-1708,2023-06-27,Termination,Career Move,,,,,,,,,Voluntary
TXN-0003399,EMP-1709,2021-08-12,Hire,New Hire,,Engineering,,Software Engineering,,IC2,,84000.0,
TXN-0003400,EMP-1710,2019-08-07,Hire,New Hire,,Sales,,Enterprise Sales,,M1,,137000.0,
TXN-0003401,EMP-1710,2026-02-08,Compensation Change,Merit Increase,Sales,Sales,Enterprise Sales,Enterprise Sales,M1,M1,137000.0,153000.0,
TXN-0003402,EMP-1710,2026-06-28,Compensation Change,Market Adjustment,Sales,Sales,Enterprise Sales,Enterprise Sales,M1,M1,153000.0,170000.0,
TXN-0003403,EMP-1711,2022-09-25,Hire,New Hire,,Engineering,,Security Engineering,,IC3,,123000.0,
TXN-0003404,EMP-1712,2018-01-06,Hire,New Hire,,Engineering,,QA Engineering,,IC4,,144000.0,
TXN-0003405,EMP-1713,2024-07-04,Hire,New Hire,,Sales,,Revenue Operations,,IC2,,80000.0,
TXN-0003406,EMP-1713,2025-07-06,Termination,Performance,,,,,,,,,Involuntary
TXN-0003407,EMP-1714,2023-06-30,Hire,New Hire,,Engineering,,Security Engineering,,M1,,140000.0,
TXN-0003408,EMP-1714,2024-04-20,Compensation Change,Merit Increase,Engineering,Engineering,Security Engineering,Security Engineering,M1,M1,140000.0,146000.0,
TXN-0003409,EMP-1715,2018-03-16,Hire,New Hire,,Sales,,Customer Success,,IC2,,104000.0,
TXN-0003410,EMP-1716,2020-03-10,Hire,New Hire,,Engineering,,Software Engineering,,IC4,,143000.0,
TXN-0003411,EMP-1716,2026-06-20,Termination,Reorganization,,,,,,,,,Involuntary
TXN-0003412,EMP-1717,2023-08-24,Hire,New Hire,,Sales,,Customer Success,,Director,,232000.0,
TXN-0003413,EMP-1718,2018-08-23,Hire,New Hire,,HR,,Total Rewards,,IC3,,120000.0,
TXN-0003414,EMP-1718,2025-05-28,Transfer,Internal Transfer,HR,Engineering,Total Rewards,Software Engineering,IC3,IC3,120000.0,120000.0,
TXN-0003415,EMP-1719,2019-10-14,Hire,New Hire,,Engineering,,QA Engineering,,IC5,,171000.0,
TXN-0003416,EMP-1719,2026-01-21,Transfer,Internal Transfer,Engineering,Finance,QA Engineering,Financial Planning & Analysis,IC5,IC5,171000.0,171000.0,
TXN-0003417,EMP-1720,2021-02-05,Hire,New Hire,,HR,,Learning & Development,,IC5,,181000.0,
TXN-0003418,EMP-1720,2026-03-29,Transfer,Internal Transfer,HR,Marketing,Learning & Development,Demand Generation,IC5,IC5,181000.0,181000.0,
TXN-0003419,EMP-1721,2019-04-28,Hire,New Hire,,Engineering,,Infrastructure / DevOps,,IC4,,146000.0,
TXN-0003420,EMP-1721,2021-05-26,Compensation Change,Market Adjustment,Engineering,Engineering,Infrastructure / DevOps,Infrastructure / DevOps,IC4,IC4,146000.0,162000.0,
TXN-0003421,EMP-1721,2025-06-02,Transfer,Internal Transfer,Engineering,Legal,Infrastructure / DevOps,Compliance,IC4,IC4,162000.0,162000.0,
TXN-0003422,EMP-1722,2020-01-12,Hire,New Hire,,Product,,Product Management,,IC1,,67000.0,
TXN-0003423,EMP-1722,2021-02-06,Promotion,Merit Promotion,Product,Product,Product Management,Product Management,IC1,IC2,67000.0,85000.0,
TXN-0003424,EMP-1723,2024-08-23,Hire,New Hire,,Product,,Product Operations,,IC3,,112000.0,
TXN-0003425,EMP-1723,2025-12-18,Compensation Change,Merit Increase,Product,Product,Product Operations,Product Operations,IC3,IC3,112000.0,119000.0,
TXN-0003426,EMP-1723,2026-02-08,Compensation Change,Market Adjustment,Product,Product,Product Operations,Product Operations,IC3,IC3,119000.0,123000.0,
TXN-0003427,EMP-1724,2024-05-25,Hire,New Hire,,Engineering,,Security Engineering,,Director,,275000.0,
TXN-0003428,EMP-1724,2024-12-12,Compensation Change,Merit Increase,Engineering,Engineering,Security Engineering,Security Engineering,Director,Director,275000.0,302000.0,
TXN-0003429,EMP-1725,2023-11-07,Hire,New Hire,,Engineering,,Infrastructure / DevOps,,IC5,,187000.0,
TXN-0003430,EMP-1725,2025-11-03,Compensation Change,Merit Increase,Engineering,Engineering,Infrastructure / DevOps,Infrastructure / DevOps,IC5,IC5,187000.0,195000.0,
TXN-0003431,EMP-1725,2026-04-08,Termination,Career Move,,,,,,,,,Voluntary
TXN-0003432,EMP-1726,2026-04-21,Hire,New Hire,,Engineering,,Software Engineering,,IC5,,186000.0,
TXN-0003433,EMP-1727,2024-08-31,Hire,New Hire,,Finance,,Accounting,,IC3,,119000.0,
TXN-0003434,EMP-1727,2025-05-13,Promotion,Merit Promotion,Finance,Finance,Accounting,Accounting,IC3,IC4,119000.0,152000.0,
TXN-0003435,EMP-1727,2026-03-15,Compensation Change,Merit Increase,Finance,Finance,Accounting,Accounting,IC4,IC4,152000.0,166000.0,
TXN-0003436,EMP-1728,2026-03-25,Hire,New Hire,,Product,,Product Operations,,IC5,,194000.0,
TXN-0003437,EMP-1728,2026-05-27,Compensation Change,Market Adjustment,Product,Product,Product Operations,Product Operations,IC5,IC5,194000.0,217000.0,
TXN-0003438,EMP-1729,2020-09-21,Hire,New Hire,,Engineering,,Software Engineering,,IC3,,126000.0,
TXN-0003439,EMP-1730,2024-11-25,Hire,New Hire,,Product,,Product Operations,,IC1,,80000.0,
TXN-0003440,EMP-1731,2023-03-10,Hire,New Hire,,Engineering,,QA Engineering,,IC4,,157000.0,
TXN-0003441,EMP-1731,2024-03-22,Compensation Change,Market Adjustment,Engineering,Engineering,QA Engineering,QA Engineering,IC4,IC4,157000.0,164000.0,
TXN-0003442,EMP-1732,2020-08-09,Hire,New Hire,,Sales,,Enterprise Sales,,IC4,,154000.0,
TXN-0003443,EMP-1732,2023-08-05,Promotion,Merit Promotion,Sales,Sales,Enterprise Sales,Enterprise Sales,IC4,IC5,154000.0,180000.0,
TXN-0003444,EMP-1733,2020-05-07,Hire,New Hire,,Engineering,,Infrastructure / DevOps,,M1,,148000.0,
TXN-0003445,EMP-1733,2025-08-11,Compensation Change,Market Adjustment,Engineering,Engineering,Infrastructure / DevOps,Infrastructure / DevOps,M1,M1,148000.0,162000.0,
TXN-0003446,EMP-1734,2021-07-11,Hire,New Hire,,Marketing,,Product Marketing,,IC1,,70000.0,
TXN-0003447,EMP-1734,2026-01-29,Compensation Change,Market Adjustment,Marketing,Marketing,Product Marketing,Product Marketing,IC1,IC1,70000.0,74000.0,
TXN-0003448,EMP-1735,2020-06-12,Hire,New Hire,,Product,,UX / Design,,IC4,,152000.0,
TXN-0003449,EMP-1735,2021-08-16,Compensation Change,Market Adjustment,Product,Product,UX / Design,UX / Design,IC4,IC4,152000.0,168000.0,
TXN-0003450,EMP-1735,2023-11-18,Promotion,Merit Promotion,Product,Product,UX / Design,UX / Design,IC4,IC5,168000.0,192000.0,
TXN-0003451,EMP-1736,2020-03-02,Hire,New Hire,,Marketing,,Brand,,IC1,,73000.0,
TXN-0003452,EMP-1737,2019-09-01,Hire,New Hire,,Engineering,,Data Engineering,,M3,,208000.0,
TXN-0003453,EMP-1737,2024-05-01,Compensation Change,Merit Increase,Engineering,Engineering,Data Engineering,Data Engineering,M3,M3,208000.0,226000.0,
TXN-0003454,EMP-1737,2025-12-19,Transfer,Internal Transfer,Engineering,Sales,Data Engineering,Sales Development,M3,M3,226000.0,226000.0,
TXN-0003455,EMP-1738,2019-07-21,Hire,New Hire,,Marketing,,Product Marketing,,IC1,,66000.0,
TXN-0003456,EMP-1738,2020-12-18,Promotion,Merit Promotion,Marketing,Marketing,Product Marketing,Product Marketing,IC1,IC2,66000.0,91000.0,
TXN-0003457,EMP-1739,2025-09-27,Hire,New Hire,,Product,,Product Management,,IC1,,64000.0,
TXN-0003458,EMP-1740,2024-11-13,Hire,New Hire,,Engineering,,QA Engineering,,IC2,,102000.0,
TXN-0003459,EMP-1741,2018-06-21,Hire,New Hire,,Sales,,Sales Development,,IC1,,61000.0,
TXN-0003460,EMP-1741,2022-01-07,Promotion,Merit Promotion,Sales,Sales,Sales Development,Sales Development,IC1,IC2,61000.0,103000.0,
TXN-0003461,EMP-1742,2021-01-27,Hire,New Hire,,Legal,,Privacy & Data,,IC4,,155000.0,
TXN-0003462,EMP-1743,2019-01-17,Hire,New Hire,,Engineering,,Data Engineering,,IC2,,92000.0,
TXN-0003463,EMP-1744,2022-07-18,Hire,New Hire,,Sales,,Account Management,,IC5,,192000.0,
TXN-0003464,EMP-1744,2026-04-21,Compensation Change,Market Adjustment,Sales,Sales,Account Management,Account Management,IC5,IC5,192000.0,198000.0,
TXN-0003465,EMP-1745,2022-09-14,Hire,New Hire,,Marketing,,Marketing Operations,,M2,,189000.0,
TXN-0003466,EMP-1745,2024-09-09,Compensation Change,Market Adjustment,Marketing,Marketing,Marketing Operations,Marketing Operations,M2,M2,189000.0,196000.0,
TXN-0003467,EMP-1746,2021-09-25,Hire,New Hire,,Sales,,Revenue Operations,,M1,,130000.0,
TXN-0003468,EMP-1746,2026-04-07,Compensation Change,Market Adjustment,Sales,Sales,Revenue Operations,Revenue Operations,M1,M1,130000.0,141000.0,
TXN-0003469,EMP-1747,2020-02-25,Hire,New Hire,,Engineering,,Infrastructure / DevOps,,IC5,,185000.0,
TXN-0003470,EMP-1748,2026-04-27,Hire,New Hire,,Sales,,Sales Development,,IC1,,68000.0,
TXN-0003471,EMP-1748,2026-06-23,Termination,Performance,,,,,,,,,Involuntary
TXN-0003472,EMP-1749,2020-01-23,Hire,New Hire,,Sales,,Sales Development,,IC1,,63000.0,
TXN-0003473,EMP-1749,2020-07-23,Termination,Personal Reasons,,,,,,,,,Voluntary
TXN-0003474,EMP-1750,2018-04-08,Hire,New Hire,,Marketing,,Demand Generation,,IC2,,104000.0,
TXN-0003475,EMP-1750,2020-09-09,Promotion,Merit Promotion,Marketing,Marketing,Demand Generation,Demand Generation,IC2,IC3,104000.0,123000.0,
TXN-0003476,EMP-1751,2024-09-20,Hire,New Hire,,Engineering,,Security Engineering,,IC2,,102000.0,
TXN-0003477,EMP-1751,2025-05-06,Compensation Change,Merit Increase,Engineering,Engineering,Security Engineering,Security Engineering,IC2,IC2,102000.0,112000.0,
TXN-0003478,EMP-1752,2025-02-14,Hire,New Hire,,Engineering,,Software Engineering,,IC4,,154000.0,
TXN-0003479,EMP-1752,2025-05-12,Promotion,Merit Promotion,Engineering,Engineering,Software Engineering,Software Engineering,IC4,IC5,154000.0,172000.0,
TXN-0003480,EMP-1752,2025-07-24,Termination,Personal Reasons,,,,,,,,,Voluntary
TXN-0003481,EMP-1753,2018-06-22,Hire,New Hire,,Sales,,Account Management,,IC3,,132000.0,
TXN-0003482,EMP-1753,2021-09-09,Promotion,Merit Promotion,Sales,Sales,Account Management,Account Management,IC3,IC4,132000.0,154000.0,
TXN-0003483,EMP-1754,2024-12-16,Hire,New Hire,,Sales,,Customer Success,,IC2,,88000.0,
TXN-0003484,EMP-1755,2019-08-19,Hire,New Hire,,Sales,,Account Management,,IC1,,68000.0,
TXN-0003485,EMP-1755,2020-01-01,Compensation Change,Merit Increase,Sales,Sales,Account Management,Account Management,IC1,IC1,68000.0,76000.0,
TXN-0003486,EMP-1756,2024-06-21,Hire,New Hire,,Engineering,,Infrastructure / DevOps,,M2,,167000.0,
TXN-0003487,EMP-1756,2025-06-17,Compensation Change,Market Adjustment,Engineering,Engineering,Infrastructure / DevOps,Infrastructure / DevOps,M2,M2,167000.0,185000.0,
TXN-0003488,EMP-1757,2024-05-14,Hire,New Hire,,Sales,,Revenue Operations,,IC2,,100000.0,
TXN-0003489,EMP-1757,2025-09-06,Promotion,Merit Promotion,Sales,Sales,Revenue Operations,Revenue Operations,IC2,IC3,100000.0,124000.0,
TXN-0003490,EMP-1757,2026-03-30,Promotion,Merit Promotion,Sales,Sales,Revenue Operations,Revenue Operations,IC3,IC4,124000.0,147000.0,
TXN-0003491,EMP-1758,2023-03-23,Hire,New Hire,,Sales,,Enterprise Sales,,IC2,,92000.0,
TXN-0003492,EMP-1759,2024-10-18,Hire,New Hire,,Product,,UX / Design,,IC5,,175000.0,
TXN-0003493,EMP-1759,2025-02-13,Compensation Change,Market Adjustment,Product,Product,UX / Design,UX / Design,IC5,IC5,175000.0,190000.0,
TXN-0003494,EMP-1759,2026-06-29,Compensation Change,Market Adjustment,Product,Product,UX / Design,UX / Design,IC5,IC5,190000.0,201000.0,
TXN-0003495,EMP-1760,2024-09-18,Hire,New Hire,,Engineering,,Data Engineering,,IC5,,178000.0,
TXN-0003496,EMP-1761,2022-03-27,Hire,New Hire,,Legal,,Compliance,,IC4,,138000.0,
TXN-0003497,EMP-1762,2022-10-04,Hire,New Hire,,Sales,,Account Management,,IC4,,143000.0,
TXN-0003498,EMP-1762,2023-04-04,Compensation Change,Market Adjustment,Sales,Sales,Account Management,Account Management,IC4,IC4,143000.0,160000.0,
TXN-0003499,EMP-1763,2023-04-18,Hire,New Hire,,Finance,,Internal Audit,,IC4,,156000.0,
TXN-0003500,EMP-1763,2024-05-08,Termination,Reorganization,,,,,,,,,Involuntary
TXN-0003501,EMP-1764,2019-07-01,Hire,New Hire,,Product,,Product Operations,,IC1,,74000.0,
TXN-0003502,EMP-1765,2018-03-15,Hire,New Hire,,Marketing,,Demand Generation,,IC2,,94000.0,
TXN-0003503,EMP-1765,2024-02-21,Transfer,Internal Transfer,Marketing,Legal,Demand Generation,Corporate Legal,IC2,IC2,94000.0,94000.0,
TXN-0003504,EMP-1766,2026-02-13,Hire,New Hire,,Marketing,,Product Marketing,,IC3,,120000.0,
TXN-0003505,EMP-1766,2026-03-28,Compensation Change,Market Adjustment,Marketing,Marketing,Product Marketing,Product Marketing,IC3,IC3,120000.0,124000.0,
TXN-0003506,EMP-1766,2026-05-25,Termination,Compensation,,,,,,,,,Voluntary
TXN-0003507,EMP-1767,2024-06-29,Hire,New Hire,,Finance,,Tax,,IC2,,98000.0,
TXN-0003508,EMP-1767,2025-09-24,Promotion,Merit Promotion,Finance,Finance,Tax,Tax,IC2,IC3,98000.0,107000.0,
TXN-0003509,EMP-1767,2025-11-10,Promotion,Merit Promotion,Finance,Finance,Tax,Tax,IC3,IC4,107000.0,158000.0,
TXN-0003510,EMP-1768,2018-01-03,Hire,New Hire,,Engineering,,Software Engineering,,Director,,261000.0,
TXN-0003511,EMP-1768,2026-03-27,Compensation Change,Merit Increase,Engineering,Engineering,Software Engineering,Software Engineering,Director,Director,261000.0,278000.0,
TXN-0003512,EMP-1769,2021-03-29,Hire,New Hire,,Product,,Product Operations,,IC2,,92000.0,
TXN-0003513,EMP-1769,2022-04-22,Promotion,Merit Promotion,Product,Product,Product Operations,Product Operations,IC2,IC3,92000.0,105000.0,
TXN-0003514,EMP-1770,2024-12-14,Hire,New Hire,,Engineering,,Security Engineering,,IC2,,89000.0,
TXN-0003515,EMP-1770,2025-12-20,Compensation Change,Market Adjustment,Engineering,Engineering,Security Engineering,Security Engineering,IC2,IC2,89000.0,99000.0,
TXN-0003516,EMP-1771,2026-05-24,Hire,New Hire,,Engineering,,Security Engineering,,IC2,,99000.0,
TXN-0003517,EMP-1772,2025-08-09,Hire,New Hire,,Marketing,,Marketing Operations,,IC4,,154000.0,
TXN-0003518,EMP-1773,2021-12-01,Hire,New Hire,,Product,,Product Operations,,IC2,,85000.0,
TXN-0003519,EMP-1773,2022-07-09,Compensation Change,Merit Increase,Product,Product,Product Operations,Product Operations,IC2,IC2,85000.0,95000.0,
TXN-0003520,EMP-1773,2025-03-04,Compensation Change,Merit Increase,Product,Product,Product Operations,Product Operations,IC2,IC2,95000.0,106000.0,
TXN-0003521,EMP-1774,2022-10-02,Hire,New Hire,,Engineering,,Security Engineering,,IC2,,99000.0,
TXN-0003522,EMP-1774,2024-12-11,Compensation Change,Market Adjustment,Engineering,Engineering,Security Engineering,Security Engineering,IC2,IC2,99000.0,102000.0,
TXN-0003523,EMP-1775,2018-12-29,Hire,New Hire,,Sales,,Revenue Operations,,M3,,212000.0,
TXN-0003524,EMP-1775,2023-06-17,Transfer,Internal Transfer,Sales,Engineering,Revenue Operations,QA Engineering,M3,M3,212000.0,212000.0,
TXN-0003525,EMP-1776,2023-10-13,Hire,New Hire,,Legal,,Corporate Legal,,IC5,,167000.0,
TXN-0003526,EMP-1776,2024-11-10,Termination,Personal Reasons,,,,,,,,,Voluntary
TXN-0003527,EMP-1777,2021-09-16,Hire,New Hire,,Product,,Product Management,,IC2,,94000.0,
TXN-0003528,EMP-1777,2023-02-26,Transfer,Internal Transfer,Product,Finance,Product Management,Internal Audit,IC2,IC2,94000.0,94000.0,
TXN-0003529,EMP-1778,2019-01-06,Hire,New Hire,,Product,,Product Operations,,IC1,,79000.0,
TXN-0003530,EMP-1778,2025-02-01,Promotion,Merit Promotion,Product,Product,Product Operations,Product Operations,IC1,IC2,79000.0,97000.0,
TXN-0003531,EMP-1778,2026-06-05,Transfer,Internal Transfer,Product,Marketing,Product Operations,Brand,IC2,IC2,97000.0,97000.0,
TXN-0003532,EMP-1779,2018-11-09,Hire,New Hire,,Engineering,,Data Engineering,,IC4,,144000.0,
TXN-0003533,EMP-1780,2026-02-10,Hire,New Hire,,Engineering,,Data Engineering,,IC2,,96000.0,
TXN-0003534,EMP-1780,2026-03-31,Promotion,Merit Promotion,Engineering,Engineering,Data Engineering,Data Engineering,IC2,IC3,96000.0,131000.0,
TXN-0003535,EMP-1781,2021-11-18,Hire,New Hire,,Engineering,,Infrastructure / DevOps,,VP,,377000.0,
TXN-0003536,EMP-1781,2023-08-17,Transfer,Internal Transfer,Engineering,Product,Infrastructure / DevOps,Product Operations,VP,VP,377000.0,377000.0,
TXN-0003537,EMP-1781,2026-03-09,Compensation Change,Merit Increase,Product,Product,Product Operations,Product Operations,VP,VP,377000.0,420000.0,
TXN-0003538,EMP-1782,2019-08-01,Hire,New Hire,,Legal,,Corporate Legal,,M1,,160000.0,
TXN-0003539,EMP-1782,2025-09-19,Compensation Change,Merit Increase,Legal,Legal,Corporate Legal,Corporate Legal,M1,M1,160000.0,169000.0,
TXN-0003540,EMP-1783,2024-07-19,Hire,New Hire,,Marketing,,Content Marketing,,M3,,237000.0,
TXN-0003541,EMP-1784,2020-01-09,Hire,New Hire,,Sales,,Account Management,,M1,,139000.0,
TXN-0003542,EMP-1785,2019-08-14,Hire,New Hire,,Sales,,Customer Success,,IC2,,101000.0,
TXN-0003543,EMP-1785,2025-05-06,Transfer,Internal Transfer,Sales,Marketing,Customer Success,Product Marketing,IC2,IC2,101000.0,101000.0,
TXN-0003544,EMP-1786,2023-03-04,Hire,New Hire,,Engineering,,Security Engineering,,IC2,,88000.0,
TXN-0003545,EMP-1786,2023-08-22,Promotion,Merit Promotion,Engineering,Engineering,Security Engineering,Security Engineering,IC2,IC3,88000.0,105000.0,
TXN-0003546,EMP-1787,2019-07-12,Hire,New Hire,,Engineering,,Infrastructure / DevOps,,IC4,,160000.0,
TXN-0003547,EMP-1788,2024-10-02,Hire,New Hire,,Sales,,Revenue Operations,,IC2,,85000.0,
TXN-0003548,EMP-1788,2025-06-02,Promotion,Merit Promotion,Sales,Sales,Revenue Operations,Revenue Operations,IC2,IC3,85000.0,132000.0,
TXN-0003549,EMP-1789,2018-04-22,Hire,New Hire,,Finance,,Financial Planning & Analysis,,IC3,,110000.0,
TXN-0003550,EMP-1790,2022-09-25,Hire,New Hire,,Marketing,,Brand,,IC2,,90000.0,
TXN-0003551,EMP-1790,2025-01-25,Promotion,Merit Promotion,Marketing,Marketing,Brand,Brand,IC2,IC3,90000.0,109000.0,
TXN-0003552,EMP-1791,2018-09-12,Hire,New Hire,,Sales,,Revenue Operations,,IC3,,106000.0,
TXN-0003553,EMP-1791,2021-05-19,Promotion,Merit Promotion,Sales,Sales,Revenue Operations,Revenue Operations,IC3,IC4,106000.0,136000.0,
TXN-0003554,EMP-1791,2025-06-04,Promotion,Merit Promotion,Sales,Sales,Revenue Operations,Revenue Operations,IC4,IC5,136000.0,182000.0,
TXN-0003555,EMP-1792,2020-10-13,Hire,New Hire,,HR,,Talent Acquisition,,IC2,,85000.0,
TXN-0003556,EMP-1792,2026-05-20,Promotion,Merit Promotion,HR,HR,Talent Acquisition,Talent Acquisition,IC2,IC3,85000.0,117000.0,
TXN-0003557,EMP-1792,2026-06-29,Promotion,Merit Promotion,HR,HR,Talent Acquisition,Talent Acquisition,IC3,IC4,117000.0,142000.0,
TXN-0003558,EMP-1793,2021-12-13,Hire,New Hire,,Sales,,Revenue Operations,,IC3,,111000.0,
TXN-0003559,EMP-1794,2018-02-28,Hire,New Hire,,Engineering,,Security Engineering,,M3,,222000.0,
TXN-0003560,EMP-1794,2022-09-03,Transfer,Internal Transfer,Engineering,HR,Security Engineering,Total Rewards,M3,M3,222000.0,222000.0,
TXN-0003561,EMP-1795,2021-09-19,Hire,New Hire,,Legal,,Privacy & Data,,IC4,,144000.0,
TXN-0003562,EMP-1796,2019-11-08,Hire,New Hire,,Legal,,Employment Law,,IC1,,67000.0,
TXN-0003563,EMP-1796,2024-03-17,Transfer,Internal Transfer,Legal,Engineering,Employment Law,QA Engineering,IC1,IC1,67000.0,67000.0,
TXN-0003564,EMP-1797,2022-05-17,Hire,New Hire,,Engineering,,Infrastructure / DevOps,,IC4,,158000.0,
TXN-0003565,EMP-1797,2023-05-02,Compensation Change,Market Adjustment,Engineering,Engineering,Infrastructure / DevOps,Infrastructure / DevOps,IC4,IC4,158000.0,175000.0,
TXN-0003566,EMP-1798,2018-05-28,Hire,New Hire,,Marketing,,Brand,,IC3,,110000.0,
TXN-0003567,EMP-1799,2024-03-25,Hire,New Hire,,Marketing,,Product Marketing,,IC2,,82000.0,
TXN-0003568,EMP-1799,2025-07-10,Termination,Reorganization,,,,,,,,,Involuntary
TXN-0003569,EMP-1800,2021-04-15,Hire,New Hire,,Sales,,Sales Development,,IC4,,155000.0,
TXN-0003570,EMP-1801,2025-11-17,Hire,New Hire,,Product,,Product Operations,,IC3,,128000.0,
TXN-0003571,EMP-1801,2025-12-24,Compensation Change,Market Adjustment,Product,Product,Product Operations,Product Operations,IC3,IC3,128000.0,134000.0,
TXN-0003572,EMP-1802,2020-07-16,Hire,New Hire,,Legal,,Compliance,,IC4,,146000.0,
TXN-0003573,EMP-1802,2023-03-05,Compensation Change,Market Adjustment,Legal,Legal,Compliance,Compliance,IC4,IC4,146000.0,154000.0,
TXN-0003574,EMP-1803,2025-02-20,Hire,New Hire,,Engineering,,QA Engineering,,IC1,,70000.0,
TXN-0003575,EMP-1803,2026-06-04,Compensation Change,Market Adjustment,Engineering,Engineering,QA Engineering,QA Engineering,IC1,IC1,70000.0,77000.0,
TXN-0003576,EMP-1804,2018-05-30,Hire,New Hire,,Sales,,Account Management,,IC2,,86000.0,
TXN-0003577,EMP-1804,2019-03-05,Compensation Change,Merit Increase,Sales,Sales,Account Management,Account Management,IC2,IC2,86000.0,95000.0,
TXN-0003578,EMP-1805,2025-07-04,Hire,New Hire,,Marketing,,Content Marketing,,IC4,,139000.0,
TXN-0003579,EMP-1805,2026-01-09,Compensation Change,Merit Increase,Marketing,Marketing,Content Marketing,Content Marketing,IC4,IC4,139000.0,153000.0,
TXN-0003580,EMP-1805,2026-03-19,Transfer,Internal Transfer,Marketing,Product,Content Marketing,UX / Design,IC4,IC4,153000.0,153000.0,
TXN-0003581,EMP-1806,2026-02-23,Hire,New Hire,,HR,,HR Business Partnering,,IC1,,80000.0,
TXN-0003582,EMP-1806,2026-05-01,Promotion,Merit Promotion,HR,HR,HR Business Partnering,HR Business Partnering,IC1,IC2,80000.0,90000.0,
TXN-0003583,EMP-1807,2024-01-11,Hire,New Hire,,Finance,,Financial Planning & Analysis,,IC5,,173000.0,
TXN-0003584,EMP-1807,2025-12-01,Transfer,Internal Transfer,Finance,Marketing,Financial Planning & Analysis,Product Marketing,IC5,IC5,173000.0,173000.0,
TXN-0003585,EMP-1808,2021-11-07,Hire,New Hire,,Marketing,,Product Marketing,,IC1,,72000.0,
TXN-0003586,EMP-1808,2023-06-01,Compensation Change,Merit Increase,Marketing,Marketing,Product Marketing,Product Marketing,IC1,IC1,72000.0,77000.0,
TXN-0003587,EMP-1808,2024-08-28,Promotion,Merit Promotion,Marketing,Marketing,Product Marketing,Product Marketing,IC1,IC2,77000.0,84000.0,
TXN-0003588,EMP-1809,2025-09-26,Hire,New Hire,,Sales,,Sales Development,,IC3,,114000.0,
TXN-0003589,EMP-1809,2025-11-02,Promotion,Merit Promotion,Sales,Sales,Sales Development,Sales Development,IC3,IC4,114000.0,156000.0,
TXN-0003590,EMP-1810,2020-09-06,Hire,New Hire,,Sales,,Customer Success,,M2,,174000.0,
TXN-0003591,EMP-1810,2023-11-04,Termination,Personal Reasons,,,,,,,,,Voluntary
TXN-0003592,EMP-1811,2018-04-09,Hire,New Hire,,Sales,,Customer Success,,IC2,,95000.0,
TXN-0003593,EMP-1812,2020-09-30,Hire,New Hire,,Marketing,,Marketing Operations,,M3,,220000.0,
TXN-0003594,EMP-1812,2025-01-16,Compensation Change,Market Adjustment,Marketing,Marketing,Marketing Operations,Marketing Operations,M3,M3,220000.0,231000.0,
TXN-0003595,EMP-1813,2025-01-02,Hire,New Hire,,Marketing,,Demand Generation,,M1,,141000.0,
TXN-0003596,EMP-1813,2025-02-18,Compensation Change,Merit Increase,Marketing,Marketing,Demand Generation,Demand Generation,M1,M1,141000.0,150000.0,
TXN-0003597,EMP-1814,2021-02-21,Hire,New Hire,,Marketing,,Content Marketing,,IC3,,115000.0,
TXN-0003598,EMP-1814,2024-02-03,Compensation Change,Market Adjustment,Marketing,Marketing,Content Marketing,Content Marketing,IC3,IC3,115000.0,119000.0,
TXN-0003599,EMP-1815,2022-02-07,Hire,New Hire,,Engineering,,Infrastructure / DevOps,,IC1,,69000.0,
TXN-0003600,EMP-1815,2023-11-04,Transfer,Internal Transfer,Engineering,Finance,Infrastructure / DevOps,Tax,IC1,IC1,69000.0,69000.0,
TXN-0003601,EMP-1816,2022-02-28,Hire,New Hire,,Finance,,Tax,,Director,,222000.0,
TXN-0003602,EMP-1816,2022-12-29,Compensation Change,Market Adjustment,Finance,Finance,Tax,Tax,Director,Director,222000.0,241000.0,
TXN-0003603,EMP-1816,2025-12-15,Termination,Personal Reasons,,,,,,,,,Voluntary
TXN-0003604,EMP-1817,2018-11-01,Hire,New Hire,,Engineering,,Infrastructure / DevOps,,IC2,,86000.0,
TXN-0003605,EMP-1817,2026-05-07,Compensation Change,Merit Increase,Engineering,Engineering,Infrastructure / DevOps,Infrastructure / DevOps,IC2,IC2,86000.0,90000.0,
TXN-0003606,EMP-1818,2025-07-02,Hire,New Hire,,Engineering,,Infrastructure / DevOps,,IC4,,151000.0,
TXN-0003607,EMP-1818,2025-09-19,Compensation Change,Merit Increase,Engineering,Engineering,Infrastructure / DevOps,Infrastructure / DevOps,IC4,IC4,151000.0,164000.0,
TXN-0003608,EMP-1818,2026-05-20,Termination,Reorganization,,,,,,,,,Involuntary
TXN-0003609,EMP-1819,2021-04-24,Hire,New Hire,,Finance,,Tax,,M2,,176000.0,
TXN-0003610,EMP-1819,2024-01-18,Compensation Change,Market Adjustment,Finance,Finance,Tax,Tax,M2,M2,176000.0,193000.0,
TXN-0003611,EMP-1820,2018-04-16,Hire,New Hire,,Product,,Product Operations,,IC1,,75000.0,
TXN-0003612,EMP-1820,2022-06-08,Compensation Change,Merit Increase,Product,Product,Product Operations,Product Operations,IC1,IC1,75000.0,79000.0,
TXN-0003613,EMP-1820,2023-06-18,Compensation Change,Market Adjustment,Product,Product,Product Operations,Product Operations,IC1,IC1,79000.0,83000.0,
TXN-0003614,EMP-1820,2024-07-06,Termination,Personal Reasons,,,,,,,,,Voluntary
TXN-0003615,EMP-1821,2020-08-14,Hire,New Hire,,Engineering,,QA Engineering,,IC3,,124000.0,
TXN-0003616,EMP-1822,2024-03-09,Hire,New Hire,,Product,,Product Management,,IC3,,116000.0,
TXN-0003617,EMP-1823,2025-12-07,Hire,New Hire,,Engineering,,Software Engineering,,IC5,,170000.0,
TXN-0003618,EMP-1824,2020-08-27,Hire,New Hire,,Engineering,,Data Engineering,,M3,,213000.0,
TXN-0003619,EMP-1825,2019-04-12,Hire,New Hire,,HR,,HR Business Partnering,,M2,,193000.0,
TXN-0003620,EMP-1825,2023-06-22,Transfer,Internal Transfer,HR,Sales,HR Business Partnering,Sales Development,M2,M2,193000.0,193000.0,
TXN-0003621,EMP-1825,2025-12-23,Compensation Change,Market Adjustment,Sales,Sales,Sales Development,Sales Development,M2,M2,193000.0,214000.0,
TXN-0003622,EMP-1826,2018-12-24,Hire,New Hire,,Sales,,Sales Development,,IC1,,70000.0,
TXN-0003623,EMP-1827,2024-12-11,Hire,New Hire,,HR,,Talent Acquisition,,M2,,196000.0,
TXN-0003624,EMP-1828,2021-06-04,Hire,New Hire,,Sales,,Customer Success,,IC1,,61000.0,
TXN-0003625,EMP-1828,2024-06-19,Compensation Change,Market Adjustment,Sales,Sales,Customer Success,Customer Success,IC1,IC1,61000.0,66000.0,
TXN-0003626,EMP-1829,2022-01-16,Hire,New Hire,,Sales,,Sales Development,,M2,,172000.0,
TXN-0003627,EMP-1829,2024-12-31,Compensation Change,Merit Increase,Sales,Sales,Sales Development,Sales Development,M2,M2,172000.0,188000.0,
TXN-0003628,EMP-1830,2024-04-19,Hire,New Hire,,Product,,Product Operations,,VP,,362000.0,
TXN-0003629,EMP-1830,2026-02-19,Transfer,Internal Transfer,Product,Engineering,Product Operations,QA Engineering,VP,VP,362000.0,362000.0,
TXN-0003630,EMP-1831,2025-10-20,Hire,New Hire,,HR,,Talent Acquisition,,IC2,,103000.0,
TXN-0003631,EMP-1831,2026-04-12,Promotion,Merit Promotion,HR,HR,Talent Acquisition,Talent Acquisition,IC2,IC3,103000.0,108000.0,
TXN-0003632,EMP-1832,2023-05-17,Hire,New Hire,,Sales,,Enterprise Sales,,IC3,,106000.0,
TXN-0003633,EMP-1832,2024-11-06,Termination,Personal Reasons,,,,,,,,,Voluntary
TXN-0003634,EMP-1833,2024-08-23,Hire,New Hire,,Marketing,,Brand,,M3,,217000.0,
TXN-0003635,EMP-1833,2025-10-27,Transfer,Internal Transfer,Marketing,Legal,Brand,Privacy & Data,M3,M3,217000.0,217000.0,
TXN-0003636,EMP-1834,2019-09-21,Hire,New Hire,,Sales,,Enterprise Sales,,Director,,262000.0,
TXN-0003637,EMP-1834,2022-02-22,Compensation Change,Merit Increase,Sales,Sales,Enterprise Sales,Enterprise Sales,Director,Director,262000.0,270000.0,
TXN-0003638,EMP-1835,2025-03-16,Hire,New Hire,,Engineering,,Infrastructure / DevOps,,M2,,190000.0,
TXN-0003639,EMP-1835,2025-05-13,Transfer,Internal Transfer,Engineering,Legal,Infrastructure / DevOps,Privacy & Data,M2,M2,190000.0,190000.0,
TXN-0003640,EMP-1835,2025-06-27,Compensation Change,Market Adjustment,Legal,Legal,Privacy & Data,Privacy & Data,M2,M2,190000.0,209000.0,
TXN-0003641,EMP-1836,2020-04-22,Hire,New Hire,,Engineering,,Software Engineering,,M1,,145000.0,
TXN-0003642,EMP-1836,2024-11-26,Compensation Change,Market Adjustment,Engineering,Engineering,Software Engineering,Software Engineering,M1,M1,145000.0,161000.0,
TXN-0003643,EMP-1837,2024-10-12,Hire,New Hire,,Engineering,,Data Engineering,,IC1,,77000.0,
TXN-0003644,EMP-1837,2024-12-10,Transfer,Internal Transfer,Engineering,Legal,Data Engineering,Compliance,IC1,IC1,77000.0,77000.0,
TXN-0003645,EMP-1837,2025-02-05,Termination,Career Move,,,,,,,,,Voluntary
TXN-0003646,EMP-1838,2021-01-28,Hire,New Hire,,Finance,,Financial Planning & Analysis,,IC3,,122000.0,
TXN-0003647,EMP-1838,2025-08-21,Compensation Change,Market Adjustment,Finance,Finance,Financial Planning & Analysis,Financial Planning & Analysis,IC3,IC3,122000.0,129000.0,
TXN-0003648,EMP-1838,2026-02-17,Promotion,Merit Promotion,Finance,Finance,Financial Planning & Analysis,Financial Planning & Analysis,IC3,IC4,129000.0,152000.0,
TXN-0003649,EMP-1839,2024-03-11,Hire,New Hire,,Engineering,,Data Engineering,,IC1,,72000.0,
TXN-0003650,EMP-1839,2025-11-22,Transfer,Internal Transfer,Engineering,Product,Data Engineering,Product Operations,IC1,IC1,72000.0,72000.0,
TXN-0003651,EMP-1840,2024-01-28,Hire,New Hire,,Engineering,,Data Engineering,,VP,,349000.0,
TXN-0003652,EMP-1841,2020-05-16,Hire,New Hire,,Sales,,Customer Success,,IC2,,99000.0,
TXN-0003653,EMP-1841,2023-12-10,Transfer,Internal Transfer,Sales,Product,Customer Success,Product Management,IC2,IC2,99000.0,99000.0,
TXN-0003654,EMP-1841,2025-07-17,Compensation Change,Market Adjustment,Product,Product,Product Management,Product Management,IC2,IC2,99000.0,104000.0,
TXN-0003655,EMP-1842,2024-04-23,Hire,New Hire,,HR,,HR Business Partnering,,VP,,295000.0,
TXN-0003656,EMP-1843,2022-01-31,Hire,New Hire,,Legal,,Compliance,,IC3,,117000.0,
TXN-0003657,EMP-1843,2026-02-26,Promotion,Merit Promotion,Legal,Legal,Compliance,Compliance,IC3,IC4,117000.0,145000.0,
TXN-0003658,EMP-1844,2018-12-28,Hire,New Hire,,Finance,,Accounting,,IC3,,106000.0,
TXN-0003659,EMP-1845,2022-06-25,Hire,New Hire,,Engineering,,Software Engineering,,M3,,205000.0,
TXN-0003660,EMP-1846,2020-11-02,Hire,New Hire,,Marketing,,Demand Generation,,M1,,143000.0,
TXN-0003661,EMP-1847,2018-10-08,Hire,New Hire,,Legal,,Corporate Legal,,IC3,,117000.0,
TXN-0003662,EMP-1848,2022-03-17,Hire,New Hire,,Marketing,,Demand Generation,,IC1,,62000.0,
TXN-0003663,EMP-1848,2024-03-15,Transfer,Internal Transfer,Marketing,Legal,Demand Generation,Compliance,IC1,IC1,62000.0,62000.0,
TXN-0003664,EMP-1849,2020-11-23,Hire,New Hire,,Sales,,Sales Development,,IC1,,75000.0,
TXN-0003665,EMP-1850,2020-08-06,Hire,New Hire,,Sales,,Revenue Operations,,IC1,,69000.0,
TXN-0003666,EMP-1850,2023-09-26,Compensation Change,Market Adjustment,Sales,Sales,Revenue Operations,Revenue Operations,IC1,IC1,69000.0,73000.0,
TXN-0003667,EMP-1850,2026-03-11,Compensation Change,Market Adjustment,Sales,Sales,Revenue Operations,Revenue Operations,IC1,IC1,73000.0,80000.0,
TXN-0003668,EMP-1850,2026-05-09,Termination,Performance,,,,,,,,,Involuntary
TXN-0003669,EMP-1851,2019-01-15,Hire,New Hire,,Sales,,Customer Success,,IC3,,134000.0,
TXN-0003670,EMP-1852,2023-11-11,Hire,New Hire,,Engineering,,Security Engineering,,IC2,,100000.0,
TXN-0003671,EMP-1853,2022-12-28,Hire,New Hire,,Sales,,Sales Development,,IC1,,68000.0,
TXN-0003672,EMP-1853,2026-04-30,Transfer,Internal Transfer,Sales,Legal,Sales Development,Privacy & Data,IC1,IC1,68000.0,68000.0,
TXN-0003673,EMP-1853,2026-06-24,Compensation Change,Merit Increase,Legal,Legal,Privacy & Data,Privacy & Data,IC1,IC1,68000.0,72000.0,
TXN-0003674,EMP-1854,2022-01-17,Hire,New Hire,,Engineering,,Software Engineering,,IC5,,179000.0,
TXN-0003675,EMP-1855,2018-03-20,Hire,New Hire,,HR,,HR Business Partnering,,IC5,,170000.0,
TXN-0003676,EMP-1855,2023-08-11,Compensation Change,Market Adjustment,HR,HR,HR Business Partnering,HR Business Partnering,IC5,IC5,170000.0,176000.0,
TXN-0003677,EMP-1855,2024-08-28,Compensation Change,Market Adjustment,HR,HR,HR Business Partnering,HR Business Partnering,IC5,IC5,176000.0,196000.0,
TXN-0003678,EMP-1856,2024-06-18,Hire,New Hire,,Sales,,Enterprise Sales,,IC3,,131000.0,
TXN-0003679,EMP-1856,2025-05-05,Compensation Change,Market Adjustment,Sales,Sales,Enterprise Sales,Enterprise Sales,IC3,IC3,131000.0,139000.0,
TXN-0003680,EMP-1857,2018-12-13,Hire,New Hire,,Sales,,Revenue Operations,,IC5,,189000.0,
TXN-0003681,EMP-1857,2020-12-02,Transfer,Internal Transfer,Sales,Engineering,Revenue Operations,Software Engineering,IC5,IC5,189000.0,189000.0,
TXN-0003682,EMP-1858,2026-01-21,Hire,New Hire,,Product,,Product Management,,IC1,,73000.0,
TXN-0003683,EMP-1858,2026-05-03,Compensation Change,Merit Increase,Product,Product,Product Management,Product Management,IC1,IC1,73000.0,77000.0,
TXN-0003684,EMP-1859,2025-07-24,Hire,New Hire,,HR,,Talent Acquisition,,M1,,159000.0,
TXN-0003685,EMP-1859,2026-05-13,Compensation Change,Merit Increase,HR,HR,Talent Acquisition,Talent Acquisition,M1,M1,159000.0,174000.0,
TXN-0003686,EMP-1859,2026-06-26,Termination,Compensation,,,,,,,,,Voluntary
TXN-0003687,EMP-1860,2019-02-28,Hire,New Hire,,Product,,Product Management,,M2,,189000.0,
TXN-0003688,EMP-1860,2020-01-30,Compensation Change,Market Adjustment,Product,Product,Product Management,Product Management,M2,M2,189000.0,199000.0,
TXN-0003689,EMP-1861,2024-05-08,Hire,New Hire,,Sales,,Enterprise Sales,,M1,,150000.0,
TXN-0003690,EMP-1861,2026-03-21,Compensation Change,Market Adjustment,Sales,Sales,Enterprise Sales,Enterprise Sales,M1,M1,150000.0,165000.0,
TXN-0003691,EMP-1862,2019-09-06,Hire,New Hire,,Marketing,,Marketing Operations,,IC3,,111000.0,
TXN-0003692,EMP-1862,2023-10-16,Compensation Change,Merit Increase,Marketing,Marketing,Marketing Operations,Marketing Operations,IC3,IC3,111000.0,121000.0,
TXN-0003693,EMP-1863,2018-07-17,Hire,New Hire,,Finance,,Accounting,,IC1,,68000.0,
TXN-0003694,EMP-1863,2019-09-12,Compensation Change,Merit Increase,Finance,Finance,Accounting,Accounting,IC1,IC1,68000.0,72000.0,
TXN-0003695,EMP-1864,2026-03-05,Hire,New Hire,,Sales,,Account Management,,IC4,,156000.0,
TXN-0003696,EMP-1864,2026-06-09,Compensation Change,Merit Increase,Sales,Sales,Account Management,Account Management,IC4,IC4,156000.0,165000.0,
TXN-0003697,EMP-1865,2024-06-20,Hire,New Hire,,Sales,,Account Management,,IC1,,62000.0,
TXN-0003698,EMP-1866,2025-04-14,Hire,New Hire,,Finance,,Financial Planning & Analysis,,IC1,,79000.0,
TXN-0003699,EMP-1866,2026-01-03,Transfer,Internal Transfer,Finance,Product,Financial Planning & Analysis,Product Management,IC1,IC1,79000.0,79000.0,
TXN-0003700,EMP-1867,2023-06-28,Hire,New Hire,,Engineering,,Data Engineering,,IC2,,104000.0,
TXN-0003701,EMP-1867,2025-06-16,Compensation Change,Market Adjustment,Engineering,Engineering,Data Engineering,Data Engineering,IC2,IC2,104000.0,109000.0,
TXN-0003702,EMP-1867,2026-06-23,Transfer,Internal Transfer,Engineering,HR,Data Engineering,Learning & Development,IC2,IC2,109000.0,109000.0,
TXN-0003703,EMP-1868,2023-07-23,Hire,New Hire,,Legal,,Privacy & Data,,IC2,,80000.0,
TXN-0003704,EMP-1869,2021-10-01,Hire,New Hire,,Sales,,Account Management,,IC2,,84000.0,
TXN-0003705,EMP-1870,2019-11-11,Hire,New Hire,,Sales,,Revenue Operations,,IC2,,92000.0,
TXN-0003706,EMP-1870,2020-02-28,Promotion,Merit Promotion,Sales,Sales,Revenue Operations,Revenue Operations,IC2,IC3,92000.0,118000.0,
TXN-0003707,EMP-1871,2020-04-12,Hire,New Hire,,HR,,Learning & Development,,IC5,,195000.0,
TXN-0003708,EMP-1872,2025-07-01,Hire,New Hire,,Product,,Product Operations,,M3,,205000.0,
TXN-0003709,EMP-1873,2023-04-19,Hire,New Hire,,Sales,,Account Management,,IC2,,101000.0,
TXN-0003710,EMP-1874,2023-11-01,Hire,New Hire,,Product,,Product Management,,IC5,,178000.0,
TXN-0003711,EMP-1874,2025-02-18,Compensation Change,Merit Increase,Product,Product,Product Management,Product Management,IC5,IC5,178000.0,198000.0,
TXN-0003712,EMP-1874,2025-11-30,Termination,Performance,,,,,,,,,Involuntary
TXN-0003713,EMP-1875,2024-05-26,Hire,New Hire,,Engineering,,Infrastructure / DevOps,,IC1,,65000.0,
TXN-0003714,EMP-1875,2025-11-10,Compensation Change,Market Adjustment,Engineering,Engineering,Infrastructure / DevOps,Infrastructure / DevOps,IC1,IC1,65000.0,70000.0,
TXN-0003715,EMP-1876,2019-12-22,Hire,New Hire,,Engineering,,Infrastructure / DevOps,,IC4,,145000.0,
TXN-0003716,EMP-1876,2023-11-14,Transfer,Internal Transfer,Engineering,Finance,Infrastructure / DevOps,Accounting,IC4,IC4,145000.0,145000.0,
TXN-0003717,EMP-1876,2025-01-21,Transfer,Internal Transfer,Finance,Product,Accounting,Product Management,IC4,IC4,145000.0,145000.0,
TXN-0003718,EMP-1877,2023-08-19,Hire,New Hire,,Sales,,Account Management,,IC4,,146000.0,
TXN-0003719,EMP-1878,2018-06-15,Hire,New Hire,,Sales,,Sales Development,,IC1,,66000.0,
TXN-0003720,EMP-1878,2020-07-19,Transfer,Internal Transfer,Sales,Product,Sales Development,Product Management,IC1,IC1,66000.0,66000.0,
TXN-0003721,EMP-1879,2022-05-13,Hire,New Hire,,Finance,,Tax,,IC1,,67000.0,
TXN-0003722,EMP-1880,2026-01-10,Hire,New Hire,,Sales,,Account Management,,IC2,,105000.0,
TXN-0003723,EMP-1880,2026-05-17,Promotion,Merit Promotion,Sales,Sales,Account Management,Account Management,IC2,IC3,105000.0,108000.0,
TXN-0003724,EMP-1881,2019-08-24,Hire,New Hire,,Sales,,Sales Development,,IC2,,87000.0,
TXN-0003725,EMP-1882,2023-05-30,Hire,New Hire,,Product,,Product Operations,,IC3,,122000.0,
TXN-0003726,EMP-1882,2024-08-31,Transfer,Internal Transfer,Product,Finance,Product Operations,Internal Audit,IC3,IC3,122000.0,122000.0,
TXN-0003727,EMP-1882,2025-04-16,Promotion,Merit Promotion,Finance,Finance,Internal Audit,Internal Audit,IC3,IC4,122000.0,146000.0,
TXN-0003728,EMP-1883,2020-11-22,Hire,New Hire,,Engineering,,Data Engineering,,M2,,170000.0,
TXN-0003729,EMP-1883,2023-11-21,Compensation Change,Merit Increase,Engineering,Engineering,Data Engineering,Data Engineering,M2,M2,170000.0,177000.0,
TXN-0003730,EMP-1883,2025-05-13,Compensation Change,Merit Increase,Engineering,Engineering,Data Engineering,Data Engineering,M2,M2,177000.0,185000.0,
TXN-0003731,EMP-1883,2025-10-09,Termination,Reorganization,,,,,,,,,Involuntary
TXN-0003732,EMP-1884,2026-03-23,Hire,New Hire,,Sales,,Account Management,,IC4,,135000.0,
TXN-0003733,EMP-1885,2020-04-17,Hire,New Hire,,Engineering,,Security Engineering,,IC2,,80000.0,
TXN-0003734,EMP-1885,2026-05-27,Compensation Change,Market Adjustment,Engineering,Engineering,Security Engineering,Security Engineering,IC2,IC2,80000.0,86000.0,
TXN-0003735,EMP-1886,2025-02-12,Hire,New Hire,,Finance,,Financial Planning & Analysis,,IC1,,63000.0,
TXN-0003736,EMP-1887,2022-12-07,Hire,New Hire,,Sales,,Account Management,,M2,,186000.0,
TXN-0003737,EMP-1887,2023-08-26,Transfer,Internal Transfer,Sales,Finance,Account Management,Internal Audit,M2,M2,186000.0,186000.0,
TXN-0003738,EMP-1887,2025-03-31,Compensation Change,Market Adjustment,Finance,Finance,Internal Audit,Internal Audit,M2,M2,186000.0,208000.0,
TXN-0003739,EMP-1888,2025-12-01,Hire,New Hire,,HR,,Total Rewards,,IC2,,88000.0,
TXN-0003740,EMP-1888,2026-06-27,Transfer,Internal Transfer,HR,Sales,Total Rewards,Revenue Operations,IC2,IC2,88000.0,88000.0,
TXN-0003741,EMP-1889,2021-03-31,Hire,New Hire,,Engineering,,Software Engineering,,IC4,,143000.0,
TXN-0003742,EMP-1889,2024-09-14,Transfer,Internal Transfer,Engineering,Marketing,Software Engineering,Brand,IC4,IC4,143000.0,143000.0,
TXN-0003743,EMP-1890,2019-06-28,Hire,New Hire,,Finance,,Internal Audit,,IC2,,105000.0,
TXN-0003744,EMP-1890,2026-06-14,Compensation Change,Merit Increase,Finance,Finance,Internal Audit,Internal Audit,IC2,IC2,105000.0,113000.0,
TXN-0003745,EMP-1891,2018-11-25,Hire,New Hire,,Marketing,,Brand,,IC1,,60000.0,
TXN-0003746,EMP-1891,2023-09-12,Compensation Change,Merit Increase,Marketing,Marketing,Brand,Brand,IC1,IC1,60000.0,66000.0,
TXN-0003747,EMP-1892,2026-02-27,Hire,New Hire,,HR,,Talent Acquisition,,IC1,,63000.0,
TXN-0003748,EMP-1892,2026-06-04,Transfer,Internal Transfer,HR,Legal,Talent Acquisition,Corporate Legal,IC1,IC1,63000.0,63000.0,
TXN-0003749,EMP-1893,2021-05-04,Hire,New Hire,,Engineering,,Security Engineering,,IC5,,175000.0,
TXN-0003750,EMP-1893,2023-10-28,Compensation Change,Market Adjustment,Engineering,Engineering,Security Engineering,Security Engineering,IC5,IC5,175000.0,189000.0,
TXN-0003751,EMP-1894,2018-12-31,Hire,New Hire,,Sales,,Account Management,,IC4,,141000.0,
TXN-0003752,EMP-1894,2020-10-16,Promotion,Merit Promotion,Sales,Sales,Account Management,Account Management,IC4,IC5,141000.0,172000.0,
TXN-0003753,EMP-1895,2020-09-18,Hire,New Hire,,Sales,,Revenue Operations,,IC2,,87000.0,
TXN-0003754,EMP-1895,2024-07-28,Compensation Change,Merit Increase,Sales,Sales,Revenue Operations,Revenue Operations,IC2,IC2,87000.0,92000.0,
TXN-0003755,EMP-1896,2021-11-25,Hire,New Hire,,Engineering,,QA Engineering,,IC3,,129000.0,
TXN-0003756,EMP-1896,2023-02-04,Promotion,Merit Promotion,Engineering,Engineering,QA Engineering,QA Engineering,IC3,IC4,129000.0,136000.0,
TXN-0003757,EMP-1897,2018-05-09,Hire,New Hire,,Product,,Product Management,,IC3,,109000.0,
TXN-0003758,EMP-1897,2023-09-05,Compensation Change,Market Adjustment,Product,Product,Product Management,Product Management,IC3,IC3,109000.0,116000.0,
TXN-0003759,EMP-1897,2024-05-18,Compensation Change,Market Adjustment,Product,Product,Product Management,Product Management,IC3,IC3,116000.0,130000.0,
TXN-0003760,EMP-1898,2025-05-14,Hire,New Hire,,HR,,People Operations,,IC3,,111000.0,
TXN-0003761,EMP-1899,2023-01-26,Hire,New Hire,,Engineering,,QA Engineering,,IC4,,149000.0,
TXN-0003762,EMP-1899,2023-11-05,Termination,Career Move,,,,,,,,,Voluntary
TXN-0003763,EMP-1900,2021-05-23,Hire,New Hire,,Sales,,Customer Success,,IC2,,93000.0,
TXN-0003764,EMP-1900,2026-04-15,Compensation Change,Market Adjustment,Sales,Sales,Customer Success,Customer Success,IC2,IC2,93000.0,99000.0,
TXN-0003765,EMP-1901,2023-01-07,Hire,New Hire,,Engineering,,Infrastructure / DevOps,,IC2,,102000.0,
TXN-0003766,EMP-1901,2025-02-18,Compensation Change,Market Adjustment,Engineering,Engineering,Infrastructure / DevOps,Infrastructure / DevOps,IC2,IC2,102000.0,108000.0,
TXN-0003767,EMP-1902,2018-08-27,Hire,New Hire,,HR,,Learning & Development,,IC5,,183000.0,
TXN-0003768,EMP-1903,2025-12-06,Hire,New Hire,,Marketing,,Brand,,M1,,152000.0,
TXN-0003769,EMP-1903,2026-03-09,Compensation Change,Market Adjustment,Marketing,Marketing,Brand,Brand,M1,M1,152000.0,162000.0,
TXN-0003770,EMP-1904,2023-07-16,Hire,New Hire,,Finance,,Accounting,,IC1,,74000.0,
TXN-0003771,EMP-1904,2025-06-11,Promotion,Merit Promotion,Finance,Finance,Accounting,Accounting,IC1,IC2,74000.0,104000.0,
TXN-0003772,EMP-1904,2025-07-26,Compensation Change,Market Adjustment,Finance,Finance,Accounting,Accounting,IC2,IC2,104000.0,111000.0,
TXN-0003773,EMP-1905,2018-12-26,Hire,New Hire,,HR,,Learning & Development,,IC3,,111000.0,
TXN-0003774,EMP-1905,2025-09-20,Transfer,Internal Transfer,HR,Marketing,Learning & Development,Marketing Operations,IC3,IC3,111000.0,111000.0,
TXN-0003775,EMP-1906,2020-10-02,Hire,New Hire,,Engineering,,QA Engineering,,IC4,,144000.0,
TXN-0003776,EMP-1906,2022-08-09,Termination,Performance,,,,,,,,,Involuntary
TXN-0003777,EMP-1907,2019-09-06,Hire,New Hire,,Engineering,,Data Engineering,,IC1,,61000.0,
TXN-0003778,EMP-1907,2024-03-03,Compensation Change,Merit Increase,Engineering,Engineering,Data Engineering,Data Engineering,IC1,IC1,61000.0,68000.0,
TXN-0003779,EMP-1908,2020-06-29,Hire,New Hire,,Sales,,Enterprise Sales,,IC3,,128000.0,
TXN-0003780,EMP-1909,2020-02-04,Hire,New Hire,,Sales,,Account Management,,IC1,,74000.0,
TXN-0003781,EMP-1910,2018-07-04,Hire,New Hire,,Sales,,Sales Development,,IC3,,115000.0,
TXN-0003782,EMP-1911,2018-08-29,Hire,New Hire,,Sales,,Sales Development,,IC3,,119000.0,
TXN-0003783,EMP-1911,2020-02-11,Compensation Change,Market Adjustment,Sales,Sales,Sales Development,Sales Development,IC3,IC3,119000.0,132000.0,
TXN-0003784,EMP-1911,2021-02-07,Promotion,Merit Promotion,Sales,Sales,Sales Development,Sales Development,IC3,IC4,132000.0,138000.0,
TXN-0003785,EMP-1912,2020-08-31,Hire,New Hire,,Finance,,Internal Audit,,IC3,,129000.0,
TXN-0003786,EMP-1912,2026-05-21,Compensation Change,Merit Increase,Finance,Finance,Internal Audit,Internal Audit,IC3,IC3,129000.0,141000.0,
TXN-0003787,EMP-1912,2026-06-24,Termination,Compensation,,,,,,,,,Voluntary
TXN-0003788,EMP-1913,2024-10-02,Hire,New Hire,,Sales,,Sales Development,,IC1,,64000.0,
TXN-0003789,EMP-1913,2025-12-16,Promotion,Merit Promotion,Sales,Sales,Sales Development,Sales Development,IC1,IC2,64000.0,100000.0,
TXN-0003790,EMP-1914,2021-07-16,Hire,New Hire,,Legal,,Corporate Legal,,IC2,,99000.0,
TXN-0003791,EMP-1914,2026-01-18,Transfer,Internal Transfer,Legal,Engineering,Corporate Legal,Software Engineering,IC2,IC2,99000.0,99000.0,
TXN-0003792,EMP-1915,2021-12-20,Hire,New Hire,,Sales,,Revenue Operations,,IC3,,108000.0,
TXN-0003793,EMP-1915,2025-09-19,Compensation Change,Merit Increase,Sales,Sales,Revenue Operations,Revenue Operations,IC3,IC3,108000.0,117000.0,
TXN-0003794,EMP-1916,2022-07-02,Hire,New Hire,,Sales,,Enterprise Sales,,IC1,,61000.0,
TXN-0003795,EMP-1916,2025-11-27,Promotion,Merit Promotion,Sales,Sales,Enterprise Sales,Enterprise Sales,IC1,IC2,61000.0,103000.0,
TXN-0003796,EMP-1916,2026-04-11,Transfer,Internal Transfer,Sales,Engineering,Enterprise Sales,Infrastructure / DevOps,IC2,IC2,103000.0,103000.0,
TXN-0003797,EMP-1917,2018-11-11,Hire,New Hire,,Finance,,Treasury,,IC2,,80000.0,
TXN-0003798,EMP-1917,2021-03-25,Compensation Change,Market Adjustment,Finance,Finance,Treasury,Treasury,IC2,IC2,80000.0,88000.0,
TXN-0003799,EMP-1917,2026-06-17,Termination,Performance,,,,,,,,,Involuntary
TXN-0003800,EMP-1918,2024-09-24,Hire,New Hire,,Marketing,,Product Marketing,,IC3,,108000.0,
TXN-0003801,EMP-1919,2024-06-19,Hire,New Hire,,Product,,UX / Design,,IC1,,63000.0,
TXN-0003802,EMP-1919,2025-04-16,Promotion,Merit Promotion,Product,Product,UX / Design,UX / Design,IC1,IC2,63000.0,81000.0,
TXN-0003803,EMP-1920,2020-05-23,Hire,New Hire,,Product,,UX / Design,,IC3,,131000.0,
TXN-0003804,EMP-1920,2024-05-20,Transfer,Internal Transfer,Product,Legal,UX / Design,Privacy & Data,IC3,IC3,131000.0,131000.0,
TXN-0003805,EMP-1920,2025-08-02,Termination,Compensation,,,,,,,,,Voluntary
TXN-0003806,EMP-1921,2020-01-13,Hire,New Hire,,Engineering,,Security Engineering,,M1,,158000.0,
TXN-0003807,EMP-1921,2024-06-20,Compensation Change,Merit Increase,Engineering,Engineering,Security Engineering,Security Engineering,M1,M1,158000.0,175000.0,
TXN-0003808,EMP-1921,2025-10-02,Transfer,Internal Transfer,Engineering,Legal,Security Engineering,Corporate Legal,M1,M1,175000.0,175000.0,
TXN-0003809,EMP-1921,2026-02-19,Termination,Compensation,,,,,,,,,Voluntary
TXN-0003810,EMP-1922,2018-09-17,Hire,New Hire,,Marketing,,Marketing Operations,,IC3,,107000.0,
TXN-0003811,EMP-1922,2021-05-16,Compensation Change,Merit Increase,Marketing,Marketing,Marketing Operations,Marketing Operations,IC3,IC3,107000.0,116000.0,
TXN-0003812,EMP-1923,2020-01-16,Hire,New Hire,,Engineering,,QA Engineering,,IC3,,116000.0,
TXN-0003813,EMP-1923,2021-08-23,Promotion,Merit Promotion,Engineering,Engineering,QA Engineering,QA Engineering,IC3,IC4,116000.0,155000.0,
TXN-0003814,EMP-1924,2021-03-11,Hire,New Hire,,HR,,Total Rewards,,IC3,,123000.0,
TXN-0003815,EMP-1924,2025-11-05,Promotion,Merit Promotion,HR,HR,Total Rewards,Total Rewards,IC3,IC4,123000.0,136000.0,
TXN-0003816,EMP-1924,2026-05-03,Compensation Change,Market Adjustment,HR,HR,Total Rewards,Total Rewards,IC4,IC4,136000.0,148000.0,
TXN-0003817,EMP-1925,2018-07-18,Hire,New Hire,,Sales,,Enterprise Sales,,IC1,,67000.0,
TXN-0003818,EMP-1926,2022-09-26,Hire,New Hire,,Sales,,Account Management,,IC3,,121000.0,
TXN-0003819,EMP-1926,2025-12-09,Compensation Change,Market Adjustment,Sales,Sales,Account Management,Account Management,IC3,IC3,121000.0,127000.0,
TXN-0003820,EMP-1927,2024-01-26,Hire,New Hire,,Finance,,Financial Planning & Analysis,,M1,,154000.0,
TXN-0003821,EMP-1927,2024-10-23,Compensation Change,Market Adjustment,Finance,Finance,Financial Planning & Analysis,Financial Planning & Analysis,M1,M1,154000.0,166000.0,
TXN-0003822,EMP-1928,2021-12-14,Hire,New Hire,,Sales,,Account Management,,IC5,,189000.0,
TXN-0003823,EMP-1929,2023-08-17,Hire,New Hire,,Product,,Product Management,,IC2,,90000.0,
TXN-0003824,EMP-1929,2025-05-16,Compensation Change,Market Adjustment,Product,Product,Product Management,Product Management,IC2,IC2,90000.0,98000.0,
TXN-0003825,EMP-1930,2018-06-16,Hire,New Hire,,Engineering,,Security Engineering,,M1,,139000.0,
TXN-0003826,EMP-1930,2025-11-30,Compensation Change,Market Adjustment,Engineering,Engineering,Security Engineering,Security Engineering,M1,M1,139000.0,151000.0,
TXN-0003827,EMP-1931,2025-04-18,Hire,New Hire,,Engineering,,Security Engineering,,IC5,,192000.0,
TXN-0003828,EMP-1931,2025-10-12,Transfer,Internal Transfer,Engineering,Finance,Security Engineering,Internal Audit,IC5,IC5,192000.0,192000.0,
TXN-0003829,EMP-1932,2021-11-15,Hire,New Hire,,Engineering,,Data Engineering,,IC3,,106000.0,
TXN-0003830,EMP-1933,2022-06-30,Hire,New Hire,,Product,,Product Management,,IC1,,69000.0,
TXN-0003831,EMP-1934,2019-07-06,Hire,New Hire,,Engineering,,Security Engineering,,IC2,,83000.0,
TXN-0003832,EMP-1934,2023-12-06,Promotion,Merit Promotion,Engineering,Engineering,Security Engineering,Security Engineering,IC2,IC3,83000.0,127000.0,
TXN-0003833,EMP-1935,2018-02-02,Hire,New Hire,,Sales,,Sales Development,,IC1,,66000.0,
TXN-0003834,EMP-1935,2024-11-02,Compensation Change,Market Adjustment,Sales,Sales,Sales Development,Sales Development,IC1,IC1,66000.0,74000.0,
TXN-0003835,EMP-1935,2026-04-10,Compensation Change,Market Adjustment,Sales,Sales,Sales Development,Sales Development,IC1,IC1,74000.0,77000.0,
TXN-0003836,EMP-1936,2023-08-01,Hire,New Hire,,Marketing,,Product Marketing,,VP,,362000.0,
TXN-0003837,EMP-1936,2026-06-14,Compensation Change,Merit Increase,Marketing,Marketing,Product Marketing,Product Marketing,VP,VP,362000.0,380000.0,
TXN-0003838,EMP-1937,2021-01-25,Hire,New Hire,,Sales,,Sales Development,,M3,,238000.0,
TXN-0003839,EMP-1937,2021-02-25,Transfer,Internal Transfer,Sales,Legal,Sales Development,Compliance,M3,M3,238000.0,238000.0,
TXN-0003840,EMP-1937,2026-02-28,Compensation Change,Market Adjustment,Legal,Legal,Compliance,Compliance,M3,M3,238000.0,249000.0,
TXN-0003841,EMP-1938,2018-08-20,Hire,New Hire,,Engineering,,QA Engineering,,IC1,,75000.0,
TXN-0003842,EMP-1939,2018-12-26,Hire,New Hire,,Marketing,,Content Marketing,,M3,,229000.0,
TXN-0003843,EMP-1940,2024-12-29,Hire,New Hire,,Engineering,,Data Engineering,,IC1,,66000.0,
TXN-0003844,EMP-1940,2025-02-03,Compensation Change,Market Adjustment,Engineering,Engineering,Data Engineering,Data Engineering,IC1,IC1,66000.0,73000.0,
TXN-0003845,EMP-1941,2026-05-07,Hire,New Hire,,Product,,Product Management,,IC2,,98000.0,
TXN-0003846,EMP-1942,2021-02-25,Hire,New Hire,,Sales,,Account Management,,IC5,,188000.0,
TXN-0003847,EMP-1943,2020-03-17,Hire,New Hire,,Sales,,Revenue Operations,,IC5,,191000.0,
TXN-0003848,EMP-1943,2020-10-17,Compensation Change,Merit Increase,Sales,Sales,Revenue Operations,Revenue Operations,IC5,IC5,191000.0,198000.0,
TXN-0003849,EMP-1943,2025-08-31,Compensation Change,Merit Increase,Sales,Sales,Revenue Operations,Revenue Operations,IC5,IC5,198000.0,207000.0,
TXN-0003850,EMP-1944,2024-12-25,Hire,New Hire,,Engineering,,Infrastructure / DevOps,,Director,,272000.0,
TXN-0003851,EMP-1944,2025-03-08,Compensation Change,Merit Increase,Engineering,Engineering,Infrastructure / DevOps,Infrastructure / DevOps,Director,Director,272000.0,294000.0,
TXN-0003852,EMP-1945,2019-10-29,Hire,New Hire,,Product,,UX / Design,,IC4,,144000.0,
TXN-0003853,EMP-1945,2022-05-05,Compensation Change,Market Adjustment,Product,Product,UX / Design,UX / Design,IC4,IC4,144000.0,153000.0,
TXN-0003854,EMP-1946,2021-03-02,Hire,New Hire,,Engineering,,QA Engineering,,IC3,,131000.0,
TXN-0003855,EMP-1946,2024-03-27,Promotion,Merit Promotion,Engineering,Engineering,QA Engineering,QA Engineering,IC3,IC4,131000.0,154000.0,
TXN-0003856,EMP-1947,2025-01-10,Hire,New Hire,,Sales,,Sales Development,,VP,,311000.0,
TXN-0003857,EMP-1947,2026-05-15,Termination,Compensation,,,,,,,,,Voluntary
TXN-0003858,EMP-1948,2025-08-15,Hire,New Hire,,Product,,Product Operations,,IC2,,99000.0,
TXN-0003859,EMP-1949,2024-03-19,Hire,New Hire,,Product,,Product Operations,,M1,,148000.0,
TXN-0003860,EMP-1950,2022-11-18,Hire,New Hire,,Finance,,Treasury,,M2,,197000.0,
TXN-0003861,EMP-1950,2024-08-21,Transfer,Internal Transfer,Finance,Legal,Treasury,Privacy & Data,M2,M2,197000.0,197000.0,
TXN-0003862,EMP-1950,2025-01-30,Compensation Change,Merit Increase,Legal,Legal,Privacy & Data,Privacy & Data,M2,M2,197000.0,211000.0,
TXN-0003863,EMP-1950,2026-05-06,Termination,Reorganization,,,,,,,,,Involuntary
TXN-0003864,EMP-1951,2024-03-25,Hire,New Hire,,Engineering,,QA Engineering,,IC2,,95000.0,
TXN-0003865,EMP-1951,2024-07-30,Compensation Change,Market Adjustment,Engineering,Engineering,QA Engineering,QA Engineering,IC2,IC2,95000.0,98000.0,
TXN-0003866,EMP-1952,2018-12-03,Hire,New Hire,,Engineering,,QA Engineering,,IC4,,155000.0,
TXN-0003867,EMP-1953,2021-02-10,Hire,New Hire,,Product,,UX / Design,,IC4,,144000.0,
TXN-0003868,EMP-1954,2021-07-01,Hire,New Hire,,Engineering,,QA Engineering,,IC3,,133000.0,
TXN-0003869,EMP-1954,2026-02-15,Promotion,Merit Promotion,Engineering,Engineering,QA Engineering,QA Engineering,IC3,IC4,133000.0,156000.0,
TXN-0003870,EMP-1955,2020-09-22,Hire,New Hire,,Marketing,,Brand,,IC4,,155000.0,
TXN-0003871,EMP-1955,2021-02-15,Promotion,Merit Promotion,Marketing,Marketing,Brand,Brand,IC4,IC5,155000.0,186000.0,
TXN-0003872,EMP-1956,2025-02-06,Hire,New Hire,,Product,,UX / Design,,IC2,,86000.0,
TXN-0003873,EMP-1956,2026-03-01,Transfer,Internal Transfer,Product,Marketing,UX / Design,Product Marketing,IC2,IC2,86000.0,86000.0,
TXN-0003874,EMP-1957,2023-11-15,Hire,New Hire,,Finance,,Internal Audit,,IC1,,62000.0,
TXN-0003875,EMP-1957,2026-03-22,Compensation Change,Merit Increase,Finance,Finance,Internal Audit,Internal Audit,IC1,IC1,62000.0,65000.0,
TXN-0003876,EMP-1958,2020-11-11,Hire,New Hire,,Engineering,,Data Engineering,,IC3,,119000.0,
TXN-0003877,EMP-1958,2024-03-19,Compensation Change,Merit Increase,Engineering,Engineering,Data Engineering,Data Engineering,IC3,IC3,119000.0,133000.0,
TXN-0003878,EMP-1958,2024-11-23,Promotion,Merit Promotion,Engineering,Engineering,Data Engineering,Data Engineering,IC3,IC4,133000.0,139000.0,
TXN-0003879,EMP-1959,2024-10-02,Hire,New Hire,,Marketing,,Brand,,IC3,,113000.0,
TXN-0003880,EMP-1959,2025-03-01,Compensation Change,Merit Increase,Marketing,Marketing,Brand,Brand,IC3,IC3,113000.0,124000.0,
TXN-0003881,EMP-1960,2024-03-25,Hire,New Hire,,Engineering,,Security Engineering,,IC5,,171000.0,
TXN-0003882,EMP-1960,2024-12-06,Transfer,Internal Transfer,Engineering,Finance,Security Engineering,Tax,IC5,IC5,171000.0,171000.0,
TXN-0003883,EMP-1960,2026-04-10,Termination,Compensation,,,,,,,,,Voluntary
TXN-0003884,EMP-1961,2019-07-25,Hire,New Hire,,Sales,,Sales Development,,IC2,,101000.0,
TXN-0003885,EMP-1962,2024-01-16,Hire,New Hire,,Engineering,,Data Engineering,,IC1,,62000.0,
TXN-0003886,EMP-1962,2025-08-18,Promotion,Merit Promotion,Engineering,Engineering,Data Engineering,Data Engineering,IC1,IC2,62000.0,94000.0,
TXN-0003887,EMP-1963,2022-12-09,Hire,New Hire,,HR,,HR Business Partnering,,IC1,,69000.0,
TXN-0003888,EMP-1963,2024-09-12,Compensation Change,Market Adjustment,HR,HR,HR Business Partnering,HR Business Partnering,IC1,IC1,69000.0,73000.0,
TXN-0003889,EMP-1963,2026-05-18,Promotion,Merit Promotion,HR,HR,HR Business Partnering,HR Business Partnering,IC1,IC2,73000.0,99000.0,
TXN-0003890,EMP-1964,2022-07-01,Hire,New Hire,,Product,,Product Operations,,IC2,,104000.0,
TXN-0003891,EMP-1965,2020-10-30,Hire,New Hire,,HR,,Total Rewards,,IC4,,140000.0,
TXN-0003892,EMP-1965,2024-01-24,Promotion,Merit Promotion,HR,HR,Total Rewards,Total Rewards,IC4,IC5,140000.0,194000.0,
TXN-0003893,EMP-1965,2025-12-27,Transfer,Internal Transfer,HR,Finance,Total Rewards,Tax,IC5,IC5,194000.0,194000.0,
TXN-0003894,EMP-1966,2020-01-13,Hire,New Hire,,Product,,Product Management,,IC3,,106000.0,
TXN-0003895,EMP-1967,2018-03-19,Hire,New Hire,,Finance,,Tax,,IC3,,122000.0,
TXN-0003896,EMP-1967,2024-03-23,Promotion,Merit Promotion,Finance,Finance,Tax,Tax,IC3,IC4,122000.0,152000.0,
TXN-0003897,EMP-1968,2024-07-01,Hire,New Hire,,Engineering,,QA Engineering,,M1,,162000.0,
TXN-0003898,EMP-1968,2026-03-09,Compensation Change,Merit Increase,Engineering,Engineering,QA Engineering,QA Engineering,M1,M1,162000.0,169000.0,
TXN-0003899,EMP-1969,2020-03-19,Hire,New Hire,,Sales,,Account Management,,IC2,,85000.0,
TXN-0003900,EMP-1970,2023-06-26,Hire,New Hire,,Product,,UX / Design,,IC2,,92000.0,
TXN-0003901,EMP-1971,2022-10-08,Hire,New Hire,,Marketing,,Demand Generation,,IC2,,85000.0,
TXN-0003902,EMP-1971,2026-02-16,Transfer,Internal Transfer,Marketing,Finance,Demand Generation,Financial Planning & Analysis,IC2,IC2,85000.0,85000.0,
TXN-0003903,EMP-1972,2021-05-04,Hire,New Hire,,Engineering,,Data Engineering,,M3,,217000.0,
TXN-0003904,EMP-1972,2025-03-25,Compensation Change,Merit Increase,Engineering,Engineering,Data Engineering,Data Engineering,M3,M3,217000.0,240000.0,
TXN-0003905,EMP-1973,2018-04-23,Hire,New Hire,,Engineering,,Software Engineering,,IC5,,163000.0,
TXN-0003906,EMP-1973,2018-05-23,Transfer,Internal Transfer,Engineering,Product,Software Engineering,Product Operations,IC5,IC5,163000.0,163000.0,
TXN-0003907,EMP-1974,2023-08-08,Hire,New Hire,,Sales,,Customer Success,,IC1,,63000.0,
TXN-0003908,EMP-1975,2023-11-19,Hire,New Hire,,Sales,,Revenue Operations,,M1,,133000.0,
TXN-0003909,EMP-1976,2024-10-16,Hire,New Hire,,Engineering,,Software Engineering,,IC2,,88000.0,
TXN-0003910,EMP-1976,2025-10-31,Compensation Change,Merit Increase,Engineering,Engineering,Software Engineering,Software Engineering,IC2,IC2,88000.0,94000.0,
TXN-0003911,EMP-1976,2026-03-07,Transfer,Internal Transfer,Engineering,Marketing,Software Engineering,Product Marketing,IC2,IC2,94000.0,94000.0,
TXN-0003912,EMP-1977,2023-01-26,Hire,New Hire,,Sales,,Sales Development,,IC5,,194000.0,
TXN-0003913,EMP-1978,2020-01-13,Hire,New Hire,,Product,,UX / Design,,M2,,176000.0,
TXN-0003914,EMP-1978,2026-06-17,Transfer,Internal Transfer,Product,Sales,UX / Design,Enterprise Sales,M2,M2,176000.0,176000.0,
TXN-0003915,EMP-1979,2023-04-05,Hire,New Hire,,Engineering,,Software Engineering,,IC1,,73000.0,
TXN-0003916,EMP-1979,2024-06-08,Promotion,Merit Promotion,Engineering,Engineering,Software Engineering,Software Engineering,IC1,IC2,73000.0,102000.0,
TXN-0003917,EMP-1980,2019-05-01,Hire,New Hire,,Engineering,,Software Engineering,,IC2,,97000.0,
TXN-0003918,EMP-1980,2025-01-03,Promotion,Merit Promotion,Engineering,Engineering,Software Engineering,Software Engineering,IC2,IC3,97000.0,129000.0,
TXN-0003919,EMP-1981,2022-08-22,Hire,New Hire,,HR,,Talent Acquisition,,IC1,,76000.0,
TXN-0003920,EMP-1981,2025-09-22,Compensation Change,Market Adjustment,HR,HR,Talent Acquisition,Talent Acquisition,IC1,IC1,76000.0,83000.0,
TXN-0003921,EMP-1982,2018-05-24,Hire,New Hire,,Engineering,,Infrastructure / DevOps,,IC1,,67000.0,
TXN-0003922,EMP-1982,2023-11-05,Compensation Change,Market Adjustment,Engineering,Engineering,Infrastructure / DevOps,Infrastructure / DevOps,IC1,IC1,67000.0,74000.0,
TXN-0003923,EMP-1983,2025-10-25,Hire,New Hire,,Sales,,Sales Development,,IC3,,135000.0,
TXN-0003924,EMP-1984,2023-07-01,Hire,New Hire,,Sales,,Revenue Operations,,IC4,,156000.0,
TXN-0003925,EMP-1984,2025-10-14,Compensation Change,Market Adjustment,Sales,Sales,Revenue Operations,Revenue Operations,IC4,IC4,156000.0,172000.0,
TXN-0003926,EMP-1985,2025-05-10,Hire,New Hire,,HR,,People Operations,,IC1,,68000.0,
TXN-0003927,EMP-1985,2025-07-19,Transfer,Internal Transfer,HR,Legal,People Operations,Employment Law,IC1,IC1,68000.0,68000.0,
TXN-0003928,EMP-1986,2020-11-01,Hire,New Hire,,Product,,UX / Design,,IC5,,183000.0,
TXN-0003929,EMP-1986,2023-05-26,Transfer,Internal Transfer,Product,Marketing,UX / Design,Demand Generation,IC5,IC5,183000.0,183000.0,
TXN-0003930,EMP-1987,2026-05-22,Hire,New Hire,,Engineering,,Infrastructure / DevOps,,IC2,,95000.0,
TXN-0003931,EMP-1988,2018-04-21,Hire,New Hire,,HR,,HR Business Partnering,,IC2,,91000.0,
TXN-0003932,EMP-1989,2023-11-21,Hire,New Hire,,Product,,Product Management,,IC2,,89000.0,
TXN-0003933,EMP-1989,2025-08-06,Promotion,Merit Promotion,Product,Product,Product Management,Product Management,IC2,IC3,89000.0,127000.0,
TXN-0003934,EMP-1989,2025-11-05,Promotion,Merit Promotion,Product,Product,Product Management,Product Management,IC3,IC4,127000.0,150000.0,
TXN-0003935,EMP-1990,2026-04-21,Hire,New Hire,,Legal,,Corporate Legal,,M1,,154000.0,
TXN-0003936,EMP-1991,2018-08-15,Hire,New Hire,,Sales,,Enterprise Sales,,IC1,,62000.0,
TXN-0003937,EMP-1991,2021-08-03,Compensation Change,Merit Increase,Sales,Sales,Enterprise Sales,Enterprise Sales,IC1,IC1,62000.0,66000.0,
TXN-0003938,EMP-1991,2026-03-02,Compensation Change,Market Adjustment,Sales,Sales,Enterprise Sales,Enterprise Sales,IC1,IC1,66000.0,69000.0,
TXN-0003939,EMP-1992,2023-12-24,Hire,New Hire,,HR,,People Operations,,IC3,,124000.0,
TXN-0003940,EMP-1992,2024-11-05,Compensation Change,Market Adjustment,HR,HR,People Operations,People Operations,IC3,IC3,124000.0,131000.0,
TXN-0003941,EMP-1993,2026-05-12,Hire,New Hire,,Marketing,,Demand Generation,,IC2,,86000.0,
TXN-0003942,EMP-1994,2024-05-25,Hire,New Hire,,Legal,,Privacy & Data,,M1,,139000.0,
TXN-0003943,EMP-1994,2026-02-03,Compensation Change,Merit Increase,Legal,Legal,Privacy & Data,Privacy & Data,M1,M1,139000.0,153000.0,
TXN-0003944,EMP-1994,2026-06-25,Compensation Change,Market Adjustment,Legal,Legal,Privacy & Data,Privacy & Data,M1,M1,153000.0,160000.0,
TXN-0003945,EMP-1995,2023-06-02,Hire,New Hire,,Engineering,,Infrastructure / DevOps,,IC5,,164000.0,
TXN-0003946,EMP-1995,2024-12-20,Compensation Change,Market Adjustment,Engineering,Engineering,Infrastructure / DevOps,Infrastructure / DevOps,IC5,IC5,164000.0,176000.0,
TXN-0003947,EMP-1995,2025-08-14,Transfer,Internal Transfer,Engineering,Product,Infrastructure / DevOps,Product Management,IC5,IC5,176000.0,176000.0,
TXN-0003948,EMP-1996,2020-05-30,Hire,New Hire,,Product,,UX / Design,,IC2,,91000.0,
TXN-0003949,EMP-1996,2022-11-07,Compensation Change,Market Adjustment,Product,Product,UX / Design,UX / Design,IC2,IC2,91000.0,94000.0,
TXN-0003950,EMP-1997,2025-03-11,Hire,New Hire,,Sales,,Sales Development,,IC3,,117000.0,
TXN-0003951,EMP-1997,2025-12-06,Transfer,Internal Transfer,Sales,Finance,Sales Development,Financial Planning & Analysis,IC3,IC3,117000.0,117000.0,
TXN-0003952,EMP-1997,2026-06-16,Compensation Change,Merit Increase,Finance,Finance,Financial Planning & Analysis,Financial Planning & Analysis,IC3,IC3,117000.0,128000.0,
TXN-0003953,EMP-1998,2024-09-22,Hire,New Hire,,Sales,,Sales Development,,IC4,,141000.0,
TXN-0003954,EMP-1998,2025-03-01,Promotion,Merit Promotion,Sales,Sales,Sales Development,Sales Development,IC4,IC5,141000.0,176000.0,
TXN-0003955,EMP-1999,2025-03-25,Hire,New Hire,,Legal,,Compliance,,IC2,,104000.0,
TXN-0003956,EMP-1999,2026-01-04,Transfer,Internal Transfer,Legal,Finance,Compliance,Treasury,IC2,IC2,104000.0,104000.0,
TXN-0003957,EMP-1999,2026-06-12,Compensation Change,Merit Increase,Finance,Finance,Treasury,Treasury,IC2,IC2,104000.0,107000.0,
TXN-0003958,EMP-2000,2025-01-16,Hire,New Hire,,Sales,,Revenue Operations,,IC2,,101000.0,
TXN-0003959,EMP-2001,2023-02-07,Hire,New Hire,,Engineering,,Infrastructure / DevOps,,IC1,,64000.0,
TXN-0003960,EMP-2001,2026-01-21,Compensation Change,Merit Increase,Engineering,Engineering,Infrastructure / DevOps,Infrastructure / DevOps,IC1,IC1,64000.0,71000.0,
TXN-0003961,EMP-2002,2021-12-09,Hire,New Hire,,Product,,UX / Design,,IC4,,140000.0,
TXN-0003962,EMP-2002,2023-08-27,Compensation Change,Market Adjustment,Product,Product,UX / Design,UX / Design,IC4,IC4,140000.0,152000.0,
TXN-0003963,EMP-2003,2018-08-25,Hire,New Hire,,Sales,,Customer Success,,IC2,,80000.0,
TXN-0003964,EMP-2003,2026-03-02,Compensation Change,Market Adjustment,Sales,Sales,Customer Success,Customer Success,IC2,IC2,80000.0,88000.0,
TXN-0003965,EMP-2004,2018-12-05,Hire,New Hire,,Product,,UX / Design,,IC2,,92000.0,
TXN-0003966,EMP-2005,2020-12-30,Hire,New Hire,,Sales,,Account Management,,IC1,,71000.0,
TXN-0003967,EMP-2005,2021-03-19,Promotion,Merit Promotion,Sales,Sales,Account Management,Account Management,IC1,IC2,71000.0,85000.0,
TXN-0003968,EMP-2006,2023-03-04,Hire,New Hire,,Engineering,,QA Engineering,,M3,,217000.0,
TXN-0003969,EMP-2006,2023-07-22,Compensation Change,Merit Increase,Engineering,Engineering,QA Engineering,QA Engineering,M3,M3,217000.0,231000.0,
TXN-0003970,EMP-2007,2025-04-12,Hire,New Hire,,Product,,Product Management,,M1,,161000.0,
TXN-0003971,EMP-2007,2025-09-01,Compensation Change,Merit Increase,Product,Product,Product Management,Product Management,M1,M1,161000.0,175000.0,
TXN-0003972,EMP-2008,2022-01-07,Hire,New Hire,,HR,,People Operations,,M2,,177000.0,
TXN-0003973,EMP-2008,2025-06-04,Compensation Change,Merit Increase,HR,HR,People Operations,People Operations,M2,M2,177000.0,188000.0,
TXN-0003974,EMP-2009,2025-08-28,Hire,New Hire,,Legal,,Privacy & Data,,IC4,,140000.0,
TXN-0003975,EMP-2009,2026-03-28,Promotion,Merit Promotion,Legal,Legal,Privacy & Data,Privacy & Data,IC4,IC5,140000.0,180000.0,
TXN-0003976,EMP-2010,2018-01-18,Hire,New Hire,,Engineering,,Software Engineering,,IC3,,114000.0,
TXN-0003977,EMP-2010,2025-11-24,Compensation Change,Merit Increase,Engineering,Engineering,Software Engineering,Software Engineering,IC3,IC3,114000.0,127000.0,
TXN-0003978,EMP-2011,2018-08-16,Hire,New Hire,,Engineering,,QA Engineering,,IC3,,121000.0,
TXN-0003979,EMP-2011,2019-05-02,Compensation Change,Market Adjustment,Engineering,Engineering,QA Engineering,QA Engineering,IC3,IC3,121000.0,128000.0,
TXN-0003980,EMP-2011,2024-06-10,Promotion,Merit Promotion,Engineering,Engineering,QA Engineering,QA Engineering,IC3,IC4,128000.0,148000.0,
TXN-0003981,EMP-2012,2023-06-12,Hire,New Hire,,Product,,Product Operations,,Director,,247000.0,
TXN-0003982,EMP-2013,2021-09-11,Hire,New Hire,,Engineering,,QA Engineering,,M3,,209000.0,
TXN-0003983,EMP-2013,2025-07-31,Termination,Compensation,,,,,,,,,Voluntary
TXN-0003984,EMP-2014,2019-07-20,Hire,New Hire,,Finance,,Treasury,,IC4,,158000.0,
TXN-0003985,EMP-2015,2022-01-24,Hire,New Hire,,Finance,,Tax,,IC5,,183000.0,
TXN-0003986,EMP-2015,2022-08-04,Transfer,Internal Transfer,Finance,Product,Tax,Product Operations,IC5,IC5,183000.0,183000.0,
TXN-0003987,EMP-2015,2025-07-20,Termination,Personal Reasons,,,,,,,,,Voluntary
TXN-0003988,EMP-2016,2026-03-01,Hire,New Hire,,Legal,,Compliance,,IC2,,101000.0,
TXN-0003989,EMP-2016,2026-05-13,Promotion,Merit Promotion,Legal,Legal,Compliance,Compliance,IC2,IC3,101000.0,126000.0,
TXN-0003990,EMP-2017,2024-03-20,Hire,New Hire,,Sales,,Enterprise Sales,,IC2,,95000.0,
TXN-0003991,EMP-2018,2025-05-04,Hire,New Hire,,Sales,,Enterprise Sales,,IC1,,66000.0,
TXN-0003992,EMP-2019,2022-08-19,Hire,New Hire,,Product,,Product Operations,,IC2,,103000.0,
TXN-0003993,EMP-2019,2023-11-22,Transfer,Internal Transfer,Product,HR,Product Operations,Learning & Development,IC2,IC2,103000.0,103000.0,
TXN-0003994,EMP-2020,2023-09-11,Hire,New Hire,,Product,,Product Operations,,IC5,,165000.0,
TXN-0003995,EMP-2020,2026-02-13,Transfer,Internal Transfer,Product,Finance,Product Operations,Treasury,IC5,IC5,165000.0,165000.0,
TXN-0003996,EMP-2021,2020-01-07,Hire,New Hire,,Engineering,,QA Engineering,,IC3,,114000.0,
TXN-0003997,EMP-2022,2024-07-31,Hire,New Hire,,Engineering,,Data Engineering,,M1,,147000.0,
TXN-0003998,EMP-2022,2025-08-03,Compensation Change,Market Adjustment,Engineering,Engineering,Data Engineering,Data Engineering,M1,M1,147000.0,159000.0,
TXN-0003999,EMP-2023,2021-06-25,Hire,New Hire,,Engineering,,Infrastructure / DevOps,,IC2,,97000.0,
TXN-0004000,EMP-2023,2022-02-26,Transfer,Internal Transfer,Engineering,Product,Infrastructure / DevOps,Product Management,IC2,IC2,97000.0,97000.0,
TXN-0004001,EMP-2023,2024-02-24,Compensation Change,Market Adjustment,Product,Product,Product Management,Product Management,IC2,IC2,97000.0,106000.0,
TXN-0004002,EMP-2023,2025-02-25,Termination,Career Move,,,,,,,,,Voluntary
TXN-0004003,EMP-2024,2021-11-08,Hire,New Hire,,Finance,,Financial Planning & Analysis,,IC4,,158000.0,
TXN-0004004,EMP-2024,2022-01-19,Transfer,Internal Transfer,Finance,Engineering,Financial Planning & Analysis,Data Engineering,IC4,IC4,158000.0,158000.0,
TXN-0004005,EMP-2025,2023-07-04,Hire,New Hire,,Sales,,Sales Development,,M1,,154000.0,
TXN-0004006,EMP-2026,2019-04-09,Hire,New Hire,,Sales,,Sales Development,,M2,,175000.0,
TXN-0004007,EMP-2027,2022-02-02,Hire,New Hire,,Sales,,Enterprise Sales,,IC3,,122000.0,
TXN-0004008,EMP-2028,2022-11-18,Hire,New Hire,,Engineering,,Data Engineering,,Director,,277000.0,
TXN-0004009,EMP-2029,2025-05-19,Hire,New Hire,,HR,,People Operations,,IC3,,126000.0,
TXN-0004010,EMP-2029,2026-04-27,Transfer,Internal Transfer,HR,Engineering,People Operations,QA Engineering,IC3,IC3,126000.0,126000.0,
TXN-0004011,EMP-2030,2019-01-11,Hire,New Hire,,Sales,,Account Management,,IC1,,70000.0,
TXN-0004012,EMP-2030,2023-04-07,Compensation Change,Market Adjustment,Sales,Sales,Account Management,Account Management,IC1,IC1,70000.0,76000.0,
TXN-0004013,EMP-2031,2019-01-18,Hire,New Hire,,HR,,Learning & Development,,IC2,,91000.0,
TXN-0004014,EMP-2032,2025-08-24,Hire,New Hire,,Product,,Product Management,,IC2,,102000.0,
TXN-0004015,EMP-2032,2026-06-15,Compensation Change,Merit Increase,Product,Product,Product Management,Product Management,IC2,IC2,102000.0,110000.0,
TXN-0004016,EMP-2033,2018-05-17,Hire,New Hire,,Engineering,,QA Engineering,,IC4,,144000.0,
TXN-0004017,EMP-2034,2019-12-11,Hire,New Hire,,Engineering,,Software Engineering,,M2,,171000.0,
TXN-0004018,EMP-2034,2022-09-08,Compensation Change,Market Adjustment,Engineering,Engineering,Software Engineering,Software Engineering,M2,M2,171000.0,191000.0,
TXN-0004019,EMP-2035,2024-08-03,Hire,New Hire,,Sales,,Account Management,,M1,,136000.0,
TXN-0004020,EMP-2035,2025-12-04,Transfer,Internal Transfer,Sales,Legal,Account Management,Corporate Legal,M1,M1,136000.0,136000.0,
TXN-0004021,EMP-2036,2023-12-04,Hire,New Hire,,Sales,,Enterprise Sales,,IC1,,66000.0,
TXN-0004022,EMP-2036,2025-04-10,Transfer,Internal Transfer,Sales,Product,Enterprise Sales,Product Operations,IC1,IC1,66000.0,66000.0,
TXN-0004023,EMP-2037,2019-07-08,Hire,New Hire,,HR,,Talent Acquisition,,IC5,,179000.0,
TXN-0004024,EMP-2038,2022-11-17,Hire,New Hire,,Marketing,,Brand,,IC1,,70000.0,
TXN-0004025,EMP-2038,2024-05-27,Transfer,Internal Transfer,Marketing,Finance,Brand,Accounting,IC1,IC1,70000.0,70000.0,
TXN-0004026,EMP-2038,2024-12-13,Compensation Change,Market Adjustment,Finance,Finance,Accounting,Accounting,IC1,IC1,70000.0,76000.0,
TXN-0004027,EMP-2039,2022-12-17,Hire,New Hire,,Finance,,Internal Audit,,IC2,,100000.0,
TXN-0004028,EMP-2039,2024-09-26,Promotion,Merit Promotion,Finance,Finance,Internal Audit,Internal Audit,IC2,IC3,100000.0,122000.0,
TXN-0004029,EMP-2040,2023-11-27,Hire,New Hire,,Product,,UX / Design,,IC4,,152000.0,
TXN-0004030,EMP-2040,2026-03-18,Compensation Change,Merit Increase,Product,Product,UX / Design,UX / Design,IC4,IC4,152000.0,166000.0,
TXN-0004031,EMP-2040,2026-05-28,Termination,Personal Reasons,,,,,,,,,Voluntary
TXN-0004032,EMP-2041,2022-07-11,Hire,New Hire,,Sales,,Enterprise Sales,,IC4,,151000.0,
TXN-0004033,EMP-2041,2025-11-16,Compensation Change,Market Adjustment,Sales,Sales,Enterprise Sales,Enterprise Sales,IC4,IC4,151000.0,167000.0,
TXN-0004034,EMP-2042,2024-08-10,Hire,New Hire,,Product,,UX / Design,,M1,,144000.0,
TXN-0004035,EMP-2042,2026-03-13,Compensation Change,Merit Increase,Product,Product,UX / Design,UX / Design,M1,M1,144000.0,150000.0,
TXN-0004036,EMP-2042,2026-05-13,Compensation Change,Merit Increase,Product,Product,UX / Design,UX / Design,M1,M1,150000.0,163000.0,
TXN-0004037,EMP-2043,2024-04-13,Hire,New Hire,,Marketing,,Product Marketing,,IC1,,63000.0,
TXN-0004038,EMP-2043,2025-12-05,Compensation Change,Market Adjustment,Marketing,Marketing,Product Marketing,Product Marketing,IC1,IC1,63000.0,65000.0,
TXN-0004039,EMP-2044,2018-09-21,Hire,New Hire,,Sales,,Sales Development,,IC5,,178000.0,
TXN-0004040,EMP-2044,2022-06-20,Transfer,Internal Transfer,Sales,Product,Sales Development,Product Management,IC5,IC5,178000.0,178000.0,
TXN-0004041,EMP-2045,2021-09-04,Hire,New Hire,,Sales,,Customer Success,,IC5,,173000.0,
TXN-0004042,EMP-2045,2023-12-30,Compensation Change,Market Adjustment,Sales,Sales,Customer Success,Customer Success,IC5,IC5,173000.0,189000.0,
TXN-0004043,EMP-2046,2023-03-01,Hire,New Hire,,Finance,,Internal Audit,,IC3,,117000.0,
TXN-0004044,EMP-2047,2022-06-09,Hire,New Hire,,Sales,,Revenue Operations,,IC3,,125000.0,
TXN-0004045,EMP-2048,2020-07-07,Hire,New Hire,,HR,,HR Business Partnering,,M1,,146000.0,
TXN-0004046,EMP-2048,2023-06-01,Compensation Change,Merit Increase,HR,HR,HR Business Partnering,HR Business Partnering,M1,M1,146000.0,153000.0,
TXN-0004047,EMP-2049,2018-12-26,Hire,New Hire,,Finance,,Internal Audit,,IC2,,91000.0,
TXN-0004048,EMP-2050,2018-12-06,Hire,New Hire,,Engineering,,Infrastructure / DevOps,,M3,,204000.0,
TXN-0004049,EMP-2051,2022-03-13,Hire,New Hire,,HR,,Talent Acquisition,,IC1,,65000.0,
TXN-0004050,EMP-2051,2025-10-14,Promotion,Merit Promotion,HR,HR,Talent Acquisition,Talent Acquisition,IC1,IC2,65000.0,85000.0,
TXN-0004051,EMP-2052,2020-02-01,Hire,New Hire,,Sales,,Customer Success,,M3,,220000.0,
TXN-0004052,EMP-2052,2022-04-03,Compensation Change,Merit Increase,Sales,Sales,Customer Success,Customer Success,M3,M3,220000.0,240000.0,
TXN-0004053,EMP-2052,2023-11-25,Compensation Change,Merit Increase,Sales,Sales,Customer Success,Customer Success,M3,M3,240000.0,252000.0,
TXN-0004054,EMP-2052,2024-02-04,Termination,Performance,,,,,,,,,Involuntary
TXN-0004055,EMP-2053,2026-04-06,Hire,New Hire,,Sales,,Revenue Operations,,Director,,223000.0,
TXN-0004056,EMP-2054,2023-02-24,Hire,New Hire,,Engineering,,QA Engineering,,IC1,,72000.0,
TXN-0004057,EMP-2054,2023-05-03,Termination,Reorganization,,,,,,,,,Involuntary
TXN-0004058,EMP-2055,2024-11-29,Hire,New Hire,,HR,,Learning & Development,,VP,,323000.0,
TXN-0004059,EMP-2055,2026-05-28,Compensation Change,Merit Increase,HR,HR,Learning & Development,Learning & Development,VP,VP,323000.0,334000.0,
TXN-0004060,EMP-2055,2026-06-29,Transfer,Internal Transfer,HR,Legal,Learning & Development,Compliance,VP,VP,334000.0,334000.0,
TXN-0004061,EMP-2056,2018-11-11,Hire,New Hire,,Finance,,Financial Planning & Analysis,,IC3,,123000.0,
TXN-0004062,EMP-2056,2025-07-14,Transfer,Internal Transfer,Finance,Product,Financial Planning & Analysis,Product Management,IC3,IC3,123000.0,123000.0,
TXN-0004063,EMP-2056,2026-03-29,Termination,Career Move,,,,,,,,,Voluntary
TXN-0004064,EMP-2057,2018-06-29,Hire,New Hire,,Marketing,,Brand,,IC2,,86000.0,
TXN-0004065,EMP-2058,2022-08-12,Hire,New Hire,,Sales,,Enterprise Sales,,IC4,,145000.0,
TXN-0004066,EMP-2058,2024-09-08,Transfer,Internal Transfer,Sales,Engineering,Enterprise Sales,Security Engineering,IC4,IC4,145000.0,145000.0,
TXN-0004067,EMP-2058,2025-06-21,Transfer,Internal Transfer,Engineering,HR,Security Engineering,Total Rewards,IC4,IC4,145000.0,145000.0,
TXN-0004068,EMP-2059,2019-07-23,Hire,New Hire,,Legal,,Corporate Legal,,IC2,,97000.0,
TXN-0004069,EMP-2060,2019-04-07,Hire,New Hire,,Engineering,,Software Engineering,,M2,,165000.0,
TXN-0004070,EMP-2060,2024-03-29,Transfer,Internal Transfer,Engineering,Sales,Software Engineering,Revenue Operations,M2,M2,165000.0,165000.0,
TXN-0004071,EMP-2060,2025-03-20,Transfer,Internal Transfer,Sales,Engineering,Revenue Operations,Software Engineering,M2,M2,165000.0,165000.0,
TXN-0004072,EMP-2060,2026-01-11,Termination,Personal Reasons,,,,,,,,,Voluntary
TXN-0004073,EMP-2061,2023-02-02,Hire,New Hire,,Engineering,,Infrastructure / DevOps,,IC3,,111000.0,
TXN-0004074,EMP-2062,2025-10-22,Hire,New Hire,,Legal,,Employment Law,,IC5,,161000.0,
TXN-0004075,EMP-2062,2026-02-10,Compensation Change,Market Adjustment,Legal,Legal,Employment Law,Employment Law,IC5,IC5,161000.0,178000.0,
TXN-0004076,EMP-2063,2018-08-18,Hire,New Hire,,Product,,UX / Design,,IC2,,95000.0,
TXN-0004077,EMP-2063,2020-09-09,Termination,Personal Reasons,,,,,,,,,Voluntary
TXN-0004078,EMP-2064,2022-08-16,Hire,New Hire,,Finance,,Internal Audit,,IC3,,129000.0,
TXN-0004079,EMP-2064,2023-07-04,Compensation Change,Merit Increase,Finance,Finance,Internal Audit,Internal Audit,IC3,IC3,129000.0,136000.0,
TXN-0004080,EMP-2065,2021-06-02,Hire,New Hire,,Product,,Product Operations,,IC2,,93000.0,
TXN-0004081,EMP-2066,2022-02-04,Hire,New Hire,,Sales,,Sales Development,,IC2,,86000.0,
TXN-0004082,EMP-2066,2024-03-29,Compensation Change,Merit Increase,Sales,Sales,Sales Development,Sales Development,IC2,IC2,86000.0,90000.0,
TXN-0004083,EMP-2066,2025-11-02,Termination,Performance,,,,,,,,,Involuntary
TXN-0004084,EMP-2067,2022-07-20,Hire,New Hire,,Product,,UX / Design,,IC3,,112000.0,
TXN-0004085,EMP-2068,2026-05-17,Hire,New Hire,,Marketing,,Brand,,IC3,,118000.0,
TXN-0004086,EMP-2069,2019-11-26,Hire,New Hire,,Finance,,Internal Audit,,IC1,,78000.0,
TXN-0004087,EMP-2069,2026-04-28,Compensation Change,Market Adjustment,Finance,Finance,Internal Audit,Internal Audit,IC1,IC1,78000.0,81000.0,
TXN-0004088,EMP-2069,2026-06-21,Transfer,Internal Transfer,Finance,HR,Internal Audit,People Operations,IC1,IC1,81000.0,81000.0,
TXN-0004089,EMP-2070,2021-12-23,Hire,New Hire,,HR,,Learning & Development,,VP,,289000.0,
TXN-0004090,EMP-2070,2022-03-25,Compensation Change,Merit Increase,HR,HR,Learning & Development,Learning & Development,VP,VP,289000.0,299000.0,
TXN-0004091,EMP-2071,2026-02-01,Hire,New Hire,,Sales,,Enterprise Sales,,IC3,,132000.0,
TXN-0004092,EMP-2071,2026-04-03,Compensation Change,Merit Increase,Sales,Sales,Enterprise Sales,Enterprise Sales,IC3,IC3,132000.0,137000.0,
TXN-0004093,EMP-2072,2022-03-20,Hire,New Hire,,Engineering,,QA Engineering,,M1,,153000.0,
TXN-0004094,EMP-2072,2022-07-16,Transfer,Internal Transfer,Engineering,Legal,QA Engineering,Compliance,M1,M1,153000.0,153000.0,
TXN-0004095,EMP-2073,2019-09-04,Hire,New Hire,,Sales,,Enterprise Sales,,M2,,185000.0,
TXN-0004096,EMP-2073,2024-01-16,Compensation Change,Market Adjustment,Sales,Sales,Enterprise Sales,Enterprise Sales,M2,M2,185000.0,191000.0,
TXN-0004097,EMP-2074,2018-02-20,Hire,New Hire,,Sales,,Revenue Operations,,IC2,,93000.0,
TXN-0004098,EMP-2074,2023-04-08,Promotion,Merit Promotion,Sales,Sales,Revenue Operations,Revenue Operations,IC2,IC3,93000.0,125000.0,
TXN-0004099,EMP-2074,2023-06-30,Termination,Reorganization,,,,,,,,,Involuntary
TXN-0004100,EMP-2075,2026-04-18,Hire,New Hire,,Engineering,,Software Engineering,,IC2,,83000.0,
TXN-0004101,EMP-2075,2026-06-25,Termination,Performance,,,,,,,,,Involuntary
TXN-0004102,EMP-2076,2022-11-21,Hire,New Hire,,Sales,,Account Management,,IC3,,123000.0,
TXN-0004103,EMP-2076,2023-05-07,Compensation Change,Merit Increase,Sales,Sales,Account Management,Account Management,IC3,IC3,123000.0,127000.0,
TXN-0004104,EMP-2076,2024-03-10,Transfer,Internal Transfer,Sales,Finance,Account Management,Accounting,IC3,IC3,127000.0,127000.0,
TXN-0004105,EMP-2077,2025-06-30,Hire,New Hire,,Legal,,Privacy & Data,,IC2,,92000.0,
TXN-0004106,EMP-2078,2019-07-04,Hire,New Hire,,Engineering,,Security Engineering,,IC1,,70000.0,
TXN-0004107,EMP-2078,2026-04-25,Compensation Change,Merit Increase,Engineering,Engineering,Security Engineering,Security Engineering,IC1,IC1,70000.0,74000.0,
TXN-0004108,EMP-2079,2023-01-16,Hire,New Hire,,Sales,,Sales Development,,IC2,,96000.0,
TXN-0004109,EMP-2079,2023-10-02,Compensation Change,Merit Increase,Sales,Sales,Sales Development,Sales Development,IC2,IC2,96000.0,106000.0,
TXN-0004110,EMP-2079,2026-04-05,Termination,Performance,,,,,,,,,Involuntary
TXN-0004111,EMP-2080,2020-04-18,Hire,New Hire,,Engineering,,QA Engineering,,M3,,216000.0,
TXN-0004112,EMP-2080,2025-07-13,Compensation Change,Merit Increase,Engineering,Engineering,QA Engineering,QA Engineering,M3,M3,216000.0,237000.0,
TXN-0004113,EMP-2081,2018-07-19,Hire,New Hire,,Finance,,Treasury,,IC3,,116000.0,
TXN-0004114,EMP-2081,2023-04-18,Compensation Change,Merit Increase,Finance,Finance,Treasury,Treasury,IC3,IC3,116000.0,121000.0,
TXN-0004115,EMP-2082,2026-03-13,Hire,New Hire,,Finance,,Financial Planning & Analysis,,IC2,,92000.0,
TXN-0004116,EMP-2083,2020-09-04,Hire,New Hire,,Marketing,,Brand,,IC1,,77000.0,
TXN-0004117,EMP-2084,2020-06-04,Hire,New Hire,,Sales,,Customer Success,,IC2,,86000.0,
TXN-0004118,EMP-2085,2018-05-28,Hire,New Hire,,Engineering,,Software Engineering,,IC2,,95000.0,
TXN-0004119,EMP-2085,2019-11-13,Promotion,Merit Promotion,Engineering,Engineering,Software Engineering,Software Engineering,IC2,IC3,95000.0,129000.0,
TXN-0004120,EMP-2085,2020-12-11,Termination,Compensation,,,,,,,,,Voluntary
TXN-0004121,EMP-2086,2024-06-14,Hire,New Hire,,Sales,,Sales Development,,M1,,137000.0,
TXN-0004122,EMP-2087,2024-03-30,Hire,New Hire,,Sales,,Sales Development,,IC3,,106000.0,
TXN-0004123,EMP-2087,2025-08-30,Transfer,Internal Transfer,Sales,Product,Sales Development,UX / Design,IC3,IC3,106000.0,106000.0,
TXN-0004124,EMP-2088,2025-09-25,Hire,New Hire,,Engineering,,Data Engineering,,IC4,,136000.0,
TXN-0004125,EMP-2088,2026-02-24,Transfer,Internal Transfer,Engineering,Sales,Data Engineering,Sales Development,IC4,IC4,136000.0,136000.0,
TXN-0004126,EMP-2089,2025-06-14,Hire,New Hire,,Marketing,,Marketing Operations,,IC4,,140000.0,
TXN-0004127,EMP-2089,2025-09-17,Promotion,Merit Promotion,Marketing,Marketing,Marketing Operations,Marketing Operations,IC4,IC5,140000.0,168000.0,
TXN-0004128,EMP-2089,2026-05-30,Compensation Change,Market Adjustment,Marketing,Marketing,Marketing Operations,Marketing Operations,IC5,IC5,168000.0,181000.0,
TXN-0004129,EMP-2090,2018-02-03,Hire,New Hire,,HR,,HR Business Partnering,,IC2,,94000.0,
TXN-0004130,EMP-2090,2025-05-25,Compensation Change,Market Adjustment,HR,HR,HR Business Partnering,HR Business Partnering,IC2,IC2,94000.0,99000.0,
TXN-0004131,EMP-2091,2023-07-21,Hire,New Hire,,Sales,,Revenue Operations,,M1,,157000.0,
TXN-0004132,EMP-2091,2025-04-27,Compensation Change,Merit Increase,Sales,Sales,Revenue Operations,Revenue Operations,M1,M1,157000.0,171000.0,
TXN-0004133,EMP-2091,2025-11-22,Compensation Change,Merit Increase,Sales,Sales,Revenue Operations,Revenue Operations,M1,M1,171000.0,190000.0,
TXN-0004134,EMP-2091,2026-03-16,Termination,Career Move,,,,,,,,,Voluntary
TXN-0004135,EMP-2092,2024-08-03,Hire,New Hire,,Finance,,Accounting,,Director,,274000.0,
TXN-0004136,EMP-2093,2022-04-08,Hire,New Hire,,Engineering,,Infrastructure / DevOps,,IC4,,153000.0,
TXN-0004137,EMP-2094,2020-03-18,Hire,New Hire,,Marketing,,Content Marketing,,IC3,,122000.0,
TXN-0004138,EMP-2094,2020-05-06,Compensation Change,Market Adjustment,Marketing,Marketing,Content Marketing,Content Marketing,IC3,IC3,122000.0,132000.0,
TXN-0004139,EMP-2094,2023-06-25,Termination,Compensation,,,,,,,,,Voluntary
TXN-0004140,EMP-2095,2025-03-19,Hire,New Hire,,Finance,,Tax,,IC1,,65000.0,
TXN-0004141,EMP-2096,2026-05-25,Hire,New Hire,,Marketing,,Marketing Operations,,IC5,,177000.0,
TXN-0004142,EMP-2096,2026-06-24,Termination,Compensation,,,,,,,,,Voluntary
TXN-0004143,EMP-2097,2018-10-18,Hire,New Hire,,HR,,Learning & Development,,IC1,,71000.0,
TXN-0004144,EMP-2097,2020-02-25,Promotion,Merit Promotion,HR,HR,Learning & Development,Learning & Development,IC1,IC2,71000.0,84000.0,
TXN-0004145,EMP-2098,2025-01-14,Hire,New Hire,,Engineering,,Infrastructure / DevOps,,IC5,,169000.0,
TXN-0004146,EMP-2099,2025-02-10,Hire,New Hire,,HR,,Talent Acquisition,,IC3,,108000.0,
TXN-0004147,EMP-2100,2018-08-06,Hire,New Hire,,Sales,,Account Management,,M2,,195000.0,
TXN-0004148,EMP-2100,2022-12-27,Compensation Change,Market Adjustment,Sales,Sales,Account Management,Account Management,M2,M2,195000.0,215000.0,
TXN-0004149,EMP-2101,2021-03-08,Hire,New Hire,,HR,,People Operations,,IC3,,135000.0,
TXN-0004150,EMP-2102,2022-05-14,Hire,New Hire,,Sales,,Customer Success,,IC4,,153000.0,
TXN-0004151,EMP-2103,2018-12-08,Hire,New Hire,,Engineering,,Security Engineering,,IC1,,65000.0,
TXN-0004152,EMP-2104,2024-12-31,Hire,New Hire,,Marketing,,Brand,,IC1,,77000.0,
TXN-0004153,EMP-2104,2025-10-12,Termination,Performance,,,,,,,,,Involuntary
TXN-0004154,EMP-2105,2018-07-30,Hire,New Hire,,HR,,People Operations,,M1,,150000.0,
TXN-0004155,EMP-2106,2026-04-12,Hire,New Hire,,Product,,Product Management,,M3,,230000.0,
TXN-0004156,EMP-2106,2026-06-02,Termination,Personal Reasons,,,,,,,,,Voluntary
TXN-0004157,EMP-2107,2023-10-09,Hire,New Hire,,Engineering,,Software Engineering,,IC4,,158000.0,
TXN-0004158,EMP-2107,2026-05-25,Transfer,Internal Transfer,Engineering,Sales,Software Engineering,Sales Development,IC4,IC4,158000.0,158000.0,
TXN-0004159,EMP-2108,2022-05-25,Hire,New Hire,,Sales,,Enterprise Sales,,IC5,,186000.0,
TXN-0004160,EMP-2108,2022-11-08,Transfer,Internal Transfer,Sales,Finance,Enterprise Sales,Tax,IC5,IC5,186000.0,186000.0,
TXN-0004161,EMP-2109,2024-11-14,Hire,New Hire,,Engineering,,Software Engineering,,IC2,,97000.0,
TXN-0004162,EMP-2109,2025-06-13,Compensation Change,Merit Increase,Engineering,Engineering,Software Engineering,Software Engineering,IC2,IC2,97000.0,103000.0,
TXN-0004163,EMP-2110,2024-07-23,Hire,New Hire,,Sales,,Account Management,,M1,,153000.0,
TXN-0004164,EMP-2110,2025-05-25,Transfer,Internal Transfer,Sales,HR,Account Management,Talent Acquisition,M1,M1,153000.0,153000.0,
TXN-0004165,EMP-2110,2025-08-06,Compensation Change,Market Adjustment,HR,HR,Talent Acquisition,Talent Acquisition,M1,M1,153000.0,165000.0,
TXN-0004166,EMP-2111,2022-06-14,Hire,New Hire,,Product,,Product Operations,,IC2,,95000.0,
TXN-0004167,EMP-2111,2023-03-18,Termination,Performance,,,,,,,,,Involuntary
TXN-0004168,EMP-2112,2019-03-19,Hire,New Hire,,Sales,,Revenue Operations,,IC4,,143000.0,
TXN-0004169,EMP-2112,2022-09-27,Transfer,Internal Transfer,Sales,Marketing,Revenue Operations,Marketing Operations,IC4,IC4,143000.0,143000.0,
TXN-0004170,EMP-2113,2022-01-30,Hire,New Hire,,Product,,Product Operations,,IC1,,66000.0,
TXN-0004171,EMP-2113,2025-07-11,Promotion,Merit Promotion,Product,Product,Product Operations,Product Operations,IC1,IC2,66000.0,97000.0,
TXN-0004172,EMP-2113,2026-04-01,Compensation Change,Merit Increase,Product,Product,Product Operations,Product Operations,IC2,IC2,97000.0,103000.0,
TXN-0004173,EMP-2114,2021-07-02,Hire,New Hire,,Sales,,Enterprise Sales,,IC3,,126000.0,
TXN-0004174,EMP-2114,2022-03-21,Termination,Career Move,,,,,,,,,Voluntary
TXN-0004175,EMP-2115,2019-01-25,Hire,New Hire,,Marketing,,Demand Generation,,IC2,,85000.0,
TXN-0004176,EMP-2115,2025-02-17,Compensation Change,Merit Increase,Marketing,Marketing,Demand Generation,Demand Generation,IC2,IC2,85000.0,94000.0,
TXN-0004177,EMP-2116,2024-02-03,Hire,New Hire,,Sales,,Enterprise Sales,,IC4,,158000.0,
TXN-0004178,EMP-2116,2026-03-26,Compensation Change,Market Adjustment,Sales,Sales,Enterprise Sales,Enterprise Sales,IC4,IC4,158000.0,168000.0,
TXN-0004179,EMP-2117,2018-12-01,Hire,New Hire,,Engineering,,Data Engineering,,IC4,,160000.0,
TXN-0004180,EMP-2117,2021-11-01,Promotion,Merit Promotion,Engineering,Engineering,Data Engineering,Data Engineering,IC4,IC5,160000.0,179000.0,
TXN-0004181,EMP-2117,2024-05-22,Compensation Change,Market Adjustment,Engineering,Engineering,Data Engineering,Data Engineering,IC5,IC5,179000.0,197000.0,
TXN-0004182,EMP-2118,2021-06-27,Hire,New Hire,,Engineering,,Data Engineering,,IC4,,150000.0,
TXN-0004183,EMP-2118,2024-11-16,Compensation Change,Market Adjustment,Engineering,Engineering,Data Engineering,Data Engineering,IC4,IC4,150000.0,161000.0,
TXN-0004184,EMP-2119,2023-04-09,Hire,New Hire,,Sales,,Enterprise Sales,,IC3,,107000.0,
TXN-0004185,EMP-2119,2024-02-07,Promotion,Merit Promotion,Sales,Sales,Enterprise Sales,Enterprise Sales,IC3,IC4,107000.0,146000.0,
TXN-0004186,EMP-2120,2021-04-11,Hire,New Hire,,Sales,,Account Management,,IC3,,106000.0,
TXN-0004187,EMP-2120,2021-10-07,Promotion,Merit Promotion,Sales,Sales,Account Management,Account Management,IC3,IC4,106000.0,152000.0,
TXN-0004188,EMP-2121,2024-09-16,Hire,New Hire,,Engineering,,Security Engineering,,IC1,,79000.0,
TXN-0004189,EMP-2122,2022-11-06,Hire,New Hire,,Engineering,,QA Engineering,,IC3,,114000.0,
TXN-0004190,EMP-2122,2024-02-03,Compensation Change,Market Adjustment,Engineering,Engineering,QA Engineering,QA Engineering,IC3,IC3,114000.0,122000.0,
TXN-0004191,EMP-2123,2025-12-16,Hire,New Hire,,Engineering,,Data Engineering,,IC1,,72000.0,
TXN-0004192,EMP-2124,2023-09-26,Hire,New Hire,,Engineering,,Infrastructure / DevOps,,IC3,,111000.0,
TXN-0004193,EMP-2125,2024-02-28,Hire,New Hire,,Product,,Product Operations,,IC2,,91000.0,
TXN-0004194,EMP-2126,2020-08-09,Hire,New Hire,,Sales,,Enterprise Sales,,Director,,274000.0,
TXN-0004195,EMP-2126,2024-10-21,Compensation Change,Merit Increase,Sales,Sales,Enterprise Sales,Enterprise Sales,Director,Director,274000.0,284000.0,
TXN-0004196,EMP-2127,2025-08-24,Hire,New Hire,,Engineering,,Infrastructure / DevOps,,IC1,,72000.0,
TXN-0004197,EMP-2128,2018-08-22,Hire,New Hire,,Sales,,Enterprise Sales,,M1,,130000.0,
TXN-0004198,EMP-2128,2022-12-04,Compensation Change,Market Adjustment,Sales,Sales,Enterprise Sales,Enterprise Sales,M1,M1,130000.0,140000.0,
TXN-0004199,EMP-2129,2025-05-21,Hire,New Hire,,Sales,,Customer Success,,IC4,,150000.0,
TXN-0004200,EMP-2129,2026-03-05,Transfer,Internal Transfer,Sales,Finance,Customer Success,Accounting,IC4,IC4,150000.0,150000.0,
TXN-0004201,EMP-2130,2018-02-17,Hire,New Hire,,Engineering,,QA Engineering,,M1,,162000.0,
TXN-0004202,EMP-2130,2022-03-28,Compensation Change,Market Adjustment,Engineering,Engineering,QA Engineering,QA Engineering,M1,M1,162000.0,169000.0,
TXN-0004203,EMP-2131,2021-10-10,Hire,New Hire,,HR,,Talent Acquisition,,M2,,172000.0,
TXN-0004204,EMP-2131,2023-07-04,Termination,Personal Reasons,,,,,,,,,Voluntary
TXN-0004205,EMP-2132,2020-05-02,Hire,New Hire,,Engineering,,QA Engineering,,IC1,,62000.0,
TXN-0004206,EMP-2132,2025-12-31,Transfer,Internal Transfer,Engineering,Sales,QA Engineering,Sales Development,IC1,IC1,62000.0,62000.0,
TXN-0004207,EMP-2133,2022-10-23,Hire,New Hire,,Engineering,,Data Engineering,,IC1,,68000.0,
TXN-0004208,EMP-2133,2023-04-03,Termination,Personal Reasons,,,,,,,,,Voluntary
TXN-0004209,EMP-2134,2019-08-07,Hire,New Hire,,Engineering,,Data Engineering,,IC1,,65000.0,
TXN-0004210,EMP-2134,2024-11-27,Compensation Change,Merit Increase,Engineering,Engineering,Data Engineering,Data Engineering,IC1,IC1,65000.0,73000.0,
TXN-0004211,EMP-2135,2025-08-10,Hire,New Hire,,Product,,Product Management,,IC1,,64000.0,
TXN-0004212,EMP-2135,2026-06-05,Compensation Change,Merit Increase,Product,Product,Product Management,Product Management,IC1,IC1,64000.0,70000.0,
TXN-0004213,EMP-2136,2021-06-12,Hire,New Hire,,Sales,,Revenue Operations,,IC3,,127000.0,
TXN-0004214,EMP-2136,2021-12-03,Compensation Change,Market Adjustment,Sales,Sales,Revenue Operations,Revenue Operations,IC3,IC3,127000.0,136000.0,
TXN-0004215,EMP-2136,2025-04-06,Transfer,Internal Transfer,Sales,Finance,Revenue Operations,Accounting,IC3,IC3,136000.0,136000.0,
TXN-0004216,EMP-2137,2020-04-23,Hire,New Hire,,Sales,,Sales Development,,M1,,165000.0,
TXN-0004217,EMP-2137,2023-02-03,Compensation Change,Market Adjustment,Sales,Sales,Sales Development,Sales Development,M1,M1,165000.0,176000.0,
TXN-0004218,EMP-2138,2024-07-09,Hire,New Hire,,Engineering,,QA Engineering,,IC2,,97000.0,
TXN-0004219,EMP-2139,2020-09-24,Hire,New Hire,,Sales,,Revenue Operations,,IC2,,87000.0,
TXN-0004220,EMP-2139,2022-04-05,Promotion,Merit Promotion,Sales,Sales,Revenue Operations,Revenue Operations,IC2,IC3,87000.0,110000.0,
TXN-0004221,EMP-2139,2022-10-07,Compensation Change,Merit Increase,Sales,Sales,Revenue Operations,Revenue Operations,IC3,IC3,110000.0,114000.0,
TXN-0004222,EMP-2140,2019-07-06,Hire,New Hire,,HR,,Learning & Development,,IC2,,87000.0,
TXN-0004223,EMP-2140,2021-09-27,Promotion,Merit Promotion,HR,HR,Learning & Development,Learning & Development,IC2,IC3,87000.0,107000.0,
TXN-0004224,EMP-2141,2024-06-08,Hire,New Hire,,Engineering,,Security Engineering,,IC2,,102000.0,
TXN-0004225,EMP-2142,2021-06-29,Hire,New Hire,,Engineering,,Security Engineering,,IC3,,113000.0,
TXN-0004226,EMP-2143,2018-07-04,Hire,New Hire,,Sales,,Account Management,,VP,,309000.0,
TXN-0004227,EMP-2143,2022-05-11,Termination,Compensation,,,,,,,,,Voluntary
TXN-0004228,EMP-2144,2023-02-08,Hire,New Hire,,Engineering,,Infrastructure / DevOps,,IC2,,88000.0,
TXN-0004229,EMP-2145,2025-08-13,Hire,New Hire,,Product,,Product Management,,IC4,,150000.0,
TXN-0004230,EMP-2145,2025-10-25,Transfer,Internal Transfer,Product,Engineering,Product Management,Infrastructure / DevOps,IC4,IC4,150000.0,150000.0,
TXN-0004231,EMP-2146,2024-04-09,Hire,New Hire,,Product,,Product Operations,,M1,,149000.0,
TXN-0004232,EMP-2146,2025-09-08,Compensation Change,Merit Increase,Product,Product,Product Operations,Product Operations,M1,M1,149000.0,166000.0,
TXN-0004233,EMP-2147,2023-05-22,Hire,New Hire,,Finance,,Treasury,,IC4,,151000.0,
TXN-0004234,EMP-2147,2024-09-20,Compensation Change,Merit Increase,Finance,Finance,Treasury,Treasury,IC4,IC4,151000.0,164000.0,
TXN-0004235,EMP-2147,2026-03-22,Termination,Career Move,,,,,,,,,Voluntary
TXN-0004236,EMP-2148,2021-01-31,Hire,New Hire,,HR,,Total Rewards,,M1,,134000.0,
TXN-0004237,EMP-2148,2025-09-12,Compensation Change,Market Adjustment,HR,HR,Total Rewards,Total Rewards,M1,M1,134000.0,146000.0,
TXN-0004238,EMP-2148,2026-02-03,Compensation Change,Merit Increase,HR,HR,Total Rewards,Total Rewards,M1,M1,146000.0,157000.0,
TXN-0004239,EMP-2149,2024-06-28,Hire,New Hire,,Product,,Product Operations,,IC5,,174000.0,
TXN-0004240,EMP-2149,2024-11-14,Transfer,Internal Transfer,Product,Finance,Product Operations,Tax,IC5,IC5,174000.0,174000.0,
TXN-0004241,EMP-2150,2024-05-18,Hire,New Hire,,Sales,,Account Management,,IC1,,75000.0,
TXN-0004242,EMP-2150,2024-07-20,Transfer,Internal Transfer,Sales,HR,Account Management,Total Rewards,IC1,IC1,75000.0,75000.0,
TXN-0004243,EMP-2151,2024-07-18,Hire,New Hire,,Finance,,Accounting,,IC2,,91000.0,
TXN-0004244,EMP-2151,2026-01-27,Transfer,Internal Transfer,Finance,HR,Accounting,People Operations,IC2,IC2,91000.0,91000.0,
TXN-0004245,EMP-2152,2026-04-15,Hire,New Hire,,HR,,People Operations,,IC3,,134000.0,
TXN-0004246,EMP-2153,2020-02-01,Hire,New Hire,,HR,,Talent Acquisition,,IC1,,74000.0,
TXN-0004247,EMP-2154,2021-08-02,Hire,New Hire,,Sales,,Enterprise Sales,,IC1,,66000.0,
TXN-0004248,EMP-2154,2025-08-21,Compensation Change,Market Adjustment,Sales,Sales,Enterprise Sales,Enterprise Sales,IC1,IC1,66000.0,70000.0,
TXN-0004249,EMP-2154,2026-06-04,Compensation Change,Merit Increase,Sales,Sales,Enterprise Sales,Enterprise Sales,IC1,IC1,70000.0,75000.0,
TXN-0004250,EMP-2155,2026-03-09,Hire,New Hire,,Legal,,Employment Law,,IC1,,79000.0,
TXN-0004251,EMP-2156,2025-08-13,Hire,New Hire,,Finance,,Financial Planning & Analysis,,IC3,,133000.0,
TXN-0004252,EMP-2156,2025-10-16,Compensation Change,Market Adjustment,Finance,Finance,Financial Planning & Analysis,Financial Planning & Analysis,IC3,IC3,133000.0,146000.0,
TXN-0004253,EMP-2157,2025-09-19,Hire,New Hire,,Sales,,Revenue Operations,,IC3,,116000.0,
TXN-0004254,EMP-2158,2018-04-05,Hire,New Hire,,Engineering,,QA Engineering,,IC5,,179000.0,
TXN-0004255,EMP-2158,2020-01-05,Compensation Change,Market Adjustment,Engineering,Engineering,QA Engineering,QA Engineering,IC5,IC5,179000.0,186000.0,
TXN-0004256,EMP-2158,2023-06-19,Compensation Change,Merit Increase,Engineering,Engineering,QA Engineering,QA Engineering,IC5,IC5,186000.0,208000.0,
TXN-0004257,EMP-2159,2024-04-24,Hire,New Hire,,Finance,,Internal Audit,,IC3,,117000.0,
TXN-0004258,EMP-2159,2025-09-13,Compensation Change,Merit Increase,Finance,Finance,Internal Audit,Internal Audit,IC3,IC3,117000.0,123000.0,
TXN-0004259,EMP-2160,2018-07-12,Hire,New Hire,,Marketing,,Brand,,M1,,153000.0,
TXN-0004260,EMP-2161,2025-05-24,Hire,New Hire,,Sales,,Revenue Operations,,IC1,,75000.0,
TXN-0004261,EMP-2161,2026-04-26,Compensation Change,Merit Increase,Sales,Sales,Revenue Operations,Revenue Operations,IC1,IC1,75000.0,82000.0,
TXN-0004262,EMP-2161,2026-05-29,Promotion,Merit Promotion,Sales,Sales,Revenue Operations,Revenue Operations,IC1,IC2,82000.0,104000.0,
TXN-0004263,EMP-2162,2019-02-19,Hire,New Hire,,Sales,,Revenue Operations,,IC3,,118000.0,
TXN-0004264,EMP-2162,2022-02-22,Transfer,Internal Transfer,Sales,Marketing,Revenue Operations,Content Marketing,IC3,IC3,118000.0,118000.0,
TXN-0004265,EMP-2162,2025-03-08,Termination,Compensation,,,,,,,,,Voluntary
TXN-0004266,EMP-2163,2020-02-24,Hire,New Hire,,HR,,Talent Acquisition,,IC1,,62000.0,
TXN-0004267,EMP-2164,2022-01-03,Hire,New Hire,,HR,,People Operations,,IC2,,100000.0,
TXN-0004268,EMP-2164,2022-07-17,Compensation Change,Merit Increase,HR,HR,People Operations,People Operations,IC2,IC2,100000.0,107000.0,
TXN-0004269,EMP-2165,2020-09-18,Hire,New Hire,,Sales,,Revenue Operations,,M1,,139000.0,
TXN-0004270,EMP-2165,2026-01-21,Compensation Change,Market Adjustment,Sales,Sales,Revenue Operations,Revenue Operations,M1,M1,139000.0,155000.0,
TXN-0004271,EMP-2165,2026-04-14,Transfer,Internal Transfer,Sales,HR,Revenue Operations,Talent Acquisition,M1,M1,155000.0,155000.0,
TXN-0004272,EMP-2166,2020-04-21,Hire,New Hire,,Engineering,,Software Engineering,,M2,,168000.0,
TXN-0004273,EMP-2166,2020-09-08,Compensation Change,Merit Increase,Engineering,Engineering,Software Engineering,Software Engineering,M2,M2,168000.0,173000.0,
TXN-0004274,EMP-2167,2020-10-12,Hire,New Hire,,Engineering,,Security Engineering,,IC3,,124000.0,
TXN-0004275,EMP-2167,2024-04-30,Termination,Compensation,,,,,,,,,Voluntary
TXN-0004276,EMP-2168,2022-10-03,Hire,New Hire,,Marketing,,Product Marketing,,IC1,,73000.0,
TXN-0004277,EMP-2169,2019-07-12,Hire,New Hire,,Product,,UX / Design,,IC1,,75000.0,
TXN-0004278,EMP-2169,2026-01-04,Compensation Change,Merit Increase,Product,Product,UX / Design,UX / Design,IC1,IC1,75000.0,79000.0,
TXN-0004279,EMP-2170,2025-11-14,Hire,New Hire,,Marketing,,Demand Generation,,M2,,184000.0,
TXN-0004280,EMP-2170,2026-03-05,Transfer,Internal Transfer,Marketing,Sales,Demand Generation,Revenue Operations,M2,M2,184000.0,184000.0,
TXN-0004281,EMP-2171,2025-01-03,Hire,New Hire,,Sales,,Enterprise Sales,,M2,,167000.0,
TXN-0004282,EMP-2171,2025-12-17,Compensation Change,Merit Increase,Sales,Sales,Enterprise Sales,Enterprise Sales,M2,M2,167000.0,175000.0,
TXN-0004283,EMP-2171,2026-02-19,Compensation Change,Merit Increase,Sales,Sales,Enterprise Sales,Enterprise Sales,M2,M2,175000.0,189000.0,
TXN-0004284,EMP-2172,2023-09-25,Hire,New Hire,,HR,,Talent Acquisition,,IC3,,126000.0,
TXN-0004285,EMP-2172,2024-04-17,Transfer,Internal Transfer,HR,Engineering,Talent Acquisition,QA Engineering,IC3,IC3,126000.0,126000.0,
TXN-0004286,EMP-2172,2025-10-06,Transfer,Internal Transfer,Engineering,Finance,QA Engineering,Internal Audit,IC3,IC3,126000.0,126000.0,
TXN-0004287,EMP-2173,2025-01-26,Hire,New Hire,,Product,,UX / Design,,IC1,,76000.0,
TXN-0004288,EMP-2173,2025-08-27,Promotion,Merit Promotion,Product,Product,UX / Design,UX / Design,IC1,IC2,76000.0,98000.0,
TXN-0004289,EMP-2173,2026-05-26,Transfer,Internal Transfer,Product,Finance,UX / Design,Tax,IC2,IC2,98000.0,98000.0,
TXN-0004290,EMP-2174,2024-05-05,Hire,New Hire,,Finance,,Treasury,,M2,,174000.0,
TXN-0004291,EMP-2174,2024-07-23,Transfer,Internal Transfer,Finance,HR,Treasury,Learning & Development,M2,M2,174000.0,174000.0,
TXN-0004292,EMP-2174,2026-01-27,Compensation Change,Market Adjustment,HR,HR,Learning & Development,Learning & Development,M2,M2,174000.0,185000.0,
TXN-0004293,EMP-2174,2026-05-31,Termination,Reorganization,,,,,,,,,Involuntary
TXN-0004294,EMP-2175,2022-02-04,Hire,New Hire,,Marketing,,Content Marketing,,IC2,,92000.0,
TXN-0004295,EMP-2175,2025-10-30,Compensation Change,Market Adjustment,Marketing,Marketing,Content Marketing,Content Marketing,IC2,IC2,92000.0,100000.0,
TXN-0004296,EMP-2175,2025-12-24,Termination,Career Move,,,,,,,,,Voluntary
TXN-0004297,EMP-2176,2020-11-07,Hire,New Hire,,Sales,,Account Management,,Director,,248000.0,
TXN-0004298,EMP-2176,2024-04-25,Transfer,Internal Transfer,Sales,Engineering,Account Management,Security Engineering,Director,Director,248000.0,248000.0,
TXN-0004299,EMP-2177,2024-11-21,Hire,New Hire,,Engineering,,Data Engineering,,IC3,,109000.0,
TXN-0004300,EMP-2177,2026-01-31,Compensation Change,Merit Increase,Engineering,Engineering,Data Engineering,Data Engineering,IC3,IC3,109000.0,116000.0,
TXN-0004301,EMP-2178,2021-04-30,Hire,New Hire,,Sales,,Sales Development,,IC5,,164000.0,
TXN-0004302,EMP-2179,2026-05-29,Hire,New Hire,,Sales,,Customer Success,,IC4,,142000.0,
TXN-0004303,EMP-2180,2020-12-31,Hire,New Hire,,Sales,,Sales Development,,IC2,,91000.0,
TXN-0004304,EMP-2180,2025-06-28,Compensation Change,Market Adjustment,Sales,Sales,Sales Development,Sales Development,IC2,IC2,91000.0,99000.0,
TXN-0004305,EMP-2181,2026-02-21,Hire,New Hire,,Engineering,,QA Engineering,,IC1,,67000.0,
TXN-0004306,EMP-2181,2026-06-10,Transfer,Internal Transfer,Engineering,Finance,QA Engineering,Internal Audit,IC1,IC1,67000.0,67000.0,
TXN-0004307,EMP-2182,2026-02-18,Hire,New Hire,,Finance,,Accounting,,IC1,,75000.0,
TXN-0004308,EMP-2182,2026-04-07,Transfer,Internal Transfer,Finance,Engineering,Accounting,Infrastructure / DevOps,IC1,IC1,75000.0,75000.0,
TXN-0004309,EMP-2182,2026-05-16,Compensation Change,Merit Increase,Engineering,Engineering,Infrastructure / DevOps,Infrastructure / DevOps,IC1,IC1,75000.0,79000.0,
TXN-0004310,EMP-2182,2026-06-21,Termination,Compensation,,,,,,,,,Voluntary
TXN-0004311,EMP-2183,2019-06-14,Hire,New Hire,,Product,,UX / Design,,IC2,,90000.0,
TXN-0004312,EMP-2184,2018-06-15,Hire,New Hire,,Engineering,,QA Engineering,,M1,,155000.0,
TXN-0004313,EMP-2185,2023-08-30,Hire,New Hire,,Engineering,,Software Engineering,,IC2,,104000.0,
TXN-0004314,EMP-2185,2025-12-30,Promotion,Merit Promotion,Engineering,Engineering,Software Engineering,Software Engineering,IC2,IC3,104000.0,127000.0,
TXN-0004315,EMP-2185,2026-05-31,Termination,Reorganization,,,,,,,,,Involuntary
TXN-0004316,EMP-2186,2025-08-13,Hire,New Hire,,Finance,,Tax,,M2,,186000.0,
TXN-0004317,EMP-2186,2025-11-20,Transfer,Internal Transfer,Finance,HR,Tax,People Operations,M2,M2,186000.0,186000.0,
TXN-0004318,EMP-2187,2020-04-24,Hire,New Hire,,Finance,,Internal Audit,,IC2,,85000.0,
TXN-0004319,EMP-2187,2025-07-08,Promotion,Merit Promotion,Finance,Finance,Internal Audit,Internal Audit,IC2,IC3,85000.0,129000.0,
TXN-0004320,EMP-2187,2026-03-20,Transfer,Internal Transfer,Finance,Sales,Internal Audit,Customer Success,IC3,IC3,129000.0,129000.0,
TXN-0004321,EMP-2188,2020-02-06,Hire,New Hire,,Sales,,Account Management,,IC5,,189000.0,
TXN-0004322,EMP-2189,2019-11-08,Hire,New Hire,,Product,,Product Management,,IC1,,65000.0,
TXN-0004323,EMP-2189,2024-04-03,Compensation Change,Market Adjustment,Product,Product,Product Management,Product Management,IC1,IC1,65000.0,70000.0,
TXN-0004324,EMP-2190,2021-11-07,Hire,New Hire,,Finance,,Accounting,,VP,,367000.0,
TXN-0004325,EMP-2190,2022-12-13,Termination,Compensation,,,,,,,,,Voluntary
TXN-0004326,EMP-2191,2024-04-10,Hire,New Hire,,Sales,,Sales Development,,IC5,,162000.0,
TXN-0004327,EMP-2191,2024-07-01,Transfer,Internal Transfer,Sales,Product,Sales Development,Product Management,IC5,IC5,162000.0,162000.0,
TXN-0004328,EMP-2191,2025-03-21,Compensation Change,Market Adjustment,Product,Product,Product Management,Product Management,IC5,IC5,162000.0,169000.0,
TXN-0004329,EMP-2192,2021-02-01,Hire,New Hire,,Sales,,Account Management,,IC3,,127000.0,
TXN-0004330,EMP-2193,2025-07-06,Hire,New Hire,,Sales,,Enterprise Sales,,Director,,256000.0,
TXN-0004331,EMP-2193,2025-08-14,Compensation Change,Merit Increase,Sales,Sales,Enterprise Sales,Enterprise Sales,Director,Director,256000.0,265000.0,
TXN-0004332,EMP-2194,2024-04-15,Hire,New Hire,,Product,,Product Operations,,IC1,,73000.0,
TXN-0004333,EMP-2194,2026-06-24,Compensation Change,Merit Increase,Product,Product,Product Operations,Product Operations,IC1,IC1,73000.0,77000.0,
TXN-0004334,EMP-2195,2025-03-19,Hire,New Hire,,Sales,,Enterprise Sales,,IC3,,122000.0,
TXN-0004335,EMP-2195,2026-06-07,Compensation Change,Market Adjustment,Sales,Sales,Enterprise Sales,Enterprise Sales,IC3,IC3,122000.0,134000.0,
TXN-0004336,EMP-2196,2019-04-16,Hire,New Hire,,Legal,,Privacy & Data,,M1,,143000.0,
TXN-0004337,EMP-2197,2023-11-24,Hire,New Hire,,Sales,,Customer Success,,IC2,,81000.0,
TXN-0004338,EMP-2197,2025-04-13,Transfer,Internal Transfer,Sales,Product,Customer Success,Product Operations,IC2,IC2,81000.0,81000.0,
TXN-0004339,EMP-2197,2025-09-03,Compensation Change,Market Adjustment,Product,Product,Product Operations,Product Operations,IC2,IC2,81000.0,84000.0,
TXN-0004340,EMP-2198,2021-12-02,Hire,New Hire,,Sales,,Customer Success,,IC5,,185000.0,
TXN-0004341,EMP-2198,2022-01-11,Compensation Change,Merit Increase,Sales,Sales,Customer Success,Customer Success,IC5,IC5,185000.0,200000.0,
TXN-0004342,EMP-2198,2023-10-24,Transfer,Internal Transfer,Sales,HR,Customer Success,Learning & Development,IC5,IC5,200000.0,200000.0,
TXN-0004343,EMP-2199,2020-10-13,Hire,New Hire,,Finance,,Treasury,,M3,,216000.0,
TXN-0004344,EMP-2199,2024-09-01,Compensation Change,Market Adjustment,Finance,Finance,Treasury,Treasury,M3,M3,216000.0,240000.0,
TXN-0004345,EMP-2200,2019-07-05,Hire,New Hire,,Product,,Product Management,,IC2,,88000.0,
TXN-0004346,EMP-2200,2023-03-22,Compensation Change,Market Adjustment,Product,Product,Product Management,Product Management,IC2,IC2,88000.0,96000.0,
TXN-0004347,EMP-2201,2019-08-22,Hire,New Hire,,Finance,,Financial Planning & Analysis,,IC5,,177000.0,
TXN-0004348,EMP-2201,2021-12-23,Compensation Change,Merit Increase,Finance,Finance,Financial Planning & Analysis,Financial Planning & Analysis,IC5,IC5,177000.0,197000.0,
TXN-0004349,EMP-2202,2026-01-07,Hire,New Hire,,Sales,,Revenue Operations,,IC1,,69000.0,
TXN-0004350,EMP-2202,2026-05-24,Compensation Change,Market Adjustment,Sales,Sales,Revenue Operations,Revenue Operations,IC1,IC1,69000.0,76000.0,
TXN-0004351,EMP-2203,2023-01-03,Hire,New Hire,,Finance,,Tax,,IC2,,96000.0,
TXN-0004352,EMP-2203,2025-07-15,Transfer,Internal Transfer,Finance,Sales,Tax,Revenue Operations,IC2,IC2,96000.0,96000.0,
TXN-0004353,EMP-2203,2025-09-29,Transfer,Internal Transfer,Sales,Marketing,Revenue Operations,Content Marketing,IC2,IC2,96000.0,96000.0,
TXN-0004354,EMP-2204,2024-11-08,Hire,New Hire,,Sales,,Enterprise Sales,,VP,,302000.0,
TXN-0004355,EMP-2204,2025-03-30,Transfer,Internal Transfer,Sales,HR,Enterprise Sales,Total Rewards,VP,VP,302000.0,302000.0,
TXN-0004356,EMP-2205,2019-08-27,Hire,New Hire,,Engineering,,QA Engineering,,IC3,,134000.0,
TXN-0004357,EMP-2205,2023-01-07,Promotion,Merit Promotion,Engineering,Engineering,QA Engineering,QA Engineering,IC3,IC4,134000.0,151000.0,
TXN-0004358,EMP-2206,2021-11-12,Hire,New Hire,,Product,,Product Management,,IC2,,100000.0,
TXN-0004359,EMP-2207,2025-10-26,Hire,New Hire,,Engineering,,Infrastructure / DevOps,,M3,,206000.0,
TXN-0004360,EMP-2207,2026-05-15,Compensation Change,Market Adjustment,Engineering,Engineering,Infrastructure / DevOps,Infrastructure / DevOps,M3,M3,206000.0,226000.0,
TXN-0004361,EMP-2207,2026-06-20,Compensation Change,Merit Increase,Engineering,Engineering,Infrastructure / DevOps,Infrastructure / DevOps,M3,M3,226000.0,249000.0,
TXN-0004362,EMP-2208,2022-05-14,Hire,New Hire,,Marketing,,Product Marketing,,IC3,,135000.0,
TXN-0004363,EMP-2209,2023-02-19,Hire,New Hire,,Product,,Product Operations,,IC4,,148000.0,
TXN-0004364,EMP-2210,2020-01-14,Hire,New Hire,,Sales,,Enterprise Sales,,IC4,,154000.0,
TXN-0004365,EMP-2210,2020-02-16,Compensation Change,Market Adjustment,Sales,Sales,Enterprise Sales,Enterprise Sales,IC4,IC4,154000.0,163000.0,
TXN-0004366,EMP-2211,2020-05-21,Hire,New Hire,,Product,,UX / Design,,IC1,,73000.0,
TXN-0004367,EMP-2211,2023-06-25,Promotion,Merit Promotion,Product,Product,UX / Design,UX / Design,IC1,IC2,73000.0,103000.0,
TXN-0004368,EMP-2211,2024-12-09,Compensation Change,Merit Increase,Product,Product,UX / Design,UX / Design,IC2,IC2,103000.0,110000.0,
TXN-0004369,EMP-2211,2026-06-19,Termination,Compensation,,,,,,,,,Voluntary
TXN-0004370,EMP-2212,2024-01-05,Hire,New Hire,,Sales,,Enterprise Sales,,IC4,,150000.0,
TXN-0004371,EMP-2212,2025-04-30,Compensation Change,Market Adjustment,Sales,Sales,Enterprise Sales,Enterprise Sales,IC4,IC4,150000.0,155000.0,
TXN-0004372,EMP-2213,2022-10-12,Hire,New Hire,,Product,,Product Management,,IC5,,161000.0,
TXN-0004373,EMP-2213,2024-03-31,Compensation Change,Merit Increase,Product,Product,Product Management,Product Management,IC5,IC5,161000.0,166000.0,
TXN-0004374,EMP-2214,2026-03-23,Hire,New Hire,,Finance,,Internal Audit,,IC4,,137000.0,
TXN-0004375,EMP-2214,2026-05-17,Transfer,Internal Transfer,Finance,HR,Internal Audit,Talent Acquisition,IC4,IC4,137000.0,137000.0,
TXN-0004376,EMP-2214,2026-06-26,Compensation Change,Merit Increase,HR,HR,Talent Acquisition,Talent Acquisition,IC4,IC4,137000.0,152000.0,
TXN-0004377,EMP-2215,2025-11-17,Hire,New Hire,,Engineering,,Security Engineering,,IC1,,69000.0,
TXN-0004378,EMP-2215,2026-03-04,Compensation Change,Market Adjustment,Engineering,Engineering,Security Engineering,Security Engineering,IC1,IC1,69000.0,76000.0,
TXN-0004379,EMP-2216,2023-08-17,Hire,New Hire,,Legal,,Privacy & Data,,IC1,,69000.0,
TXN-0004380,EMP-2216,2023-11-23,Promotion,Merit Promotion,Legal,Legal,Privacy & Data,Privacy & Data,IC1,IC2,69000.0,92000.0,
TXN-0004381,EMP-2217,2020-08-15,Hire,New Hire,,Engineering,,Software Engineering,,IC4,,141000.0,
TXN-0004382,EMP-2218,2020-11-23,Hire,New Hire,,Engineering,,Infrastructure / DevOps,,IC4,,139000.0,
TXN-0004383,EMP-2218,2024-04-04,Compensation Change,Merit Increase,Engineering,Engineering,Infrastructure / DevOps,Infrastructure / DevOps,IC4,IC4,139000.0,150000.0,
TXN-0004384,EMP-2218,2025-12-01,Termination,Performance,,,,,,,,,Involuntary
TXN-0004385,EMP-2219,2023-03-04,Hire,New Hire,,Finance,,Financial Planning & Analysis,,IC5,,167000.0,
TXN-0004386,EMP-2219,2026-02-13,Compensation Change,Market Adjustment,Finance,Finance,Financial Planning & Analysis,Financial Planning & Analysis,IC5,IC5,167000.0,184000.0,
TXN-0004387,EMP-2220,2023-06-02,Hire,New Hire,,Finance,,Financial Planning & Analysis,,IC2,,89000.0,
TXN-0004388,EMP-2220,2025-08-17,Transfer,Internal Transfer,Finance,Product,Financial Planning & Analysis,UX / Design,IC2,IC2,89000.0,89000.0,
TXN-0004389,EMP-2221,2020-08-02,Hire,New Hire,,Sales,,Customer Success,,IC1,,62000.0,
TXN-0004390,EMP-2221,2025-02-28,Transfer,Internal Transfer,Sales,Legal,Customer Success,Privacy & Data,IC1,IC1,62000.0,62000.0,
TXN-0004391,EMP-2222,2022-03-06,Hire,New Hire,,Sales,,Revenue Operations,,IC1,,74000.0,
TXN-0004392,EMP-2222,2025-05-30,Transfer,Internal Transfer,Sales,Engineering,Revenue Operations,Infrastructure / DevOps,IC1,IC1,74000.0,74000.0,
TXN-0004393,EMP-2223,2025-03-09,Hire,New Hire,,Product,,Product Management,,IC2,,95000.0,
TXN-0004394,EMP-2224,2021-03-23,Hire,New Hire,,Engineering,,Infrastructure / DevOps,,IC2,,96000.0,
TXN-0004395,EMP-2224,2022-02-10,Transfer,Internal Transfer,Engineering,HR,Infrastructure / DevOps,Total Rewards,IC2,IC2,96000.0,96000.0,
TXN-0004396,EMP-2224,2022-08-16,Termination,Reorganization,,,,,,,,,Involuntary
TXN-0004397,EMP-2225,2025-10-06,Hire,New Hire,,Finance,,Financial Planning & Analysis,,IC2,,90000.0,
TXN-0004398,EMP-2225,2026-01-03,Compensation Change,Market Adjustment,Finance,Finance,Financial Planning & Analysis,Financial Planning & Analysis,IC2,IC2,90000.0,96000.0,
TXN-0004399,EMP-2225,2026-05-10,Termination,Performance,,,,,,,,,Involuntary
TXN-0004400,EMP-2226,2021-06-04,Hire,New Hire,,Marketing,,Product Marketing,,IC1,,77000.0,
TXN-0004401,EMP-2226,2021-12-30,Promotion,Merit Promotion,Marketing,Marketing,Product Marketing,Product Marketing,IC1,IC2,77000.0,81000.0,
TXN-0004402,EMP-2226,2022-07-30,Transfer,Internal Transfer,Marketing,Sales,Product Marketing,Customer Success,IC2,IC2,81000.0,81000.0,
TXN-0004403,EMP-2227,2018-03-23,Hire,New Hire,,Marketing,,Demand Generation,,IC1,,62000.0,
TXN-0004404,EMP-2228,2023-08-18,Hire,New Hire,,Product,,Product Operations,,IC3,,115000.0,
TXN-0004405,EMP-2228,2024-10-23,Termination,Career Move,,,,,,,,,Voluntary
TXN-0004406,EMP-2229,2021-02-06,Hire,New Hire,,Engineering,,Data Engineering,,IC3,,117000.0,
TXN-0004407,EMP-2229,2022-05-14,Transfer,Internal Transfer,Engineering,Finance,Data Engineering,Internal Audit,IC3,IC3,117000.0,117000.0,
TXN-0004408,EMP-2229,2023-07-27,Compensation Change,Merit Increase,Finance,Finance,Internal Audit,Internal Audit,IC3,IC3,117000.0,125000.0,
TXN-0004409,EMP-2230,2021-09-06,Hire,New Hire,,Engineering,,QA Engineering,,IC2,,104000.0,
TXN-0004410,EMP-2230,2025-06-12,Compensation Change,Market Adjustment,Engineering,Engineering,QA Engineering,QA Engineering,IC2,IC2,104000.0,115000.0,
TXN-0004411,EMP-2230,2026-04-13,Transfer,Internal Transfer,Engineering,HR,QA Engineering,Talent Acquisition,IC2,IC2,115000.0,115000.0,
TXN-0004412,EMP-2231,2019-07-31,Hire,New Hire,,Engineering,,QA Engineering,,IC1,,79000.0,
TXN-0004413,EMP-2231,2026-03-14,Compensation Change,Market Adjustment,Engineering,Engineering,QA Engineering,QA Engineering,IC1,IC1,79000.0,87000.0,
TXN-0004414,EMP-2231,2026-06-06,Termination,Reorganization,,,,,,,,,Involuntary
TXN-0004415,EMP-2232,2025-02-09,Hire,New Hire,,Sales,,Revenue Operations,,IC2,,91000.0,
TXN-0004416,EMP-2232,2025-12-10,Promotion,Merit Promotion,Sales,Sales,Revenue Operations,Revenue Operations,IC2,IC3,91000.0,118000.0,
TXN-0004417,EMP-2232,2026-04-11,Compensation Change,Market Adjustment,Sales,Sales,Revenue Operations,Revenue Operations,IC3,IC3,118000.0,127000.0,
TXN-0004418,EMP-2233,2023-05-26,Hire,New Hire,,Sales,,Customer Success,,IC1,,75000.0,
TXN-0004419,EMP-2233,2024-03-19,Compensation Change,Market Adjustment,Sales,Sales,Customer Success,Customer Success,IC1,IC1,75000.0,84000.0,
TXN-0004420,EMP-2233,2024-07-05,Compensation Change,Market Adjustment,Sales,Sales,Customer Success,Customer Success,IC1,IC1,84000.0,87000.0,
TXN-0004421,EMP-2234,2026-04-24,Hire,New Hire,,Product,,Product Operations,,IC3,,131000.0,
TXN-0004422,EMP-2235,2019-02-18,Hire,New Hire,,Engineering,,Data Engineering,,IC2,,83000.0,
TXN-0004423,EMP-2236,2021-12-12,Hire,New Hire,,HR,,People Operations,,IC2,,84000.0,
TXN-0004424,EMP-2236,2022-11-15,Promotion,Merit Promotion,HR,HR,People Operations,People Operations,IC2,IC3,84000.0,117000.0,
TXN-0004425,EMP-2237,2020-06-08,Hire,New Hire,,Sales,,Sales Development,,IC2,,95000.0,
TXN-0004426,EMP-2238,2022-04-19,Hire,New Hire,,Product,,Product Management,,IC2,,88000.0,
TXN-0004427,EMP-2239,2021-07-09,Hire,New Hire,,Marketing,,Brand,,IC1,,79000.0,
TXN-0004428,EMP-2239,2022-06-30,Promotion,Merit Promotion,Marketing,Marketing,Brand,Brand,IC1,IC2,79000.0,102000.0,
TXN-0004429,EMP-2240,2020-02-16,Hire,New Hire,,Sales,,Enterprise Sales,,M2,,167000.0,
TXN-0004430,EMP-2240,2022-12-22,Compensation Change,Market Adjustment,Sales,Sales,Enterprise Sales,Enterprise Sales,M2,M2,167000.0,180000.0,
TXN-0004431,EMP-2240,2024-07-16,Termination,Personal Reasons,,,,,,,,,Voluntary
TXN-0004432,EMP-2241,2020-04-08,Hire,New Hire,,Legal,,Corporate Legal,,M2,,166000.0,
TXN-0004433,EMP-2241,2022-12-29,Compensation Change,Merit Increase,Legal,Legal,Corporate Legal,Corporate Legal,M2,M2,166000.0,181000.0,
TXN-0004434,EMP-2242,2019-06-14,Hire,New Hire,,Sales,,Revenue Operations,,Director,,248000.0,
TXN-0004435,EMP-2243,2022-11-28,Hire,New Hire,,Legal,,Employment Law,,IC3,,118000.0,
TXN-0004436,EMP-2243,2023-08-03,Promotion,Merit Promotion,Legal,Legal,Employment Law,Employment Law,IC3,IC4,118000.0,158000.0,
TXN-0004437,EMP-2244,2022-05-15,Hire,New Hire,,Sales,,Revenue Operations,,IC1,,69000.0,
TXN-0004438,EMP-2244,2025-09-07,Compensation Change,Market Adjustment,Sales,Sales,Revenue Operations,Revenue Operations,IC1,IC1,69000.0,72000.0,
TXN-0004439,EMP-2245,2025-12-09,Hire,New Hire,,Engineering,,Software Engineering,,IC2,,101000.0,
TXN-0004440,EMP-2246,2020-06-30,Hire,New Hire,,Engineering,,Data Engineering,,IC1,,71000.0,
TXN-0004441,EMP-2246,2024-04-13,Transfer,Internal Transfer,Engineering,HR,Data Engineering,People Operations,IC1,IC1,71000.0,71000.0,
TXN-0004442,EMP-2247,2024-05-03,Hire,New Hire,,Legal,,Corporate Legal,,IC2,,101000.0,
TXN-0004443,EMP-2247,2024-09-24,Compensation Change,Market Adjustment,Legal,Legal,Corporate Legal,Corporate Legal,IC2,IC2,101000.0,105000.0,
TXN-0004444,EMP-2248,2020-09-19,Hire,New Hire,,Sales,,Customer Success,,IC3,,126000.0,
TXN-0004445,EMP-2248,2022-10-29,Promotion,Merit Promotion,Sales,Sales,Customer Success,Customer Success,IC3,IC4,126000.0,153000.0,
TXN-0004446,EMP-2248,2025-04-09,Compensation Change,Merit Increase,Sales,Sales,Customer Success,Customer Success,IC4,IC4,153000.0,160000.0,
TXN-0004447,EMP-2248,2026-05-05,Termination,Compensation,,,,,,,,,Voluntary
TXN-0004448,EMP-2249,2026-02-03,Hire,New Hire,,Engineering,,QA Engineering,,IC1,,72000.0,
TXN-0004449,EMP-2250,2020-06-02,Hire,New Hire,,Engineering,,Security Engineering,,IC3,,113000.0,
TXN-0004450,EMP-2250,2025-03-11,Compensation Change,Merit Increase,Engineering,Engineering,Security Engineering,Security Engineering,IC3,IC3,113000.0,119000.0,
TXN-0004451,EMP-2251,2025-12-08,Hire,New Hire,,Sales,,Account Management,,IC3,,124000.0,
TXN-0004452,EMP-2251,2026-04-18,Compensation Change,Merit Increase,Sales,Sales,Account Management,Account Management,IC3,IC3,124000.0,130000.0,
TXN-0004453,EMP-2251,2026-06-16,Transfer,Internal Transfer,Sales,Legal,Account Management,Privacy & Data,IC3,IC3,130000.0,130000.0,
TXN-0004454,EMP-2252,2023-05-30,Hire,New Hire,,Sales,,Account Management,,IC3,,107000.0,
TXN-0004455,EMP-2252,2023-09-25,Termination,Reorganization,,,,,,,,,Involuntary
TXN-0004456,EMP-2253,2020-05-17,Hire,New Hire,,Engineering,,Data Engineering,,IC1,,67000.0,
TXN-0004457,EMP-2253,2024-03-01,Promotion,Merit Promotion,Engineering,Engineering,Data Engineering,Data Engineering,IC1,IC2,67000.0,89000.0,
TXN-0004458,EMP-2253,2025-05-28,Promotion,Merit Promotion,Engineering,Engineering,Data Engineering,Data Engineering,IC2,IC3,89000.0,110000.0,
TXN-0004459,EMP-2254,2023-03-10,Hire,New Hire,,HR,,Talent Acquisition,,IC2,,86000.0,
TXN-0004460,EMP-2255,2022-03-31,Hire,New Hire,,Finance,,Tax,,IC2,,96000.0,
TXN-0004461,EMP-2255,2022-09-10,Transfer,Internal Transfer,Finance,Legal,Tax,Privacy & Data,IC2,IC2,96000.0,96000.0,
TXN-0004462,EMP-2256,2023-03-22,Hire,New Hire,,Sales,,Enterprise Sales,,IC4,,147000.0,
TXN-0004463,EMP-2256,2025-05-10,Promotion,Merit Promotion,Sales,Sales,Enterprise Sales,Enterprise Sales,IC4,IC5,147000.0,186000.0,
TXN-0004464,EMP-2256,2026-02-19,Transfer,Internal Transfer,Sales,Legal,Enterprise Sales,Privacy & Data,IC5,IC5,186000.0,186000.0,
TXN-0004465,EMP-2257,2022-01-18,Hire,New Hire,,Marketing,,Marketing Operations,,IC3,,117000.0,
TXN-0004466,EMP-2257,2026-06-11,Compensation Change,Merit Increase,Marketing,Marketing,Marketing Operations,Marketing Operations,IC3,IC3,117000.0,123000.0,
TXN-0004467,EMP-2258,2021-07-13,Hire,New Hire,,Marketing,,Content Marketing,,IC1,,64000.0,
TXN-0004468,EMP-2258,2022-02-08,Promotion,Merit Promotion,Marketing,Marketing,Content Marketing,Content Marketing,IC1,IC2,64000.0,84000.0,
TXN-0004469,EMP-2259,2019-06-08,Hire,New Hire,,Engineering,,QA Engineering,,IC1,,62000.0,
TXN-0004470,EMP-2259,2021-09-25,Transfer,Internal Transfer,Engineering,Product,QA Engineering,Product Management,IC1,IC1,62000.0,62000.0,
TXN-0004471,EMP-2260,2021-01-23,Hire,New Hire,,HR,,Talent Acquisition,,IC2,,87000.0,
TXN-0004472,EMP-2260,2023-10-16,Promotion,Merit Promotion,HR,HR,Talent Acquisition,Talent Acquisition,IC2,IC3,87000.0,107000.0,
TXN-0004473,EMP-2261,2019-09-28,Hire,New Hire,,Sales,,Sales Development,,M3,,224000.0,
TXN-0004474,EMP-2261,2021-06-27,Transfer,Internal Transfer,Sales,Legal,Sales Development,Employment Law,M3,M3,224000.0,224000.0,
TXN-0004475,EMP-2261,2025-02-22,Termination,Career Move,,,,,,,,,Voluntary
TXN-0004476,EMP-2262,2026-01-12,Hire,New Hire,,Sales,,Enterprise Sales,,IC2,,94000.0,
TXN-0004477,EMP-2262,2026-05-06,Promotion,Merit Promotion,Sales,Sales,Enterprise Sales,Enterprise Sales,IC2,IC3,94000.0,107000.0,
TXN-0004478,EMP-2262,2026-06-22,Transfer,Internal Transfer,Sales,Product,Enterprise Sales,Product Operations,IC3,IC3,107000.0,107000.0,
TXN-0004479,EMP-2263,2023-08-06,Hire,New Hire,,Sales,,Revenue Operations,,IC4,,146000.0,
TXN-0004480,EMP-2263,2025-06-02,Transfer,Internal Transfer,Sales,Finance,Revenue Operations,Treasury,IC4,IC4,146000.0,146000.0,
TXN-0004481,EMP-2264,2024-04-20,Hire,New Hire,,Sales,,Sales Development,,M1,,145000.0,
TXN-0004482,EMP-2264,2024-12-21,Transfer,Internal Transfer,Sales,Marketing,Sales Development,Content Marketing,M1,M1,145000.0,145000.0,
TXN-0004483,EMP-2265,2026-03-05,Hire,New Hire,,Sales,,Account Management,,IC2,,93000.0,
TXN-0004484,EMP-2265,2026-06-16,Transfer,Internal Transfer,Sales,Product,Account Management,UX / Design,IC2,IC2,93000.0,93000.0,
TXN-0004485,EMP-2266,2019-08-23,Hire,New Hire,,Product,,Product Management,,IC2,,100000.0,
TXN-0004486,EMP-2267,2021-05-30,Hire,New Hire,,Sales,,Revenue Operations,,M1,,162000.0,
TXN-0004487,EMP-2267,2025-07-28,Compensation Change,Merit Increase,Sales,Sales,Revenue Operations,Revenue Operations,M1,M1,162000.0,174000.0,
TXN-0004488,EMP-2267,2025-12-28,Compensation Change,Market Adjustment,Sales,Sales,Revenue Operations,Revenue Operations,M1,M1,174000.0,183000.0,
TXN-0004489,EMP-2268,2019-03-08,Hire,New Hire,,Engineering,,Software Engineering,,M1,,142000.0,
TXN-0004490,EMP-2268,2025-05-24,Compensation Change,Market Adjustment,Engineering,Engineering,Software Engineering,Software Engineering,M1,M1,142000.0,151000.0,
TXN-0004491,EMP-2268,2026-03-31,Termination,Compensation,,,,,,,,,Voluntary
TXN-0004492,EMP-2269,2026-05-15,Hire,New Hire,,Sales,,Customer Success,,Director,,262000.0,
TXN-0004493,EMP-2269,2026-06-22,Termination,Personal Reasons,,,,,,,,,Voluntary
TXN-0004494,EMP-2270,2018-03-19,Hire,New Hire,,Marketing,,Content Marketing,,IC1,,74000.0,
TXN-0004495,EMP-2270,2024-02-16,Compensation Change,Market Adjustment,Marketing,Marketing,Content Marketing,Content Marketing,IC1,IC1,74000.0,80000.0,
TXN-0004496,EMP-2271,2018-12-22,Hire,New Hire,,Finance,,Accounting,,IC2,,97000.0,
TXN-0004497,EMP-2272,2019-02-20,Hire,New Hire,,Engineering,,Infrastructure / DevOps,,M3,,210000.0,
TXN-0004498,EMP-2273,2018-10-07,Hire,New Hire,,Legal,,Employment Law,,IC2,,96000.0,
TXN-0004499,EMP-2273,2021-08-16,Compensation Change,Merit Increase,Legal,Legal,Employment Law,Employment Law,IC2,IC2,96000.0,104000.0,
TXN-0004500,EMP-2273,2025-06-25,Termination,Performance,,,,,,,,,Involuntary
TXN-0004501,EMP-2274,2018-04-24,Hire,New Hire,,HR,,Talent Acquisition,,IC2,,90000.0,
TXN-0004502,EMP-2274,2024-11-23,Termination,Career Move,,,,,,,,,Voluntary
TXN-0004503,EMP-2275,2020-06-04,Hire,New Hire,,Engineering,,Software Engineering,,Director,,276000.0,
TXN-0004504,EMP-2275,2021-04-02,Compensation Change,Merit Increase,Engineering,Engineering,Software Engineering,Software Engineering,Director,Director,276000.0,284000.0,
TXN-0004505,EMP-2275,2024-01-20,Termination,Career Move,,,,,,,,,Voluntary
TXN-0004506,EMP-2276,2019-05-16,Hire,New Hire,,Engineering,,Infrastructure / DevOps,,Director,,256000.0,
TXN-0004507,EMP-2277,2018-03-16,Hire,New Hire,,Engineering,,Data Engineering,,IC2,,82000.0,
TXN-0004508,EMP-2277,2026-02-08,Compensation Change,Merit Increase,Engineering,Engineering,Data Engineering,Data Engineering,IC2,IC2,82000.0,85000.0,
TXN-0004509,EMP-2277,2026-06-06,Promotion,Merit Promotion,Engineering,Engineering,Data Engineering,Data Engineering,IC2,IC3,85000.0,122000.0,
TXN-0004510,EMP-2278,2026-05-25,Hire,New Hire,,HR,,Talent Acquisition,,IC4,,159000.0,
TXN-0004511,EMP-2279,2019-12-15,Hire,New Hire,,Sales,,Enterprise Sales,,IC3,,130000.0,
TXN-0004512,EMP-2279,2025-06-06,Promotion,Merit Promotion,Sales,Sales,Enterprise Sales,Enterprise Sales,IC3,IC4,130000.0,158000.0,
TXN-0004513,EMP-2279,2025-12-13,Promotion,Merit Promotion,Sales,Sales,Enterprise Sales,Enterprise Sales,IC4,IC5,158000.0,177000.0,
TXN-0004514,EMP-2280,2019-04-18,Hire,New Hire,,Sales,,Account Management,,IC3,,119000.0,
TXN-0004515,EMP-2280,2020-11-14,Transfer,Internal Transfer,Sales,Marketing,Account Management,Content Marketing,IC3,IC3,119000.0,119000.0,
TXN-0004516,EMP-2281,2018-08-07,Hire,New Hire,,Legal,,Corporate Legal,,IC2,,96000.0,
TXN-0004517,EMP-2281,2024-10-17,Compensation Change,Merit Increase,Legal,Legal,Corporate Legal,Corporate Legal,IC2,IC2,96000.0,101000.0,
TXN-0004518,EMP-2281,2025-05-18,Compensation Change,Market Adjustment,Legal,Legal,Corporate Legal,Corporate Legal,IC2,IC2,101000.0,106000.0,
TXN-0004519,EMP-2282,2018-02-21,Hire,New Hire,,Engineering,,Software Engineering,,IC2,,89000.0,
TXN-0004520,EMP-2282,2024-05-07,Promotion,Merit Promotion,Engineering,Engineering,Software Engineering,Software Engineering,IC2,IC3,89000.0,125000.0,
TXN-0004521,EMP-2283,2020-02-05,Hire,New Hire,,Product,,Product Operations,,M1,,146000.0,
TXN-0004522,EMP-2283,2021-03-02,Compensation Change,Market Adjustment,Product,Product,Product Operations,Product Operations,M1,M1,146000.0,152000.0,
TXN-0004523,EMP-2283,2024-05-30,Transfer,Internal Transfer,Product,HR,Product Operations,HR Business Partnering,M1,M1,152000.0,152000.0,
TXN-0004524,EMP-2284,2020-05-31,Hire,New Hire,,Sales,,Sales Development,,IC2,,102000.0,
TXN-0004525,EMP-2285,2019-03-30,Hire,New Hire,,Sales,,Account Management,,IC1,,76000.0,
TXN-0004526,EMP-2285,2020-11-04,Compensation Change,Market Adjustment,Sales,Sales,Account Management,Account Management,IC1,IC1,76000.0,78000.0,
TXN-0004527,EMP-2285,2021-12-25,Termination,Personal Reasons,,,,,,,,,Voluntary
TXN-0004528,EMP-2286,2019-11-25,Hire,New Hire,,Finance,,Treasury,,IC3,,118000.0,
TXN-0004529,EMP-2286,2020-12-01,Transfer,Internal Transfer,Finance,Product,Treasury,Product Management,IC3,IC3,118000.0,118000.0,
TXN-0004530,EMP-2286,2026-04-20,Termination,Reorganization,,,,,,,,,Involuntary
TXN-0004531,EMP-2287,2020-03-19,Hire,New Hire,,Product,,Product Management,,IC3,,123000.0,
TXN-0004532,EMP-2288,2021-08-02,Hire,New Hire,,Sales,,Account Management,,IC3,,121000.0,
TXN-0004533,EMP-2288,2024-03-03,Promotion,Merit Promotion,Sales,Sales,Account Management,Account Management,IC3,IC4,121000.0,155000.0,
TXN-0004534,EMP-2288,2025-08-31,Promotion,Merit Promotion,Sales,Sales,Account Management,Account Management,IC4,IC5,155000.0,176000.0,
TXN-0004535,EMP-2289,2026-03-25,Hire,New Hire,,Engineering,,Software Engineering,,IC4,,149000.0,
TXN-0004536,EMP-2289,2026-05-31,Compensation Change,Merit Increase,Engineering,Engineering,Software Engineering,Software Engineering,IC4,IC4,149000.0,158000.0,
TXN-0004537,EMP-2290,2026-01-19,Hire,New Hire,,Sales,,Account Management,,IC3,,108000.0,
TXN-0004538,EMP-2290,2026-06-11,Promotion,Merit Promotion,Sales,Sales,Account Management,Account Management,IC3,IC4,108000.0,153000.0,
TXN-0004539,EMP-2291,2024-05-02,Hire,New Hire,,Product,,Product Management,,M3,,205000.0,
TXN-0004540,EMP-2291,2024-09-01,Compensation Change,Merit Increase,Product,Product,Product Management,Product Management,M3,M3,205000.0,212000.0,
TXN-0004541,EMP-2292,2022-10-16,Hire,New Hire,,Sales,,Sales Development,,IC3,,130000.0,
TXN-0004542,EMP-2292,2024-07-27,Termination,Personal Reasons,,,,,,,,,Voluntary
TXN-0004543,EMP-2293,2018-09-21,Hire,New Hire,,Sales,,Account Management,,IC4,,152000.0,
TXN-0004544,EMP-2293,2019-09-04,Compensation Change,Market Adjustment,Sales,Sales,Account Management,Account Management,IC4,IC4,152000.0,163000.0,
TXN-0004545,EMP-2294,2021-12-11,Hire,New Hire,,Engineering,,Security Engineering,,IC3,,122000.0,
TXN-0004546,EMP-2294,2022-07-12,Promotion,Merit Promotion,Engineering,Engineering,Security Engineering,Security Engineering,IC3,IC4,122000.0,159000.0,
TXN-0004547,EMP-2295,2018-08-18,Hire,New Hire,,Product,,UX / Design,,IC2,,98000.0,
TXN-0004548,EMP-2295,2021-06-22,Transfer,Internal Transfer,Product,Legal,UX / Design,Corporate Legal,IC2,IC2,98000.0,98000.0,
TXN-0004549,EMP-2296,2019-02-13,Hire,New Hire,,Product,,UX / Design,,IC4,,156000.0,
TXN-0004550,EMP-2296,2024-02-15,Transfer,Internal Transfer,Product,Engineering,UX / Design,Infrastructure / DevOps,IC4,IC4,156000.0,156000.0,
TXN-0004551,EMP-2296,2025-10-15,Termination,Career Move,,,,,,,,,Voluntary
TXN-0004552,EMP-2297,2019-01-30,Hire,New Hire,,Finance,,Treasury,,M1,,131000.0,
TXN-0004553,EMP-2298,2023-06-03,Hire,New Hire,,Engineering,,Security Engineering,,IC5,,187000.0,
TXN-0004554,EMP-2298,2024-11-29,Compensation Change,Merit Increase,Engineering,Engineering,Security Engineering,Security Engineering,IC5,IC5,187000.0,199000.0,
TXN-0004555,EMP-2299,2023-08-30,Hire,New Hire,,Sales,,Sales Development,,IC2,,91000.0,
TXN-0004556,EMP-2300,2021-12-18,Hire,New Hire,,Sales,,Customer Success,,IC3,,124000.0,
TXN-0004557,EMP-2300,2023-05-14,Transfer,Internal Transfer,Sales,Marketing,Customer Success,Product Marketing,IC3,IC3,124000.0,124000.0,
TXN-0004558,EMP-2301,2019-12-04,Hire,New Hire,,Sales,,Customer Success,,IC4,,150000.0,
TXN-0004559,EMP-2301,2020-03-08,Promotion,Merit Promotion,Sales,Sales,Customer Success,Customer Success,IC4,IC5,150000.0,192000.0,
TXN-0004560,EMP-2301,2022-12-27,Termination,Personal Reasons,,,,,,,,,Voluntary
TXN-0004561,EMP-2302,2025-06-20,Hire,New Hire,,Sales,,Revenue Operations,,IC2,,85000.0,
TXN-0004562,EMP-2303,2019-07-09,Hire,New Hire,,Legal,,Privacy & Data,,IC4,,141000.0,
TXN-0004563,EMP-2303,2023-06-28,Promotion,Merit Promotion,Legal,Legal,Privacy & Data,Privacy & Data,IC4,IC5,141000.0,168000.0,
TXN-0004564,EMP-2303,2025-11-26,Termination,Reorganization,,,,,,,,,Involuntary
TXN-0004565,EMP-2304,2019-11-12,Hire,New Hire,,Product,,Product Management,,IC4,,147000.0,
TXN-0004566,EMP-2305,2018-01-13,Hire,New Hire,,HR,,People Operations,,IC5,,182000.0,
TXN-0004567,EMP-2306,2019-04-23,Hire,New Hire,,Engineering,,QA Engineering,,IC1,,74000.0,
TXN-0004568,EMP-2307,2021-11-07,Hire,New Hire,,Sales,,Sales Development,,VP,,377000.0,
TXN-0004569,EMP-2307,2024-04-14,Compensation Change,Market Adjustment,Sales,Sales,Sales Development,Sales Development,VP,VP,377000.0,396000.0,
TXN-0004570,EMP-2308,2021-03-06,Hire,New Hire,,HR,,Total Rewards,,IC3,,113000.0,
TXN-0004571,EMP-2308,2022-12-23,Promotion,Merit Promotion,HR,HR,Total Rewards,Total Rewards,IC3,IC4,113000.0,157000.0,
TXN-0004572,EMP-2308,2023-11-19,Promotion,Merit Promotion,HR,HR,Total Rewards,Total Rewards,IC4,IC5,157000.0,164000.0,
TXN-0004573,EMP-2309,2024-06-16,Hire,New Hire,,Engineering,,QA Engineering,,IC2,,87000.0,
TXN-0004574,EMP-2309,2024-10-06,Compensation Change,Market Adjustment,Engineering,Engineering,QA Engineering,QA Engineering,IC2,IC2,87000.0,94000.0,
TXN-0004575,EMP-2310,2025-01-05,Hire,New Hire,,HR,,Total Rewards,,IC3,,116000.0,
TXN-0004576,EMP-2310,2025-04-07,Compensation Change,Market Adjustment,HR,HR,Total Rewards,Total Rewards,IC3,IC3,116000.0,124000.0,
TXN-0004577,EMP-2311,2019-12-13,Hire,New Hire,,Legal,,Compliance,,M2,,188000.0,
TXN-0004578,EMP-2311,2021-12-22,Compensation Change,Market Adjustment,Legal,Legal,Compliance,Compliance,M2,M2,188000.0,206000.0,
TXN-0004579,EMP-2311,2023-04-05,Compensation Change,Market Adjustment,Legal,Legal,Compliance,Compliance,M2,M2,206000.0,224000.0,
TXN-0004580,EMP-2312,2025-03-27,Hire,New Hire,,Legal,,Corporate Legal,,IC4,,144000.0,
TXN-0004581,EMP-2313,2025-04-20,Hire,New Hire,,Finance,,Financial Planning & Analysis,,IC3,,129000.0,
TXN-0004582,EMP-2314,2020-08-18,Hire,New Hire,,Sales,,Account Management,,IC5,,172000.0,
TXN-0004583,EMP-2315,2018-11-09,Hire,New Hire,,Engineering,,Software Engineering,,IC2,,98000.0,
TXN-0004584,EMP-2315,2021-08-12,Compensation Change,Market Adjustment,Engineering,Engineering,Software Engineering,Software Engineering,IC2,IC2,98000.0,106000.0,
TXN-0004585,EMP-2315,2022-08-21,Transfer,Internal Transfer,Engineering,Legal,Software Engineering,Corporate Legal,IC2,IC2,106000.0,106000.0,
TXN-0004586,EMP-2316,2021-01-05,Hire,New Hire,,Marketing,,Product Marketing,,M2,,165000.0,
TXN-0004587,EMP-2316,2023-03-19,Compensation Change,Market Adjustment,Marketing,Marketing,Product Marketing,Product Marketing,M2,M2,165000.0,179000.0,
TXN-0004588,EMP-2317,2023-01-01,Hire,New Hire,,Engineering,,QA Engineering,,IC3,,123000.0,
TXN-0004589,EMP-2318,2024-09-14,Hire,New Hire,,Sales,,Account Management,,IC4,,145000.0,
TXN-0004590,EMP-2318,2025-10-07,Compensation Change,Merit Increase,Sales,Sales,Account Management,Account Management,IC4,IC4,145000.0,151000.0,
TXN-0004591,EMP-2319,2019-07-23,Hire,New Hire,,HR,,HR Business Partnering,,IC1,,62000.0,
TXN-0004592,EMP-2320,2019-11-08,Hire,New Hire,,Legal,,Privacy & Data,,IC5,,188000.0,
TXN-0004593,EMP-2321,2018-09-04,Hire,New Hire,,Engineering,,Infrastructure / DevOps,,IC4,,145000.0,
TXN-0004594,EMP-2322,2023-03-08,Hire,New Hire,,Product,,Product Operations,,IC2,,90000.0,
TXN-0004595,EMP-2322,2026-02-04,Compensation Change,Merit Increase,Product,Product,Product Operations,Product Operations,IC2,IC2,90000.0,94000.0,
TXN-0004596,EMP-2322,2026-05-27,Promotion,Merit Promotion,Product,Product,Product Operations,Product Operations,IC2,IC3,94000.0,108000.0,
TXN-0004597,EMP-2323,2019-07-13,Hire,New Hire,,Finance,,Tax,,IC4,,145000.0,
TXN-0004598,EMP-2324,2022-09-30,Hire,New Hire,,Sales,,Account Management,,IC1,,74000.0,
TXN-0004599,EMP-2324,2024-08-19,Compensation Change,Market Adjustment,Sales,Sales,Account Management,Account Management,IC1,IC1,74000.0,81000.0,
TXN-0004600,EMP-2324,2025-12-29,Compensation Change,Market Adjustment,Sales,Sales,Account Management,Account Management,IC1,IC1,81000.0,88000.0,
TXN-0004601,EMP-2325,2023-06-30,Hire,New Hire,,Engineering,,Infrastructure / DevOps,,VP,,330000.0,
TXN-0004602,EMP-2325,2026-03-16,Compensation Change,Merit Increase,Engineering,Engineering,Infrastructure / DevOps,Infrastructure / DevOps,VP,VP,330000.0,358000.0,
TXN-0004603,EMP-2326,2022-11-15,Hire,New Hire,,Sales,,Account Management,,IC4,,147000.0,
TXN-0004604,EMP-2327,2025-07-18,Hire,New Hire,,Finance,,Internal Audit,,IC2,,83000.0,
TXN-0004605,EMP-2327,2025-12-16,Transfer,Internal Transfer,Finance,HR,Internal Audit,Talent Acquisition,IC2,IC2,83000.0,83000.0,
TXN-0004606,EMP-2328,2024-03-09,Hire,New Hire,,Sales,,Revenue Operations,,IC5,,182000.0,
TXN-0004607,EMP-2328,2024-11-10,Transfer,Internal Transfer,Sales,Legal,Revenue Operations,Privacy & Data,IC5,IC5,182000.0,182000.0,
TXN-0004608,EMP-2329,2023-06-15,Hire,New Hire,,Sales,,Enterprise Sales,,Director,,271000.0,
TXN-0004609,EMP-2330,2025-06-09,Hire,New Hire,,Sales,,Sales Development,,IC3,,116000.0,
TXN-0004610,EMP-2331,2021-02-10,Hire,New Hire,,HR,,Total Rewards,,IC1,,72000.0,
TXN-0004611,EMP-2331,2022-12-30,Transfer,Internal Transfer,HR,Sales,Total Rewards,Enterprise Sales,IC1,IC1,72000.0,72000.0,
TXN-0004612,EMP-2332,2020-09-27,Hire,New Hire,,Sales,,Revenue Operations,,IC2,,99000.0,
TXN-0004613,EMP-2332,2025-07-02,Compensation Change,Market Adjustment,Sales,Sales,Revenue Operations,Revenue Operations,IC2,IC2,99000.0,110000.0,
TXN-0004614,EMP-2332,2026-03-23,Compensation Change,Market Adjustment,Sales,Sales,Revenue Operations,Revenue Operations,IC2,IC2,110000.0,118000.0,
TXN-0004615,EMP-2333,2026-05-28,Hire,New Hire,,Legal,,Compliance,,IC3,,127000.0,
TXN-0004616,EMP-2334,2026-05-08,Hire,New Hire,,Finance,,Internal Audit,,IC3,,130000.0,
TXN-0004617,EMP-2334,2026-06-28,Termination,Personal Reasons,,,,,,,,,Voluntary
TXN-0004618,EMP-2335,2019-11-27,Hire,New Hire,,Engineering,,Data Engineering,,IC3,,131000.0,
TXN-0004619,EMP-2336,2022-10-20,Hire,New Hire,,Engineering,,QA Engineering,,IC3,,131000.0,
TXN-0004620,EMP-2336,2026-02-28,Compensation Change,Merit Increase,Engineering,Engineering,QA Engineering,QA Engineering,IC3,IC3,131000.0,142000.0,
TXN-0004621,EMP-2336,2026-04-27,Termination,Reorganization,,,,,,,,,Involuntary
TXN-0004622,EMP-2337,2021-01-07,Hire,New Hire,,Marketing,,Demand Generation,,IC3,,118000.0,
TXN-0004623,EMP-2337,2021-07-24,Compensation Change,Market Adjustment,Marketing,Marketing,Demand Generation,Demand Generation,IC3,IC3,118000.0,125000.0,
TXN-0004624,EMP-2338,2021-08-03,Hire,New Hire,,HR,,People Operations,,IC2,,102000.0,
TXN-0004625,EMP-2338,2022-10-20,Compensation Change,Market Adjustment,HR,HR,People Operations,People Operations,IC2,IC2,102000.0,111000.0,
TXN-0004626,EMP-2339,2020-10-11,Hire,New Hire,,HR,,Total Rewards,,IC5,,166000.0,
TXN-0004627,EMP-2339,2022-09-27,Compensation Change,Market Adjustment,HR,HR,Total Rewards,Total Rewards,IC5,IC5,166000.0,172000.0,
TXN-0004628,EMP-2339,2025-01-18,Termination,Performance,,,,,,,,,Involuntary
TXN-0004629,EMP-2340,2020-12-15,Hire,New Hire,,Product,,UX / Design,,IC3,,107000.0,
TXN-0004630,EMP-2340,2023-12-17,Promotion,Merit Promotion,Product,Product,UX / Design,UX / Design,IC3,IC4,107000.0,145000.0,
TXN-0004631,EMP-2341,2024-10-06,Hire,New Hire,,Engineering,,Data Engineering,,IC3,,125000.0,
TXN-0004632,EMP-2341,2025-01-11,Transfer,Internal Transfer,Engineering,Finance,Data Engineering,Financial Planning & Analysis,IC3,IC3,125000.0,125000.0,
TXN-0004633,EMP-2341,2025-05-24,Compensation Change,Merit Increase,Finance,Finance,Financial Planning & Analysis,Financial Planning & Analysis,IC3,IC3,125000.0,137000.0,
TXN-0004634,EMP-2341,2025-12-31,Termination,Career Move,,,,,,,,,Voluntary
TXN-0004635,EMP-2342,2023-12-08,Hire,New Hire,,Sales,,Enterprise Sales,,IC2,,86000.0,
TXN-0004636,EMP-2342,2025-09-17,Termination,Performance,,,,,,,,,Involuntary
TXN-0004637,EMP-2343,2020-06-30,Hire,New Hire,,Engineering,,Security Engineering,,IC1,,78000.0,
TXN-0004638,EMP-2344,2022-08-29,Hire,New Hire,,Engineering,,Security Engineering,,IC1,,74000.0,
TXN-0004639,EMP-2344,2025-04-16,Promotion,Merit Promotion,Engineering,Engineering,Security Engineering,Security Engineering,IC1,IC2,74000.0,90000.0,
TXN-0004640,EMP-2345,2023-02-12,Hire,New Hire,,Legal,,Privacy & Data,,IC2,,88000.0,
TXN-0004641,EMP-2346,2023-08-28,Hire,New Hire,,Finance,,Financial Planning & Analysis,,Director,,257000.0,
TXN-0004642,EMP-2346,2025-10-05,Compensation Change,Merit Increase,Finance,Finance,Financial Planning & Analysis,Financial Planning & Analysis,Director,Director,257000.0,286000.0,
TXN-0004643,EMP-2347,2020-04-16,Hire,New Hire,,Product,,Product Operations,,IC1,,66000.0,
TXN-0004644,EMP-2347,2021-11-21,Promotion,Merit Promotion,Product,Product,Product Operations,Product Operations,IC1,IC2,66000.0,86000.0,
TXN-0004645,EMP-2348,2018-12-03,Hire,New Hire,,Engineering,,Data Engineering,,M3,,215000.0,
TXN-0004646,EMP-2348,2022-10-10,Compensation Change,Merit Increase,Engineering,Engineering,Data Engineering,Data Engineering,M3,M3,215000.0,222000.0,
TXN-0004647,EMP-2348,2024-04-04,Termination,Career Move,,,,,,,,,Voluntary
TXN-0004648,EMP-2349,2022-09-27,Hire,New Hire,,Engineering,,Software Engineering,,IC1,,68000.0,
TXN-0004649,EMP-2350,2021-06-06,Hire,New Hire,,Sales,,Customer Success,,IC2,,92000.0,
TXN-0004650,EMP-2350,2023-02-11,Compensation Change,Market Adjustment,Sales,Sales,Customer Success,Customer Success,IC2,IC2,92000.0,97000.0,
TXN-0004651,EMP-2351,2023-01-31,Hire,New Hire,,Marketing,,Marketing Operations,,IC3,,119000.0,
TXN-0004652,EMP-2351,2025-11-04,Compensation Change,Merit Increase,Marketing,Marketing,Marketing Operations,Marketing Operations,IC3,IC3,119000.0,126000.0,
TXN-0004653,EMP-2351,2026-06-11,Termination,Reorganization,,,,,,,,,Involuntary
TXN-0004654,EMP-2352,2023-09-09,Hire,New Hire,,Engineering,,Infrastructure / DevOps,,IC2,,85000.0,
TXN-0004655,EMP-2353,2024-04-10,Hire,New Hire,,Engineering,,Infrastructure / DevOps,,IC3,,132000.0,
TXN-0004656,EMP-2353,2025-03-13,Compensation Change,Merit Increase,Engineering,Engineering,Infrastructure / DevOps,Infrastructure / DevOps,IC3,IC3,132000.0,140000.0,
TXN-0004657,EMP-2353,2025-10-25,Compensation Change,Merit Increase,Engineering,Engineering,Infrastructure / DevOps,Infrastructure / DevOps,IC3,IC3,140000.0,148000.0,
TXN-0004658,EMP-2354,2025-11-08,Hire,New Hire,,Engineering,,Infrastructure / DevOps,,IC3,,113000.0,
TXN-0004659,EMP-2354,2026-03-28,Promotion,Merit Promotion,Engineering,Engineering,Infrastructure / DevOps,Infrastructure / DevOps,IC3,IC4,113000.0,143000.0,
TXN-0004660,EMP-2354,2026-05-27,Compensation Change,Market Adjustment,Engineering,Engineering,Infrastructure / DevOps,Infrastructure / DevOps,IC4,IC4,143000.0,147000.0,
TXN-0004661,EMP-2354,2026-06-28,Termination,Career Move,,,,,,,,,Voluntary
TXN-0004662,EMP-2355,2026-04-09,Hire,New Hire,,Marketing,,Marketing Operations,,IC3,,116000.0,
TXN-0004663,EMP-2355,2026-05-13,Termination,Personal Reasons,,,,,,,,,Voluntary
TXN-0004664,EMP-2356,2023-06-23,Hire,New Hire,,Engineering,,Infrastructure / DevOps,,IC4,,152000.0,
TXN-0004665,EMP-2356,2023-10-20,Compensation Change,Merit Increase,Engineering,Engineering,Infrastructure / DevOps,Infrastructure / DevOps,IC4,IC4,152000.0,165000.0,
TXN-0004666,EMP-2357,2019-08-10,Hire,New Hire,,Engineering,,QA Engineering,,IC2,,103000.0,
TXN-0004667,EMP-2358,2025-06-21,Hire,New Hire,,Engineering,,Software Engineering,,IC2,,92000.0,
TXN-0004668,EMP-2359,2022-10-01,Hire,New Hire,,Product,,Product Management,,M1,,154000.0,
TXN-0004669,EMP-2360,2024-12-06,Hire,New Hire,,Engineering,,Data Engineering,,IC1,,76000.0,
TXN-0004670,EMP-2360,2025-07-05,Transfer,Internal Transfer,Engineering,HR,Data Engineering,HR Business Partnering,IC1,IC1,76000.0,76000.0,
TXN-0004671,EMP-2361,2025-06-23,Hire,New Hire,,Sales,,Sales Development,,M1,,160000.0,
TXN-0004672,EMP-2361,2026-01-12,Compensation Change,Merit Increase,Sales,Sales,Sales Development,Sales Development,M1,M1,160000.0,179000.0,
TXN-0004673,EMP-2361,2026-05-30,Compensation Change,Merit Increase,Sales,Sales,Sales Development,Sales Development,M1,M1,179000.0,191000.0,
TXN-0004674,EMP-2362,2026-05-01,Hire,New Hire,,Finance,,Treasury,,IC4,,138000.0,
TXN-0004675,EMP-2362,2026-06-13,Termination,Compensation,,,,,,,,,Voluntary
TXN-0004676,EMP-2363,2021-05-20,Hire,New Hire,,Engineering,,Software Engineering,,IC4,,149000.0,
TXN-0004677,EMP-2363,2021-07-17,Transfer,Internal Transfer,Engineering,HR,Software Engineering,Total Rewards,IC4,IC4,149000.0,149000.0,
TXN-0004678,EMP-2364,2018-10-21,Hire,New Hire,,HR,,HR Business Partnering,,IC1,,64000.0,
TXN-0004679,EMP-2365,2018-11-02,Hire,New Hire,,Sales,,Customer Success,,VP,,295000.0,
TXN-0004680,EMP-2365,2023-09-26,Termination,Reorganization,,,,,,,,,Involuntary
TXN-0004681,EMP-2366,2026-04-16,Hire,New Hire,,Finance,,Tax,,IC2,,94000.0,
TXN-0004682,EMP-2367,2023-11-23,Hire,New Hire,,Marketing,,Product Marketing,,IC1,,71000.0,
TXN-0004683,EMP-2367,2024-03-19,Compensation Change,Merit Increase,Marketing,Marketing,Product Marketing,Product Marketing,IC1,IC1,71000.0,79000.0,
TXN-0004684,EMP-2368,2023-07-20,Hire,New Hire,,Sales,,Account Management,,IC1,,65000.0,
TXN-0004685,EMP-2369,2024-04-26,Hire,New Hire,,Engineering,,Software Engineering,,IC3,,118000.0,
TXN-0004686,EMP-2369,2025-07-15,Compensation Change,Merit Increase,Engineering,Engineering,Software Engineering,Software Engineering,IC3,IC3,118000.0,129000.0,
TXN-0004687,EMP-2369,2026-03-01,Termination,Career Move,,,,,,,,,Voluntary
TXN-0004688,EMP-2370,2024-10-17,Hire,New Hire,,Engineering,,Software Engineering,,M3,,223000.0,
TXN-0004689,EMP-2370,2024-12-03,Compensation Change,Market Adjustment,Engineering,Engineering,Software Engineering,Software Engineering,M3,M3,223000.0,237000.0,
TXN-0004690,EMP-2371,2022-05-10,Hire,New Hire,,Marketing,,Demand Generation,,IC2,,91000.0,
TXN-0004691,EMP-2372,2025-03-11,Hire,New Hire,,Engineering,,QA Engineering,,IC2,,92000.0,
TXN-0004692,EMP-2372,2026-01-01,Transfer,Internal Transfer,Engineering,Sales,QA Engineering,Account Management,IC2,IC2,92000.0,92000.0,
TXN-0004693,EMP-2373,2025-12-17,Hire,New Hire,,Sales,,Account Management,,IC1,,64000.0,
TXN-0004694,EMP-2373,2026-04-04,Compensation Change,Market Adjustment,Sales,Sales,Account Management,Account Management,IC1,IC1,64000.0,67000.0,
TXN-0004695,EMP-2374,2025-10-16,Hire,New Hire,,Legal,,Privacy & Data,,IC4,,140000.0,
TXN-0004696,EMP-2374,2026-06-17,Transfer,Internal Transfer,Legal,Engineering,Privacy & Data,Infrastructure / DevOps,IC4,IC4,140000.0,140000.0,
TXN-0004697,EMP-2375,2018-02-22,Hire,New Hire,,Finance,,Accounting,,IC3,,130000.0,
TXN-0004698,EMP-2375,2026-02-11,Compensation Change,Market Adjustment,Finance,Finance,Accounting,Accounting,IC3,IC3,130000.0,138000.0,
TXN-0004699,EMP-2375,2026-03-30,Compensation Change,Merit Increase,Finance,Finance,Accounting,Accounting,IC3,IC3,138000.0,149000.0,
TXN-0004700,EMP-2376,2025-06-15,Hire,New Hire,,Engineering,,Software Engineering,,IC1,,74000.0,
TXN-0004701,EMP-2377,2024-10-05,Hire,New Hire,,Sales,,Account Management,,IC4,,155000.0,
TXN-0004702,EMP-2378,2024-11-30,Hire,New Hire,,Product,,UX / Design,,IC1,,70000.0,
TXN-0004703,EMP-2378,2025-11-29,Compensation Change,Merit Increase,Product,Product,UX / Design,UX / Design,IC1,IC1,70000.0,74000.0,
TXN-0004704,EMP-2378,2026-02-16,Promotion,Merit Promotion,Product,Product,UX / Design,UX / Design,IC1,IC2,74000.0,97000.0,
TXN-0004705,EMP-2379,2026-01-16,Hire,New Hire,,Engineering,,Data Engineering,,IC3,,125000.0,
TXN-0004706,EMP-2380,2021-11-14,Hire,New Hire,,HR,,HR Business Partnering,,IC2,,97000.0,
TXN-0004707,EMP-2380,2022-08-29,Compensation Change,Market Adjustment,HR,HR,HR Business Partnering,HR Business Partnering,IC2,IC2,97000.0,104000.0,
TXN-0004708,EMP-2381,2019-02-06,Hire,New Hire,,Sales,,Customer Success,,IC4,,151000.0,
TXN-0004709,EMP-2382,2023-08-16,Hire,New Hire,,Product,,UX / Design,,IC2,,94000.0,
TXN-0004710,EMP-2382,2024-08-17,Promotion,Merit Promotion,Product,Product,UX / Design,UX / Design,IC2,IC3,94000.0,130000.0,
TXN-0004711,EMP-2383,2024-01-29,Hire,New Hire,,Finance,,Internal Audit,,IC5,,163000.0,
TXN-0004712,EMP-2383,2025-07-31,Transfer,Internal Transfer,Finance,Sales,Internal Audit,Account Management,IC5,IC5,163000.0,163000.0,
TXN-0004713,EMP-2383,2025-10-30,Termination,Personal Reasons,,,,,,,,,Voluntary
TXN-0004714,EMP-2384,2022-12-15,Hire,New Hire,,Engineering,,Security Engineering,,M1,,144000.0,
TXN-0004715,EMP-2384,2025-01-03,Transfer,Internal Transfer,Engineering,HR,Security Engineering,HR Business Partnering,M1,M1,144000.0,144000.0,
TXN-0004716,EMP-2385,2019-07-03,Hire,New Hire,,Engineering,,Security Engineering,,IC1,,62000.0,
TXN-0004717,EMP-2385,2019-11-07,Compensation Change,Market Adjustment,Engineering,Engineering,Security Engineering,Security Engineering,IC1,IC1,62000.0,69000.0,
TXN-0004718,EMP-2385,2026-03-26,Compensation Change,Market Adjustment,Engineering,Engineering,Security Engineering,Security Engineering,IC1,IC1,69000.0,75000.0,
TXN-0004719,EMP-2386,2026-05-09,Hire,New Hire,,Sales,,Enterprise Sales,,IC1,,75000.0,
TXN-0004720,EMP-2387,2022-06-07,Hire,New Hire,,Sales,,Account Management,,M1,,155000.0,
TXN-0004721,EMP-2388,2026-04-06,Hire,New Hire,,HR,,Talent Acquisition,,IC1,,74000.0,
TXN-0004722,EMP-2389,2022-06-28,Hire,New Hire,,Finance,,Treasury,,IC2,,93000.0,
TXN-0004723,EMP-2389,2024-08-12,Compensation Change,Merit Increase,Finance,Finance,Treasury,Treasury,IC2,IC2,93000.0,102000.0,
TXN-0004724,EMP-2389,2025-10-08,Compensation Change,Market Adjustment,Finance,Finance,Treasury,Treasury,IC2,IC2,102000.0,114000.0,
TXN-0004725,EMP-2389,2026-04-19,Termination,Personal Reasons,,,,,,,,,Voluntary
TXN-0004726,EMP-2390,2022-04-18,Hire,New Hire,,Sales,,Account Management,,IC3,,122000.0,
TXN-0004727,EMP-2390,2025-05-17,Promotion,Merit Promotion,Sales,Sales,Account Management,Account Management,IC3,IC4,122000.0,158000.0,
TXN-0004728,EMP-2390,2026-05-24,Termination,Career Move,,,,,,,,,Voluntary
TXN-0004729,EMP-2391,2025-02-09,Hire,New Hire,,Sales,,Sales Development,,IC2,,94000.0,
TXN-0004730,EMP-2391,2025-12-31,Compensation Change,Market Adjustment,Sales,Sales,Sales Development,Sales Development,IC2,IC2,94000.0,100000.0,
TXN-0004731,EMP-2392,2020-06-19,Hire,New Hire,,HR,,People Operations,,M1,,136000.0,
TXN-0004732,EMP-2392,2026-03-11,Compensation Change,Market Adjustment,HR,HR,People Operations,People Operations,M1,M1,136000.0,151000.0,
TXN-0004733,EMP-2393,2018-01-04,Hire,New Hire,,Sales,,Revenue Operations,,IC3,,124000.0,
TXN-0004734,EMP-2393,2021-09-30,Transfer,Internal Transfer,Sales,HR,Revenue Operations,HR Business Partnering,IC3,IC3,124000.0,124000.0,
TXN-0004735,EMP-2394,2018-05-20,Hire,New Hire,,Engineering,,QA Engineering,,IC4,,142000.0,
TXN-0004736,EMP-2394,2025-02-27,Promotion,Merit Promotion,Engineering,Engineering,QA Engineering,QA Engineering,IC4,IC5,142000.0,193000.0,
TXN-0004737,EMP-2395,2021-01-13,Hire,New Hire,,Marketing,,Product Marketing,,IC3,,132000.0,
TXN-0004738,EMP-2395,2021-05-25,Compensation Change,Market Adjustment,Marketing,Marketing,Product Marketing,Product Marketing,IC3,IC3,132000.0,142000.0,
TXN-0004739,EMP-2396,2018-08-27,Hire,New Hire,,Engineering,,Data Engineering,,IC4,,143000.0,
TXN-0004740,EMP-2397,2022-09-15,Hire,New Hire,,Marketing,,Content Marketing,,IC3,,114000.0,
TXN-0004741,EMP-2397,2025-12-12,Transfer,Internal Transfer,Marketing,Engineering,Content Marketing,QA Engineering,IC3,IC3,114000.0,114000.0,
TXN-0004742,EMP-2397,2026-03-27,Termination,Personal Reasons,,,,,,,,,Voluntary
TXN-0004743,EMP-2398,2024-10-27,Hire,New Hire,,Sales,,Revenue Operations,,IC2,,99000.0,
TXN-0004744,EMP-2398,2024-12-31,Transfer,Internal Transfer,Sales,Marketing,Revenue Operations,Marketing Operations,IC2,IC2,99000.0,99000.0,
TXN-0004745,EMP-2399,2022-12-12,Hire,New Hire,,HR,,HR Business Partnering,,M1,,152000.0,
TXN-0004746,EMP-2399,2024-04-30,Compensation Change,Merit Increase,HR,HR,HR Business Partnering,HR Business Partnering,M1,M1,152000.0,165000.0,
TXN-0004747,EMP-2400,2021-02-05,Hire,New Hire,,Legal,,Corporate Legal,,IC4,,140000.0,
TXN-0004748,EMP-2400,2024-02-12,Promotion,Merit Promotion,Legal,Legal,Corporate Legal,Corporate Legal,IC4,IC5,140000.0,164000.0,
TXN-0004749,EMP-2401,2021-12-05,Hire,New Hire,,HR,,Total Rewards,,M1,,134000.0,
TXN-0004750,EMP-2401,2024-01-08,Compensation Change,Merit Increase,HR,HR,Total Rewards,Total Rewards,M1,M1,134000.0,139000.0,
TXN-0004751,EMP-2402,2021-12-18,Hire,New Hire,,Engineering,,Infrastructure / DevOps,,IC4,,143000.0,
TXN-0004752,EMP-2402,2022-05-26,Compensation Change,Market Adjustment,Engineering,Engineering,Infrastructure / DevOps,Infrastructure / DevOps,IC4,IC4,143000.0,151000.0,
TXN-0004753,EMP-2403,2026-04-13,Hire,New Hire,,Marketing,,Marketing Operations,,IC2,,81000.0,
TXN-0004754,EMP-2404,2025-12-16,Hire,New Hire,,Product,,UX / Design,,IC4,,152000.0,
TXN-0004755,EMP-2404,2026-04-24,Compensation Change,Market Adjustment,Product,Product,UX / Design,UX / Design,IC4,IC4,152000.0,168000.0,
TXN-0004756,EMP-2404,2026-05-28,Compensation Change,Market Adjustment,Product,Product,UX / Design,UX / Design,IC4,IC4,168000.0,185000.0,
TXN-0004757,EMP-2404,2026-06-28,Termination,Personal Reasons,,,,,,,,,Voluntary
TXN-0004758,EMP-2405,2024-03-03,Hire,New Hire,,Legal,,Employment Law,,IC1,,71000.0,
TXN-0004759,EMP-2405,2024-10-20,Termination,Career Move,,,,,,,,,Voluntary
TXN-0004760,EMP-2406,2025-09-29,Hire,New Hire,,Sales,,Customer Success,,IC1,,73000.0,
TXN-0004761,EMP-2406,2025-12-14,Transfer,Internal Transfer,Sales,Finance,Customer Success,Accounting,IC1,IC1,73000.0,73000.0,
TXN-0004762,EMP-2407,2023-04-17,Hire,New Hire,,Marketing,,Demand Generation,,IC1,,67000.0,
TXN-0004763,EMP-2408,2019-03-08,Hire,New Hire,,Marketing,,Demand Generation,,IC2,,100000.0,
TXN-0004764,EMP-2408,2024-05-02,Transfer,Internal Transfer,Marketing,Finance,Demand Generation,Accounting,IC2,IC2,100000.0,100000.0,
TXN-0004765,EMP-2409,2025-06-16,Hire,New Hire,,Sales,,Customer Success,,IC1,,71000.0,
TXN-0004766,EMP-2409,2026-04-13,Compensation Change,Market Adjustment,Sales,Sales,Customer Success,Customer Success,IC1,IC1,71000.0,79000.0,
TXN-0004767,EMP-2409,2026-06-10,Promotion,Merit Promotion,Sales,Sales,Customer Success,Customer Success,IC1,IC2,79000.0,89000.0,
TXN-0004768,EMP-2410,2020-01-31,Hire,New Hire,,Engineering,,Data Engineering,,IC4,,152000.0,
TXN-0004769,EMP-2410,2025-07-27,Promotion,Merit Promotion,Engineering,Engineering,Data Engineering,Data Engineering,IC4,IC5,152000.0,191000.0,
TXN-0004770,EMP-2410,2026-06-27,Termination,Career Move,,,,,,,,,Voluntary
TXN-0004771,EMP-2411,2022-03-29,Hire,New Hire,,Engineering,,QA Engineering,,IC3,,115000.0,
TXN-0004772,EMP-2412,2023-05-07,Hire,New Hire,,Product,,UX / Design,,IC2,,97000.0,
TXN-0004773,EMP-2412,2024-06-03,Transfer,Internal Transfer,Product,Legal,UX / Design,Compliance,IC2,IC2,97000.0,97000.0,
TXN-0004774,EMP-2413,2023-10-24,Hire,New Hire,,Sales,,Customer Success,,IC1,,63000.0,
TXN-0004775,EMP-2413,2025-08-02,Compensation Change,Merit Increase,Sales,Sales,Customer Success,Customer Success,IC1,IC1,63000.0,65000.0,
TXN-0004776,EMP-2413,2026-05-25,Transfer,Internal Transfer,Sales,Engineering,Customer Success,Software Engineering,IC1,IC1,65000.0,65000.0,
TXN-0004777,EMP-2414,2022-11-08,Hire,New Hire,,Finance,,Treasury,,IC2,,102000.0,
TXN-0004778,EMP-2415,2026-04-03,Hire,New Hire,,HR,,People Operations,,IC1,,70000.0,
TXN-0004779,EMP-2416,2023-12-20,Hire,New Hire,,HR,,Talent Acquisition,,IC4,,159000.0,
TXN-0004780,EMP-2417,2020-11-27,Hire,New Hire,,Product,,UX / Design,,IC4,,143000.0,
TXN-0004781,EMP-2417,2021-04-11,Promotion,Merit Promotion,Product,Product,UX / Design,UX / Design,IC4,IC5,143000.0,182000.0,
TXN-0004782,EMP-2417,2025-07-17,Compensation Change,Merit Increase,Product,Product,UX / Design,UX / Design,IC5,IC5,182000.0,193000.0,
TXN-0004783,EMP-2418,2020-04-26,Hire,New Hire,,Engineering,,Infrastructure / DevOps,,IC4,,149000.0,
TXN-0004784,EMP-2419,2023-01-26,Hire,New Hire,,Sales,,Account Management,,VP,,314000.0,
TXN-0004785,EMP-2419,2026-02-15,Compensation Change,Market Adjustment,Sales,Sales,Account Management,Account Management,VP,VP,314000.0,341000.0,
TXN-0004786,EMP-2420,2024-02-06,Hire,New Hire,,HR,,Talent Acquisition,,IC3,,130000.0,
TXN-0004787,EMP-2420,2024-08-02,Transfer,Internal Transfer,HR,Finance,Talent Acquisition,Financial Planning & Analysis,IC3,IC3,130000.0,130000.0,
TXN-0004788,EMP-2421,2022-05-16,Hire,New Hire,,Engineering,,Data Engineering,,IC3,,126000.0,
TXN-0004789,EMP-2421,2023-11-10,Transfer,Internal Transfer,Engineering,Legal,Data Engineering,Employment Law,IC3,IC3,126000.0,126000.0,
TXN-0004790,EMP-2421,2024-07-17,Compensation Change,Market Adjustment,Legal,Legal,Employment Law,Employment Law,IC3,IC3,126000.0,130000.0,
TXN-0004791,EMP-2422,2021-02-17,Hire,New Hire,,Sales,,Revenue Operations,,IC1,,71000.0,
TXN-0004792,EMP-2422,2024-05-30,Compensation Change,Merit Increase,Sales,Sales,Revenue Operations,Revenue Operations,IC1,IC1,71000.0,74000.0,
TXN-0004793,EMP-2423,2019-09-27,Hire,New Hire,,HR,,HR Business Partnering,,IC2,,98000.0,
TXN-0004794,EMP-2423,2022-04-27,Promotion,Merit Promotion,HR,HR,HR Business Partnering,HR Business Partnering,IC2,IC3,98000.0,128000.0,
TXN-0004795,EMP-2423,2022-05-28,Compensation Change,Market Adjustment,HR,HR,HR Business Partnering,HR Business Partnering,IC3,IC3,128000.0,141000.0,
TXN-0004796,EMP-2424,2020-09-12,Hire,New Hire,,Finance,,Internal Audit,,IC3,,113000.0,
TXN-0004797,EMP-2425,2024-01-18,Hire,New Hire,,Engineering,,Infrastructure / DevOps,,IC1,,63000.0,
TXN-0004798,EMP-2426,2018-01-15,Hire,New Hire,,Engineering,,Software Engineering,,IC2,,102000.0,
TXN-0004799,EMP-2426,2023-10-14,Promotion,Merit Promotion,Engineering,Engineering,Software Engineering,Software Engineering,IC2,IC3,102000.0,119000.0,
TXN-0004800,EMP-2426,2024-10-12,Compensation Change,Merit Increase,Engineering,Engineering,Software Engineering,Software Engineering,IC3,IC3,119000.0,132000.0,
TXN-0004801,EMP-2427,2023-01-04,Hire,New Hire,,Engineering,,Infrastructure / DevOps,,IC1,,76000.0,
TXN-0004802,EMP-2427,2025-11-30,Compensation Change,Merit Increase,Engineering,Engineering,Infrastructure / DevOps,Infrastructure / DevOps,IC1,IC1,76000.0,81000.0,
TXN-0004803,EMP-2427,2026-02-05,Termination,Reorganization,,,,,,,,,Involuntary
TXN-0004804,EMP-2428,2018-09-02,Hire,New Hire,,Sales,,Customer Success,,IC1,,68000.0,
TXN-0004805,EMP-2428,2025-10-05,Promotion,Merit Promotion,Sales,Sales,Customer Success,Customer Success,IC1,IC2,68000.0,91000.0,
TXN-0004806,EMP-2428,2026-04-27,Termination,Compensation,,,,,,,,,Voluntary
TXN-0004807,EMP-2429,2019-12-18,Hire,New Hire,,Engineering,,Data Engineering,,M1,,131000.0,
TXN-0004808,EMP-2429,2023-04-16,Transfer,Internal Transfer,Engineering,Legal,Data Engineering,Employment Law,M1,M1,131000.0,131000.0,
TXN-0004809,EMP-2429,2024-07-03,Termination,Compensation,,,,,,,,,Voluntary
TXN-0004810,EMP-2430,2021-04-17,Hire,New Hire,,Engineering,,Security Engineering,,Director,,223000.0,
TXN-0004811,EMP-2431,2020-08-23,Hire,New Hire,,Engineering,,Data Engineering,,IC3,,126000.0,
TXN-0004812,EMP-2431,2026-04-30,Promotion,Merit Promotion,Engineering,Engineering,Data Engineering,Data Engineering,IC3,IC4,126000.0,137000.0,
TXN-0004813,EMP-2431,2026-06-01,Transfer,Internal Transfer,Engineering,Product,Data Engineering,UX / Design,IC4,IC4,137000.0,137000.0,
TXN-0004814,EMP-2432,2025-08-16,Hire,New Hire,,Engineering,,Software Engineering,,IC3,,112000.0,
TXN-0004815,EMP-2432,2026-01-13,Compensation Change,Merit Increase,Engineering,Engineering,Software Engineering,Software Engineering,IC3,IC3,112000.0,120000.0,
TXN-0004816,EMP-2433,2022-01-26,Hire,New Hire,,Engineering,,QA Engineering,,IC4,,143000.0,
TXN-0004817,EMP-2433,2024-04-09,Promotion,Merit Promotion,Engineering,Engineering,QA Engineering,QA Engineering,IC4,IC5,143000.0,191000.0,
TXN-0004818,EMP-2434,2019-03-03,Hire,New Hire,,Marketing,,Demand Generation,,IC2,,93000.0,
TXN-0004819,EMP-2434,2023-11-25,Compensation Change,Merit Increase,Marketing,Marketing,Demand Generation,Demand Generation,IC2,IC2,93000.0,102000.0,
TXN-0004820,EMP-2434,2024-06-29,Compensation Change,Market Adjustment,Marketing,Marketing,Demand Generation,Demand Generation,IC2,IC2,102000.0,113000.0,
TXN-0004821,EMP-2435,2018-03-14,Hire,New Hire,,Product,,Product Operations,,M1,,134000.0,
TXN-0004822,EMP-2435,2025-04-12,Compensation Change,Market Adjustment,Product,Product,Product Operations,Product Operations,M1,M1,134000.0,148000.0,
TXN-0004823,EMP-2435,2025-07-19,Compensation Change,Merit Increase,Product,Product,Product Operations,Product Operations,M1,M1,148000.0,156000.0,
TXN-0004824,EMP-2436,2025-01-10,Hire,New Hire,,Finance,,Treasury,,IC3,,121000.0,
TXN-0004825,EMP-2437,2018-11-08,Hire,New Hire,,Legal,,Privacy & Data,,IC1,,67000.0,
TXN-0004826,EMP-2437,2024-10-26,Compensation Change,Market Adjustment,Legal,Legal,Privacy & Data,Privacy & Data,IC1,IC1,67000.0,71000.0,
TXN-0004827,EMP-2437,2024-12-09,Transfer,Internal Transfer,Legal,Engineering,Privacy & Data,Software Engineering,IC1,IC1,71000.0,71000.0,
TXN-0004828,EMP-2438,2024-11-30,Hire,New Hire,,Product,,Product Operations,,IC1,,67000.0,
TXN-0004829,EMP-2439,2018-05-05,Hire,New Hire,,HR,,People Operations,,IC5,,175000.0,
TXN-0004830,EMP-2440,2019-05-15,Hire,New Hire,,Engineering,,Security Engineering,,IC2,,99000.0,
TXN-0004831,EMP-2441,2019-12-01,Hire,New Hire,,Marketing,,Marketing Operations,,IC2,,103000.0,
TXN-0004832,EMP-2441,2021-12-28,Promotion,Merit Promotion,Marketing,Marketing,Marketing Operations,Marketing Operations,IC2,IC3,103000.0,130000.0,
TXN-0004833,EMP-2442,2025-07-13,Hire,New Hire,,Engineering,,Infrastructure / DevOps,,IC3,,107000.0,
TXN-0004834,EMP-2442,2026-02-09,Promotion,Merit Promotion,Engineering,Engineering,Infrastructure / DevOps,Infrastructure / DevOps,IC3,IC4,107000.0,156000.0,
TXN-0004835,EMP-2442,2026-04-30,Transfer,Internal Transfer,Engineering,Sales,Infrastructure / DevOps,Sales Development,IC4,IC4,156000.0,156000.0,
TXN-0004836,EMP-2443,2021-09-30,Hire,New Hire,,Product,,Product Management,,IC1,,77000.0,
TXN-0004837,EMP-2443,2023-05-23,Compensation Change,Merit Increase,Product,Product,Product Management,Product Management,IC1,IC1,77000.0,83000.0,
TXN-0004838,EMP-2444,2021-04-24,Hire,New Hire,,Marketing,,Content Marketing,,IC3,,107000.0,
TXN-0004839,EMP-2445,2023-06-16,Hire,New Hire,,Product,,UX / Design,,IC5,,181000.0,
TXN-0004840,EMP-2446,2021-04-26,Hire,New Hire,,Legal,,Corporate Legal,,IC5,,187000.0,
TXN-0004841,EMP-2447,2021-12-24,Hire,New Hire,,Marketing,,Brand,,IC3,,111000.0,
TXN-0004842,EMP-2447,2024-01-22,Compensation Change,Merit Increase,Marketing,Marketing,Brand,Brand,IC3,IC3,111000.0,115000.0,
TXN-0004843,EMP-2448,2023-11-12,Hire,New Hire,,HR,,People Operations,,IC1,,73000.0,
TXN-0004844,EMP-2448,2025-10-06,Termination,Personal Reasons,,,,,,,,,Voluntary
TXN-0004845,EMP-2449,2018-03-25,Hire,New Hire,,Engineering,,QA Engineering,,IC1,,79000.0,
TXN-0004846,EMP-2449,2025-09-20,Promotion,Merit Promotion,Engineering,Engineering,QA Engineering,QA Engineering,IC1,IC2,79000.0,95000.0,
TXN-0004847,EMP-2449,2026-05-22,Transfer,Internal Transfer,Engineering,Marketing,QA Engineering,Content Marketing,IC2,IC2,95000.0,95000.0,
TXN-0004848,EMP-2450,2019-11-29,Hire,New Hire,,Sales,,Account Management,,IC5,,162000.0,
TXN-0004849,EMP-2450,2022-08-03,Compensation Change,Market Adjustment,Sales,Sales,Account Management,Account Management,IC5,IC5,162000.0,177000.0,
TXN-0004850,EMP-2450,2024-01-29,Termination,Performance,,,,,,,,,Involuntary
TXN-0004851,EMP-2451,2018-05-02,Hire,New Hire,,Marketing,,Content Marketing,,M1,,155000.0,
TXN-0004852,EMP-2451,2024-05-10,Transfer,Internal Transfer,Marketing,Legal,Content Marketing,Privacy & Data,M1,M1,155000.0,155000.0,
TXN-0004853,EMP-2452,2021-02-13,Hire,New Hire,,Product,,Product Operations,,IC2,,89000.0,
TXN-0004854,EMP-2452,2025-04-17,Promotion,Merit Promotion,Product,Product,Product Operations,Product Operations,IC2,IC3,89000.0,114000.0,
TXN-0004855,EMP-2453,2023-04-09,Hire,New Hire,,Marketing,,Brand,,M1,,134000.0,
TXN-0004856,EMP-2453,2024-07-13,Transfer,Internal Transfer,Marketing,Sales,Brand,Enterprise Sales,M1,M1,134000.0,134000.0,
TXN-0004857,EMP-2453,2026-02-09,Termination,Reorganization,,,,,,,,,Involuntary
TXN-0004858,EMP-2454,2018-01-20,Hire,New Hire,,Engineering,,QA Engineering,,IC1,,64000.0,
TXN-0004859,EMP-2455,2025-12-12,Hire,New Hire,,Sales,,Enterprise Sales,,IC4,,147000.0,
TXN-0004860,EMP-2455,2026-03-26,Compensation Change,Merit Increase,Sales,Sales,Enterprise Sales,Enterprise Sales,IC4,IC4,147000.0,164000.0,
TXN-0004861,EMP-2456,2019-02-09,Hire,New Hire,,Marketing,,Product Marketing,,IC3,,111000.0,
TXN-0004862,EMP-2457,2018-10-02,Hire,New Hire,,Finance,,Accounting,,VP,,314000.0,
TXN-0004863,EMP-2457,2024-08-11,Compensation Change,Merit Increase,Finance,Finance,Accounting,Accounting,VP,VP,314000.0,341000.0,
TXN-0004864,EMP-2457,2025-04-12,Compensation Change,Market Adjustment,Finance,Finance,Accounting,Accounting,VP,VP,341000.0,375000.0,
TXN-0004865,EMP-2458,2022-02-10,Hire,New Hire,,Sales,,Sales Development,,IC1,,75000.0,
TXN-0004866,EMP-2458,2024-02-18,Promotion,Merit Promotion,Sales,Sales,Sales Development,Sales Development,IC1,IC2,75000.0,95000.0,
TXN-0004867,EMP-2459,2023-04-01,Hire,New Hire,,Engineering,,Data Engineering,,M1,,140000.0,
TXN-0004868,EMP-2459,2026-01-26,Compensation Change,Market Adjustment,Engineering,Engineering,Data Engineering,Data Engineering,M1,M1,140000.0,148000.0,
TXN-0004869,EMP-2459,2026-03-31,Compensation Change,Market Adjustment,Engineering,Engineering,Data Engineering,Data Engineering,M1,M1,148000.0,155000.0,
TXN-0004870,EMP-2460,2018-06-01,Hire,New Hire,,Engineering,,QA Engineering,,IC5,,187000.0,
TXN-0004871,EMP-2460,2019-04-04,Compensation Change,Market Adjustment,Engineering,Engineering,QA Engineering,QA Engineering,IC5,IC5,187000.0,199000.0,
TXN-0004872,EMP-2461,2021-10-09,Hire,New Hire,,Finance,,Internal Audit,,IC2,,92000.0,
TXN-0004873,EMP-2461,2025-07-28,Promotion,Merit Promotion,Finance,Finance,Internal Audit,Internal Audit,IC2,IC3,92000.0,126000.0,
TXN-0004874,EMP-2461,2025-09-06,Transfer,Internal Transfer,Finance,Sales,Internal Audit,Revenue Operations,IC3,IC3,126000.0,126000.0,
TXN-0004875,EMP-2462,2024-07-05,Hire,New Hire,,Sales,,Account Management,,VP,,372000.0,
TXN-0004876,EMP-2463,2021-07-09,Hire,New Hire,,Sales,,Revenue Operations,,IC3,,124000.0,
TXN-0004877,EMP-2463,2022-07-04,Compensation Change,Market Adjustment,Sales,Sales,Revenue Operations,Revenue Operations,IC3,IC3,124000.0,138000.0,
TXN-0004878,EMP-2464,2018-10-07,Hire,New Hire,,Engineering,,Security Engineering,,IC2,,104000.0,
TXN-0004879,EMP-2464,2021-06-11,Transfer,Internal Transfer,Engineering,HR,Security Engineering,Talent Acquisition,IC2,IC2,104000.0,104000.0,
TXN-0004880,EMP-2465,2021-09-21,Hire,New Hire,,Legal,,Privacy & Data,,M1,,165000.0,
TXN-0004881,EMP-2465,2023-08-23,Termination,Performance,,,,,,,,,Involuntary
TXN-0004882,EMP-2466,2024-02-28,Hire,New Hire,,Engineering,,Software Engineering,,IC3,,122000.0,
TXN-0004883,EMP-2467,2024-04-21,Hire,New Hire,,Sales,,Customer Success,,VP,,344000.0,
TXN-0004884,EMP-2468,2024-07-13,Hire,New Hire,,Sales,,Account Management,,IC5,,182000.0,
TXN-0004885,EMP-2468,2025-08-03,Compensation Change,Market Adjustment,Sales,Sales,Account Management,Account Management,IC5,IC5,182000.0,197000.0,
TXN-0004886,EMP-2469,2020-03-02,Hire,New Hire,,Marketing,,Product Marketing,,IC2,,98000.0,
TXN-0004887,EMP-2469,2022-07-12,Promotion,Merit Promotion,Marketing,Marketing,Product Marketing,Product Marketing,IC2,IC3,98000.0,115000.0,
TXN-0004888,EMP-2469,2025-10-12,Transfer,Internal Transfer,Marketing,HR,Product Marketing,Talent Acquisition,IC3,IC3,115000.0,115000.0,
TXN-0004889,EMP-2469,2026-05-22,Termination,Personal Reasons,,,,,,,,,Voluntary
TXN-0004890,EMP-2470,2020-11-11,Hire,New Hire,,Product,,Product Operations,,M1,,155000.0,
TXN-0004891,EMP-2471,2021-01-18,Hire,New Hire,,Engineering,,Software Engineering,,IC3,,129000.0,
TXN-0004892,EMP-2471,2021-10-26,Promotion,Merit Promotion,Engineering,Engineering,Software Engineering,Software Engineering,IC3,IC4,129000.0,146000.0,
TXN-0004893,EMP-2471,2026-04-01,Promotion,Merit Promotion,Engineering,Engineering,Software Engineering,Software Engineering,IC4,IC5,146000.0,187000.0,
TXN-0004894,EMP-2472,2019-10-13,Hire,New Hire,,Sales,,Customer Success,,IC2,,90000.0,
TXN-0004895,EMP-2472,2023-07-26,Compensation Change,Market Adjustment,Sales,Sales,Customer Success,Customer Success,IC2,IC2,90000.0,95000.0,
TXN-0004896,EMP-2473,2026-04-30,Hire,New Hire,,Engineering,,QA Engineering,,IC4,,141000.0,
TXN-0004897,EMP-2474,2022-03-16,Hire,New Hire,,Finance,,Financial Planning & Analysis,,IC4,,155000.0,
TXN-0004898,EMP-2474,2024-07-28,Compensation Change,Market Adjustment,Finance,Finance,Financial Planning & Analysis,Financial Planning & Analysis,IC4,IC4,155000.0,172000.0,
TXN-0004899,EMP-2474,2025-11-26,Compensation Change,Market Adjustment,Finance,Finance,Financial Planning & Analysis,Financial Planning & Analysis,IC4,IC4,172000.0,183000.0,
TXN-0004900,EMP-2475,2025-11-16,Hire,New Hire,,Engineering,,Data Engineering,,IC1,,79000.0,
TXN-0004901,EMP-2475,2026-02-02,Compensation Change,Merit Increase,Engineering,Engineering,Data Engineering,Data Engineering,IC1,IC1,79000.0,87000.0,
TXN-0004902,EMP-2476,2026-01-03,Hire,New Hire,,Product,,Product Operations,,IC1,,61000.0,
TXN-0004903,EMP-2476,2026-03-23,Compensation Change,Merit Increase,Product,Product,Product Operations,Product Operations,IC1,IC1,61000.0,63000.0,
TXN-0004904,EMP-2477,2020-07-08,Hire,New Hire,,Marketing,,Demand Generation,,IC2,,86000.0,
TXN-0004905,EMP-2477,2021-02-14,Promotion,Merit Promotion,Marketing,Marketing,Demand Generation,Demand Generation,IC2,IC3,86000.0,111000.0,
TXN-0004906,EMP-2477,2025-01-10,Termination,Personal Reasons,,,,,,,,,Voluntary
TXN-0004907,EMP-2478,2023-03-20,Hire,New Hire,,HR,,Total Rewards,,IC2,,84000.0,
TXN-0004908,EMP-2479,2025-12-04,Hire,New Hire,,Engineering,,Security Engineering,,IC1,,62000.0,
TXN-0004909,EMP-2479,2026-03-19,Promotion,Merit Promotion,Engineering,Engineering,Security Engineering,Security Engineering,IC1,IC2,62000.0,97000.0,
TXN-0004910,EMP-2479,2026-04-21,Termination,Performance,,,,,,,,,Involuntary
TXN-0004911,EMP-2480,2023-09-28,Hire,New Hire,,Engineering,,Infrastructure / DevOps,,IC2,,96000.0,
TXN-0004912,EMP-2481,2022-12-01,Hire,New Hire,,Product,,Product Management,,IC2,,84000.0,
TXN-0004913,EMP-2481,2024-04-19,Compensation Change,Market Adjustment,Product,Product,Product Management,Product Management,IC2,IC2,84000.0,89000.0,
TXN-0004914,EMP-2482,2021-01-22,Hire,New Hire,,Engineering,,Security Engineering,,IC3,,109000.0,
TXN-0004915,EMP-2482,2026-02-20,Transfer,Internal Transfer,Engineering,Legal,Security Engineering,Corporate Legal,IC3,IC3,109000.0,109000.0,
TXN-0004916,EMP-2483,2018-03-29,Hire,New Hire,,Sales,,Revenue Operations,,IC2,,97000.0,
TXN-0004917,EMP-2484,2022-05-29,Hire,New Hire,,Marketing,,Demand Generation,,IC4,,141000.0,
TXN-0004918,EMP-2485,2019-09-26,Hire,New Hire,,Engineering,,Software Engineering,,IC2,,100000.0,
TXN-0004919,EMP-2485,2023-01-11,Compensation Change,Merit Increase,Engineering,Engineering,Software Engineering,Software Engineering,IC2,IC2,100000.0,106000.0,
TXN-0004920,EMP-2485,2024-08-31,Promotion,Merit Promotion,Engineering,Engineering,Software Engineering,Software Engineering,IC2,IC3,106000.0,134000.0,
TXN-0004921,EMP-2485,2025-11-25,Termination,Reorganization,,,,,,,,,Involuntary
TXN-0004922,EMP-2486,2020-06-25,Hire,New Hire,,Product,,UX / Design,,IC2,,86000.0,
TXN-0004923,EMP-2486,2025-10-17,Compensation Change,Merit Increase,Product,Product,UX / Design,UX / Design,IC2,IC2,86000.0,89000.0,
TXN-0004924,EMP-2486,2026-01-16,Compensation Change,Market Adjustment,Product,Product,UX / Design,UX / Design,IC2,IC2,89000.0,96000.0,
TXN-0004925,EMP-2487,2020-02-05,Hire,New Hire,,Marketing,,Demand Generation,,M1,,138000.0,
TXN-0004926,EMP-2487,2026-06-17,Transfer,Internal Transfer,Marketing,Product,Demand Generation,UX / Design,M1,M1,138000.0,138000.0,
TXN-0004927,EMP-2488,2019-03-28,Hire,New Hire,,Product,,UX / Design,,VP,,292000.0,
TXN-0004928,EMP-2488,2024-11-24,Compensation Change,Merit Increase,Product,Product,UX / Design,UX / Design,VP,VP,292000.0,326000.0,
TXN-0004929,EMP-2489,2022-03-10,Hire,New Hire,,Engineering,,Software Engineering,,IC4,,149000.0,
TXN-0004930,EMP-2490,2021-11-08,Hire,New Hire,,HR,,Learning & Development,,IC1,,72000.0,
TXN-0004931,EMP-2490,2023-09-20,Compensation Change,Market Adjustment,HR,HR,Learning & Development,Learning & Development,IC1,IC1,72000.0,78000.0,
TXN-0004932,EMP-2491,2022-10-31,Hire,New Hire,,Marketing,,Demand Generation,,Director,,222000.0,
TXN-0004933,EMP-2491,2025-08-14,Compensation Change,Market Adjustment,Marketing,Marketing,Demand Generation,Demand Generation,Director,Director,222000.0,248000.0,
TXN-0004934,EMP-2492,2022-01-27,Hire,New Hire,,Product,,Product Management,,IC5,,190000.0,
TXN-0004935,EMP-2492,2023-02-14,Termination,Career Move,,,,,,,,,Voluntary
TXN-0004936,EMP-2493,2020-12-30,Hire,New Hire,,Sales,,Enterprise Sales,,M2,,193000.0,
TXN-0004937,EMP-2493,2023-11-03,Transfer,Internal Transfer,Sales,Product,Enterprise Sales,Product Management,M2,M2,193000.0,193000.0,
TXN-0004938,EMP-2494,2019-01-01,Hire,New Hire,,Marketing,,Product Marketing,,VP,,308000.0,
TXN-0004939,EMP-2494,2023-12-03,Compensation Change,Merit Increase,Marketing,Marketing,Product Marketing,Product Marketing,VP,VP,308000.0,324000.0,
TXN-0004940,EMP-2494,2024-05-11,Compensation Change,Market Adjustment,Marketing,Marketing,Product Marketing,Product Marketing,VP,VP,324000.0,357000.0,
TXN-0004941,EMP-2494,2026-05-03,Termination,Career Move,,,,,,,,,Voluntary
TXN-0004942,EMP-2495,2019-03-16,Hire,New Hire,,Sales,,Enterprise Sales,,M1,,148000.0,
TXN-0004943,EMP-2495,2025-04-15,Compensation Change,Market Adjustment,Sales,Sales,Enterprise Sales,Enterprise Sales,M1,M1,148000.0,163000.0,
TXN-0004944,EMP-2496,2021-05-22,Hire,New Hire,,Sales,,Customer Success,,IC1,,73000.0,
TXN-0004945,EMP-2496,2026-01-03,Promotion,Merit Promotion,Sales,Sales,Customer Success,Customer Success,IC1,IC2,73000.0,90000.0,
TXN-0004946,EMP-2496,2026-03-02,Transfer,Internal Transfer,Sales,Marketing,Customer Success,Content Marketing,IC2,IC2,90000.0,90000.0,
TXN-0004947,EMP-2496,2026-04-03,Termination,Compensation,,,,,,,,,Voluntary
TXN-0004948,EMP-2497,2024-08-24,Hire,New Hire,,Finance,,Internal Audit,,M1,,161000.0,
TXN-0004949,EMP-2497,2024-10-09,Termination,Personal Reasons,,,,,,,,,Voluntary
TXN-0004950,EMP-2498,2025-12-27,Hire,New Hire,,Finance,,Financial Planning & Analysis,,IC2,,88000.0,
TXN-0004951,EMP-2498,2026-02-07,Transfer,Internal Transfer,Finance,Legal,Financial Planning & Analysis,Employment Law,IC2,IC2,88000.0,88000.0,
TXN-0004952,EMP-2499,2026-01-30,Hire,New Hire,,Finance,,Treasury,,IC4,,155000.0,
TXN-0004953,EMP-2500,2018-10-08,Hire,New Hire,,Sales,,Account Management,,M1,,144000.0,
TXN-0004954,EMP-2501,2019-10-21,Hire,New Hire,,Engineering,,QA Engineering,,IC5,,192000.0,
TXN-0004955,EMP-2501,2023-10-10,Termination,Career Move,,,,,,,,,Voluntary
TXN-0004956,EMP-2502,2022-06-13,Hire,New Hire,,Legal,,Employment Law,,IC4,,136000.0,
TXN-0004957,EMP-2502,2024-01-03,Compensation Change,Market Adjustment,Legal,Legal,Employment Law,Employment Law,IC4,IC4,136000.0,149000.0,
TXN-0004958,EMP-2503,2019-12-07,Hire,New Hire,,Finance,,Treasury,,IC3,,105000.0,
TXN-0004959,EMP-2503,2022-12-04,Compensation Change,Market Adjustment,Finance,Finance,Treasury,Treasury,IC3,IC3,105000.0,112000.0,
TXN-0004960,EMP-2504,2019-05-07,Hire,New Hire,,Sales,,Revenue Operations,,IC3,,117000.0,
TXN-0004961,EMP-2504,2025-11-14,Termination,Career Move,,,,,,,,,Voluntary
TXN-0004962,EMP-2505,2021-05-26,Hire,New Hire,,Product,,Product Management,,IC2,,103000.0,
TXN-0004963,EMP-2506,2018-06-11,Hire,New Hire,,Marketing,,Marketing Operations,,IC2,,90000.0,
TXN-0004964,EMP-2507,2019-06-18,Hire,New Hire,,Sales,,Sales Development,,IC3,,130000.0,
TXN-0004965,EMP-2507,2025-09-27,Compensation Change,Merit Increase,Sales,Sales,Sales Development,Sales Development,IC3,IC3,130000.0,138000.0,
TXN-0004966,EMP-2507,2026-06-18,Promotion,Merit Promotion,Sales,Sales,Sales Development,Sales Development,IC3,IC4,138000.0,137000.0,
TXN-0004967,EMP-2508,2024-05-17,Hire,New Hire,,HR,,Total Rewards,,IC4,,155000.0,
TXN-0004968,EMP-2508,2024-10-15,Transfer,Internal Transfer,HR,Engineering,Total Rewards,QA Engineering,IC4,IC4,155000.0,155000.0,
TXN-0004969,EMP-2509,2020-10-02,Hire,New Hire,,Sales,,Enterprise Sales,,M2,,196000.0,
TXN-0004970,EMP-2509,2023-12-19,Compensation Change,Market Adjustment,Sales,Sales,Enterprise Sales,Enterprise Sales,M2,M2,196000.0,214000.0,
TXN-0004971,EMP-2509,2025-06-28,Transfer,Internal Transfer,Sales,Marketing,Enterprise Sales,Marketing Operations,M2,M2,214000.0,214000.0,
TXN-0004972,EMP-2509,2025-10-24,Termination,Compensation,,,,,,,,,Voluntary
TXN-0004973,EMP-2510,2022-04-19,Hire,New Hire,,Product,,UX / Design,,IC1,,68000.0,
TXN-0004974,EMP-2510,2023-03-05,Compensation Change,Merit Increase,Product,Product,UX / Design,UX / Design,IC1,IC1,68000.0,73000.0,
TXN-0004975,EMP-2510,2025-07-30,Termination,Career Move,,,,,,,,,Voluntary
TXN-0004976,EMP-2511,2019-12-14,Hire,New Hire,,Legal,,Privacy & Data,,IC3,,115000.0,
TXN-0004977,EMP-2511,2023-11-23,Compensation Change,Market Adjustment,Legal,Legal,Privacy & Data,Privacy & Data,IC3,IC3,115000.0,125000.0,
TXN-0004978,EMP-2512,2026-05-24,Hire,New Hire,,Engineering,,Software Engineering,,IC2,,84000.0,
TXN-0004979,EMP-2512,2026-06-23,Termination,Personal Reasons,,,,,,,,,Voluntary
TXN-0004980,EMP-2513,2023-07-30,Hire,New Hire,,Sales,,Account Management,,M3,,227000.0,
TXN-0004981,EMP-2513,2023-10-04,Compensation Change,Market Adjustment,Sales,Sales,Account Management,Account Management,M3,M3,227000.0,242000.0,
TXN-0004982,EMP-2513,2024-08-02,Transfer,Internal Transfer,Sales,HR,Account Management,HR Business Partnering,M3,M3,242000.0,242000.0,
TXN-0004983,EMP-2514,2025-03-16,Hire,New Hire,,Legal,,Compliance,,IC2,,97000.0,
TXN-0004984,EMP-2514,2026-04-26,Compensation Change,Market Adjustment,Legal,Legal,Compliance,Compliance,IC2,IC2,97000.0,107000.0,
TXN-0004985,EMP-2514,2026-06-22,Compensation Change,Merit Increase,Legal,Legal,Compliance,Compliance,IC2,IC2,107000.0,118000.0,
TXN-0004986,EMP-2515,2022-09-25,Hire,New Hire,,Engineering,,Security Engineering,,M3,,238000.0,
TXN-0004987,EMP-2515,2023-05-12,Compensation Change,Market Adjustment,Engineering,Engineering,Security Engineering,Security Engineering,M3,M3,238000.0,264000.0,
TXN-0004988,EMP-2515,2024-09-24,Termination,Career Move,,,,,,,,,Voluntary
TXN-0004989,EMP-2516,2026-04-26,Hire,New Hire,,Sales,,Revenue Operations,,IC2,,101000.0,
TXN-0004990,EMP-2517,2023-04-05,Hire,New Hire,,Finance,,Treasury,,IC1,,76000.0,
TXN-0004991,EMP-2517,2024-12-03,Promotion,Merit Promotion,Finance,Finance,Treasury,Treasury,IC1,IC2,76000.0,88000.0,
TXN-0004992,EMP-2517,2025-08-21,Compensation Change,Market Adjustment,Finance,Finance,Treasury,Treasury,IC2,IC2,88000.0,92000.0,
TXN-0004993,EMP-2517,2026-05-30,Termination,Career Move,,,,,,,,,Voluntary
TXN-0004994,EMP-2518,2023-02-11,Hire,New Hire,,Product,,UX / Design,,IC5,,169000.0,
TXN-0004995,EMP-2519,2023-11-23,Hire,New Hire,,Engineering,,QA Engineering,,IC5,,167000.0,
TXN-0004996,EMP-2519,2024-01-27,Compensation Change,Merit Increase,Engineering,Engineering,QA Engineering,QA Engineering,IC5,IC5,167000.0,178000.0,
TXN-0004997,EMP-2520,2022-06-11,Hire,New Hire,,Engineering,,Infrastructure / DevOps,,IC5,,177000.0,
TXN-0004998,EMP-2520,2026-04-07,Compensation Change,Merit Increase,Engineering,Engineering,Infrastructure / DevOps,Infrastructure / DevOps,IC5,IC5,177000.0,188000.0,
TXN-0004999,EMP-2521,2023-08-23,Hire,New Hire,,Sales,,Customer Success,,IC3,,114000.0,
TXN-0005000,EMP-2521,2025-09-30,Compensation Change,Merit Increase,Sales,Sales,Customer Success,Customer Success,IC3,IC3,114000.0,124000.0,
TXN-0005001,EMP-2522,2020-09-15,Hire,New Hire,,Engineering,,Data Engineering,,IC4,,151000.0,
TXN-0005002,EMP-2522,2025-06-30,Termination,Reorganization,,,,,,,,,Involuntary
TXN-0005003,EMP-2523,2024-08-22,Hire,New Hire,,HR,,Total Rewards,,IC2,,90000.0,
TXN-0005004,EMP-2523,2026-03-07,Compensation Change,Market Adjustment,HR,HR,Total Rewards,Total Rewards,IC2,IC2,90000.0,97000.0,
TXN-0005005,EMP-2524,2022-08-24,Hire,New Hire,,Marketing,,Demand Generation,,IC1,,77000.0,
TXN-0005006,EMP-2524,2024-07-25,Compensation Change,Merit Increase,Marketing,Marketing,Demand Generation,Demand Generation,IC1,IC1,77000.0,83000.0,
TXN-0005007,EMP-2524,2026-03-20,Termination,Personal Reasons,,,,,,,,,Voluntary
TXN-0005008,EMP-2525,2019-12-10,Hire,New Hire,,Product,,Product Management,,IC3,,134000.0,
TXN-0005009,EMP-2526,2023-06-20,Hire,New Hire,,Sales,,Customer Success,,IC2,,91000.0,
TXN-0005010,EMP-2526,2025-07-12,Promotion,Merit Promotion,Sales,Sales,Customer Success,Customer Success,IC2,IC3,91000.0,134000.0,
TXN-0005011,EMP-2527,2023-07-15,Hire,New Hire,,Engineering,,Security Engineering,,IC3,,122000.0,
TXN-0005012,EMP-2527,2024-05-16,Promotion,Merit Promotion,Engineering,Engineering,Security Engineering,Security Engineering,IC3,IC4,122000.0,149000.0,
TXN-0005013,EMP-2527,2026-04-06,Promotion,Merit Promotion,Engineering,Engineering,Security Engineering,Security Engineering,IC4,IC5,149000.0,188000.0,
TXN-0005014,EMP-2527,2026-05-22,Termination,Personal Reasons,,,,,,,,,Voluntary
TXN-0005015,EMP-2528,2025-06-28,Hire,New Hire,,Product,,UX / Design,,IC2,,95000.0,
TXN-0005016,EMP-2529,2020-11-03,Hire,New Hire,,HR,,Learning & Development,,IC2,,99000.0,
TXN-0005017,EMP-2530,2025-07-10,Hire,New Hire,,Engineering,,Software Engineering,,M1,,153000.0,
TXN-0005018,EMP-2530,2026-04-13,Compensation Change,Merit Increase,Engineering,Engineering,Software Engineering,Software Engineering,M1,M1,153000.0,161000.0,
TXN-0005019,EMP-2531,2025-07-21,Hire,New Hire,,Engineering,,QA Engineering,,IC2,,102000.0,
TXN-0005020,EMP-2532,2024-12-11,Hire,New Hire,,HR,,Total Rewards,,IC3,,129000.0,
TXN-0005021,EMP-2532,2026-04-30,Termination,Personal Reasons,,,,,,,,,Voluntary
TXN-0005022,EMP-2533,2018-09-19,Hire,New Hire,,Product,,Product Management,,IC3,,125000.0,
TXN-0005023,EMP-2534,2022-11-05,Hire,New Hire,,Sales,,Revenue Operations,,IC3,,116000.0,
TXN-0005024,EMP-2535,2019-06-17,Hire,New Hire,,Engineering,,Security Engineering,,IC2,,100000.0,
TXN-0005025,EMP-2536,2018-02-07,Hire,New Hire,,Sales,,Enterprise Sales,,IC4,,153000.0,
TXN-0005026,EMP-2536,2023-07-16,Promotion,Merit Promotion,Sales,Sales,Enterprise Sales,Enterprise Sales,IC4,IC5,153000.0,191000.0,
TXN-0005027,EMP-2537,2023-09-20,Hire,New Hire,,Sales,,Account Management,,IC1,,79000.0,
TXN-0005028,EMP-2537,2025-02-23,Compensation Change,Market Adjustment,Sales,Sales,Account Management,Account Management,IC1,IC1,79000.0,88000.0,
TXN-0005029,EMP-2538,2022-08-16,Hire,New Hire,,Sales,,Customer Success,,IC1,,75000.0,
TXN-0005030,EMP-2538,2023-03-18,Transfer,Internal Transfer,Sales,Product,Customer Success,UX / Design,IC1,IC1,75000.0,75000.0,
TXN-0005031,EMP-2538,2025-05-10,Transfer,Internal Transfer,Product,Marketing,UX / Design,Content Marketing,IC1,IC1,75000.0,75000.0,
TXN-0005032,EMP-2539,2020-06-12,Hire,New Hire,,Finance,,Accounting,,IC5,,172000.0,
TXN-0005033,EMP-2539,2022-02-23,Compensation Change,Market Adjustment,Finance,Finance,Accounting,Accounting,IC5,IC5,172000.0,182000.0,
TXN-0005034,EMP-2540,2022-04-05,Hire,New Hire,,Sales,,Revenue Operations,,IC3,,111000.0,
TXN-0005035,EMP-2540,2025-02-20,Termination,Compensation,,,,,,,,,Voluntary
TXN-0005036,EMP-2541,2020-07-06,Hire,New Hire,,Legal,,Compliance,,IC1,,76000.0,
TXN-0005037,EMP-2541,2021-05-26,Promotion,Merit Promotion,Legal,Legal,Compliance,Compliance,IC1,IC2,76000.0,89000.0,
TXN-0005038,EMP-2542,2025-10-28,Hire,New Hire,,Engineering,,Infrastructure / DevOps,,M1,,137000.0,
TXN-0005039,EMP-2542,2026-01-11,Compensation Change,Market Adjustment,Engineering,Engineering,Infrastructure / DevOps,Infrastructure / DevOps,M1,M1,137000.0,152000.0,
TXN-0005040,EMP-2543,2021-05-06,Hire,New Hire,,Engineering,,QA Engineering,,IC3,,112000.0,
TXN-0005041,EMP-2543,2026-02-12,Transfer,Internal Transfer,Engineering,Finance,QA Engineering,Accounting,IC3,IC3,112000.0,112000.0,
TXN-0005042,EMP-2543,2026-05-03,Termination,Career Move,,,,,,,,,Voluntary
TXN-0005043,EMP-2544,2025-12-22,Hire,New Hire,,Finance,,Financial Planning & Analysis,,IC1,,76000.0,
TXN-0005044,EMP-2545,2026-04-23,Hire,New Hire,,Engineering,,Software Engineering,,M3,,235000.0,
TXN-0005045,EMP-2546,2022-01-30,Hire,New Hire,,Engineering,,Data Engineering,,IC2,,102000.0,
TXN-0005046,EMP-2546,2023-07-18,Compensation Change,Merit Increase,Engineering,Engineering,Data Engineering,Data Engineering,IC2,IC2,102000.0,108000.0,
TXN-0005047,EMP-2547,2025-01-18,Hire,New Hire,,Finance,,Accounting,,IC4,,154000.0,
TXN-0005048,EMP-2547,2025-10-15,Compensation Change,Market Adjustment,Finance,Finance,Accounting,Accounting,IC4,IC4,154000.0,163000.0,
TXN-0005049,EMP-2548,2024-07-23,Hire,New Hire,,Product,,Product Operations,,IC1,,75000.0,
TXN-0005050,EMP-2548,2025-09-19,Compensation Change,Merit Increase,Product,Product,Product Operations,Product Operations,IC1,IC1,75000.0,81000.0,
TXN-0005051,EMP-2548,2026-01-10,Promotion,Merit Promotion,Product,Product,Product Operations,Product Operations,IC1,IC2,81000.0,94000.0,
TXN-0005052,EMP-2549,2023-05-13,Hire,New Hire,,Sales,,Account Management,,IC4,,136000.0,
TXN-0005053,EMP-2549,2024-08-19,Compensation Change,Merit Increase,Sales,Sales,Account Management,Account Management,IC4,IC4,136000.0,145000.0,
TXN-0005054,EMP-2549,2026-01-13,Compensation Change,Merit Increase,Sales,Sales,Account Management,Account Management,IC4,IC4,145000.0,155000.0,
TXN-0005055,EMP-2549,2026-06-03,Termination,Reorganization,,,,,,,,,Involuntary
TXN-0005056,EMP-2550,2018-11-07,Hire,New Hire,,HR,,Total Rewards,,IC1,,70000.0,
TXN-0005057,EMP-2551,2025-11-08,Hire,New Hire,,Marketing,,Brand,,M3,,203000.0,
TXN-0005058,EMP-2551,2026-05-27,Compensation Change,Merit Increase,Marketing,Marketing,Brand,Brand,M3,M3,203000.0,216000.0,
TXN-0005059,EMP-2551,2026-06-28,Termination,Career Move,,,,,,,,,Voluntary
TXN-0005060,EMP-2552,2025-09-30,Hire,New Hire,,Engineering,,Infrastructure / DevOps,,IC2,,88000.0,
TXN-0005061,EMP-2552,2025-10-31,Compensation Change,Merit Increase,Engineering,Engineering,Infrastructure / DevOps,Infrastructure / DevOps,IC2,IC2,88000.0,92000.0,
TXN-0005062,EMP-2553,2026-01-01,Hire,New Hire,,Product,,Product Management,,IC4,,150000.0,
TXN-0005063,EMP-2553,2026-05-23,Transfer,Internal Transfer,Product,Finance,Product Management,Financial Planning & Analysis,IC4,IC4,150000.0,150000.0,
TXN-0005064,EMP-2554,2021-12-07,Hire,New Hire,,Marketing,,Marketing Operations,,IC2,,96000.0,
TXN-0005065,EMP-2554,2026-02-24,Transfer,Internal Transfer,Marketing,HR,Marketing Operations,Total Rewards,IC2,IC2,96000.0,96000.0,
TXN-0005066,EMP-2555,2023-02-07,Hire,New Hire,,Engineering,,Data Engineering,,IC2,,102000.0,
TXN-0005067,EMP-2556,2021-12-18,Hire,New Hire,,Engineering,,Software Engineering,,M2,,183000.0,
TXN-0005068,EMP-2556,2024-01-05,Compensation Change,Market Adjustment,Engineering,Engineering,Software Engineering,Software Engineering,M2,M2,183000.0,201000.0,
TXN-0005069,EMP-2557,2025-04-18,Hire,New Hire,,Product,,Product Management,,IC1,,66000.0,
TXN-0005070,EMP-2557,2026-05-01,Compensation Change,Market Adjustment,Product,Product,Product Management,Product Management,IC1,IC1,66000.0,71000.0,
TXN-0005071,EMP-2558,2020-11-30,Hire,New Hire,,Sales,,Enterprise Sales,,IC2,,92000.0,
TXN-0005072,EMP-2558,2024-01-26,Compensation Change,Market Adjustment,Sales,Sales,Enterprise Sales,Enterprise Sales,IC2,IC2,92000.0,98000.0,
TXN-0005073,EMP-2559,2021-04-26,Hire,New Hire,,Marketing,,Product Marketing,,IC2,,99000.0,
TXN-0005074,EMP-2559,2022-12-13,Compensation Change,Merit Increase,Marketing,Marketing,Product Marketing,Product Marketing,IC2,IC2,99000.0,106000.0,
TXN-0005075,EMP-2560,2023-05-19,Hire,New Hire,,Engineering,,Infrastructure / DevOps,,IC4,,157000.0,
TXN-0005076,EMP-2560,2024-05-31,Transfer,Internal Transfer,Engineering,Marketing,Infrastructure / DevOps,Demand Generation,IC4,IC4,157000.0,157000.0,
TXN-0005077,EMP-2561,2023-06-10,Hire,New Hire,,HR,,Total Rewards,,IC2,,85000.0,
TXN-0005078,EMP-2562,2019-11-06,Hire,New Hire,,Engineering,,Software Engineering,,IC4,,150000.0,
TXN-0005079,EMP-2562,2024-08-07,Promotion,Merit Promotion,Engineering,Engineering,Software Engineering,Software Engineering,IC4,IC5,150000.0,177000.0,
TXN-0005080,EMP-2563,2024-04-27,Hire,New Hire,,Engineering,,Security Engineering,,IC4,,139000.0,
TXN-0005081,EMP-2563,2025-07-20,Transfer,Internal Transfer,Engineering,Marketing,Security Engineering,Marketing Operations,IC4,IC4,139000.0,139000.0,
TXN-0005082,EMP-2564,2024-07-06,Hire,New Hire,,Engineering,,Software Engineering,,IC1,,72000.0,
TXN-0005083,EMP-2564,2025-09-07,Transfer,Internal Transfer,Engineering,Product,Software Engineering,Product Operations,IC1,IC1,72000.0,72000.0,
TXN-0005084,EMP-2565,2021-12-04,Hire,New Hire,,Sales,,Customer Success,,IC3,,119000.0,
TXN-0005085,EMP-2566,2022-01-23,Hire,New Hire,,Finance,,Treasury,,IC1,,62000.0,
TXN-0005086,EMP-2566,2023-08-16,Compensation Change,Market Adjustment,Finance,Finance,Treasury,Treasury,IC1,IC1,62000.0,68000.0,
TXN-0005087,EMP-2566,2023-11-20,Compensation Change,Market Adjustment,Finance,Finance,Treasury,Treasury,IC1,IC1,68000.0,72000.0,
TXN-0005088,EMP-2567,2023-05-16,Hire,New Hire,,Sales,,Enterprise Sales,,IC2,,92000.0,
TXN-0005089,EMP-2568,2021-01-27,Hire,New Hire,,Engineering,,Infrastructure / DevOps,,IC4,,146000.0,
TXN-0005090,EMP-2568,2024-08-20,Promotion,Merit Promotion,Engineering,Engineering,Infrastructure / DevOps,Infrastructure / DevOps,IC4,IC5,146000.0,179000.0,
TXN-0005091,EMP-2568,2026-04-18,Compensation Change,Market Adjustment,Engineering,Engineering,Infrastructure / DevOps,Infrastructure / DevOps,IC5,IC5,179000.0,192000.0,
TXN-0005092,EMP-2569,2025-07-02,Hire,New Hire,,Product,,Product Operations,,IC1,,77000.0,
TXN-0005093,EMP-2570,2018-09-02,Hire,New Hire,,Finance,,Tax,,IC4,,150000.0,
TXN-0005094,EMP-2571,2022-02-01,Hire,New Hire,,Engineering,,QA Engineering,,M1,,131000.0,
TXN-0005095,EMP-2572,2022-08-02,Hire,New Hire,,Sales,,Sales Development,,VP,,366000.0,
TXN-0005096,EMP-2573,2018-08-15,Hire,New Hire,,Finance,,Treasury,,IC3,,115000.0,
TXN-0005097,EMP-2573,2025-07-27,Compensation Change,Merit Increase,Finance,Finance,Treasury,Treasury,IC3,IC3,115000.0,122000.0,
TXN-0005098,EMP-2574,2019-10-03,Hire,New Hire,,Engineering,,Infrastructure / DevOps,,IC1,,64000.0,
TXN-0005099,EMP-2574,2026-02-12,Transfer,Internal Transfer,Engineering,Legal,Infrastructure / DevOps,Compliance,IC1,IC1,64000.0,64000.0,
TXN-0005100,EMP-2575,2024-03-11,Hire,New Hire,,Finance,,Accounting,,IC1,,76000.0,
TXN-0005101,EMP-2575,2024-12-19,Promotion,Merit Promotion,Finance,Finance,Accounting,Accounting,IC1,IC2,76000.0,103000.0,
TXN-0005102,EMP-2575,2026-04-29,Promotion,Merit Promotion,Finance,Finance,Accounting,Accounting,IC2,IC3,103000.0,124000.0,
TXN-0005103,EMP-2576,2020-10-09,Hire,New Hire,,Sales,,Revenue Operations,,IC2,,101000.0,
TXN-0005104,EMP-2576,2024-07-04,Compensation Change,Merit Increase,Sales,Sales,Revenue Operations,Revenue Operations,IC2,IC2,101000.0,113000.0,
TXN-0005105,EMP-2576,2026-05-23,Promotion,Merit Promotion,Sales,Sales,Revenue Operations,Revenue Operations,IC2,IC3,113000.0,135000.0,
TXN-0005106,EMP-2577,2022-12-23,Hire,New Hire,,Finance,,Accounting,,IC5,,181000.0,
TXN-0005107,EMP-2577,2023-03-18,Compensation Change,Market Adjustment,Finance,Finance,Accounting,Accounting,IC5,IC5,181000.0,187000.0,
TXN-0005108,EMP-2577,2024-08-02,Compensation Change,Merit Increase,Finance,Finance,Accounting,Accounting,IC5,IC5,187000.0,204000.0,
TXN-0005109,EMP-2578,2019-08-29,Hire,New Hire,,Legal,,Privacy & Data,,IC1,,70000.0,
TXN-0005110,EMP-2578,2020-08-14,Compensation Change,Merit Increase,Legal,Legal,Privacy & Data,Privacy & Data,IC1,IC1,70000.0,75000.0,
TXN-0005111,EMP-2578,2025-08-28,Termination,Compensation,,,,,,,,,Voluntary
TXN-0005112,EMP-2579,2024-03-07,Hire,New Hire,,HR,,People Operations,,IC2,,84000.0,
TXN-0005113,EMP-2579,2026-06-20,Compensation Change,Merit Increase,HR,HR,People Operations,People Operations,IC2,IC2,84000.0,91000.0,
TXN-0005114,EMP-2580,2025-07-12,Hire,New Hire,,Sales,,Customer Success,,M2,,176000.0,
TXN-0005115,EMP-2580,2025-08-12,Transfer,Internal Transfer,Sales,Legal,Customer Success,Privacy & Data,M2,M2,176000.0,176000.0,
TXN-0005116,EMP-2581,2019-08-05,Hire,New Hire,,Legal,,Privacy & Data,,IC1,,70000.0,
TXN-0005117,EMP-2581,2019-12-11,Transfer,Internal Transfer,Legal,Sales,Privacy & Data,Account Management,IC1,IC1,70000.0,70000.0,
TXN-0005118,EMP-2582,2020-01-15,Hire,New Hire,,Product,,Product Management,,IC5,,187000.0,
TXN-0005119,EMP-2582,2020-06-08,Compensation Change,Market Adjustment,Product,Product,Product Management,Product Management,IC5,IC5,187000.0,196000.0,
TXN-0005120,EMP-2583,2024-05-20,Hire,New Hire,,Engineering,,Infrastructure / DevOps,,IC5,,187000.0,
TXN-0005121,EMP-2583,2025-10-16,Termination,Career Move,,,,,,,,,Voluntary
TXN-0005122,EMP-2584,2018-01-11,Hire,New Hire,,Finance,,Treasury,,IC1,,74000.0,
TXN-0005123,EMP-2584,2018-06-26,Transfer,Internal Transfer,Finance,Product,Treasury,Product Operations,IC1,IC1,74000.0,74000.0,
TXN-0005124,EMP-2585,2022-10-08,Hire,New Hire,,Finance,,Internal Audit,,VP,,373000.0,
TXN-0005125,EMP-2585,2025-03-03,Compensation Change,Market Adjustment,Finance,Finance,Internal Audit,Internal Audit,VP,VP,373000.0,398000.0,
TXN-0005126,EMP-2586,2021-12-04,Hire,New Hire,,Finance,,Internal Audit,,IC1,,67000.0,
TXN-0005127,EMP-2586,2022-01-09,Termination,Compensation,,,,,,,,,Voluntary
TXN-0005128,EMP-2587,2025-03-01,Hire,New Hire,,Product,,Product Operations,,IC3,,132000.0,
TXN-0005129,EMP-2587,2025-09-15,Termination,Performance,,,,,,,,,Involuntary
TXN-0005130,EMP-2588,2018-04-16,Hire,New Hire,,Sales,,Customer Success,,IC1,,78000.0,
TXN-0005131,EMP-2589,2022-01-13,Hire,New Hire,,Engineering,,Security Engineering,,IC4,,151000.0,
TXN-0005132,EMP-2590,2018-12-17,Hire,New Hire,,Engineering,,QA Engineering,,IC3,,107000.0,
TXN-0005133,EMP-2590,2020-05-08,Transfer,Internal Transfer,Engineering,Sales,QA Engineering,Customer Success,IC3,IC3,107000.0,107000.0,
TXN-0005134,EMP-2591,2025-08-19,Hire,New Hire,,Sales,,Account Management,,IC5,,163000.0,
TXN-0005135,EMP-2592,2018-03-10,Hire,New Hire,,HR,,Total Rewards,,IC4,,146000.0,
TXN-0005136,EMP-2592,2022-01-13,Compensation Change,Merit Increase,HR,HR,Total Rewards,Total Rewards,IC4,IC4,146000.0,151000.0,
TXN-0005137,EMP-2592,2022-11-05,Compensation Change,Merit Increase,HR,HR,Total Rewards,Total Rewards,IC4,IC4,151000.0,156000.0,
TXN-0005138,EMP-2593,2022-04-24,Hire,New Hire,,Product,,UX / Design,,IC1,,72000.0,
TXN-0005139,EMP-2594,2025-04-14,Hire,New Hire,,Sales,,Customer Success,,IC2,,104000.0,
TXN-0005140,EMP-2595,2021-04-14,Hire,New Hire,,Marketing,,Product Marketing,,IC4,,139000.0,
TXN-0005141,EMP-2595,2021-11-29,Transfer,Internal Transfer,Marketing,Finance,Product Marketing,Accounting,IC4,IC4,139000.0,139000.0,
TXN-0005142,EMP-2595,2022-05-10,Compensation Change,Merit Increase,Finance,Finance,Accounting,Accounting,IC4,IC4,139000.0,153000.0,
TXN-0005143,EMP-2596,2025-04-03,Hire,New Hire,,Engineering,,Infrastructure / DevOps,,M1,,152000.0,
TXN-0005144,EMP-2596,2026-06-01,Compensation Change,Market Adjustment,Engineering,Engineering,Infrastructure / DevOps,Infrastructure / DevOps,M1,M1,152000.0,157000.0,
TXN-0005145,EMP-2597,2025-12-18,Hire,New Hire,,Engineering,,Infrastructure / DevOps,,IC1,,60000.0,
TXN-0005146,EMP-2597,2026-06-05,Compensation Change,Merit Increase,Engineering,Engineering,Infrastructure / DevOps,Infrastructure / DevOps,IC1,IC1,60000.0,64000.0,
TXN-0005147,EMP-2598,2019-03-04,Hire,New Hire,,Finance,,Tax,,IC1,,60000.0,
TXN-0005148,EMP-2598,2024-11-18,Compensation Change,Market Adjustment,Finance,Finance,Tax,Tax,IC1,IC1,60000.0,63000.0,
TXN-0005149,EMP-2599,2024-08-13,Hire,New Hire,,Product,,Product Operations,,IC5,,194000.0,
TXN-0005150,EMP-2599,2024-12-26,Compensation Change,Market Adjustment,Product,Product,Product Operations,Product Operations,IC5,IC5,194000.0,200000.0,
TXN-0005151,EMP-2599,2026-02-17,Compensation Change,Merit Increase,Product,Product,Product Operations,Product Operations,IC5,IC5,200000.0,218000.0,
TXN-0005152,EMP-2600,2019-02-19,Hire,New Hire,,Finance,,Treasury,,IC3,,113000.0,
TXN-0005153,EMP-2600,2021-10-24,Promotion,Merit Promotion,Finance,Finance,Treasury,Treasury,IC3,IC4,113000.0,157000.0,
TXN-0005154,EMP-2601,2019-03-19,Hire,New Hire,,Engineering,,Data Engineering,,IC2,,91000.0,
TXN-0005155,EMP-2601,2025-11-04,Transfer,Internal Transfer,Engineering,Finance,Data Engineering,Internal Audit,IC2,IC2,91000.0,91000.0,
TXN-0005156,EMP-2601,2026-04-08,Promotion,Merit Promotion,Finance,Finance,Internal Audit,Internal Audit,IC2,IC3,91000.0,106000.0,
TXN-0005157,EMP-2601,2026-06-13,Termination,Compensation,,,,,,,,,Voluntary
TXN-0005158,EMP-2602,2023-01-23,Hire,New Hire,,Sales,,Account Management,,Director,,248000.0,
TXN-0005159,EMP-2602,2023-09-02,Compensation Change,Market Adjustment,Sales,Sales,Account Management,Account Management,Director,Director,248000.0,256000.0,
TXN-0005160,EMP-2603,2018-12-04,Hire,New Hire,,Engineering,,QA Engineering,,IC2,,101000.0,
TXN-0005161,EMP-2604,2020-12-11,Hire,New Hire,,Engineering,,Software Engineering,,IC1,,67000.0,
TXN-0005162,EMP-2604,2025-03-05,Compensation Change,Market Adjustment,Engineering,Engineering,Software Engineering,Software Engineering,IC1,IC1,67000.0,73000.0,
TXN-0005163,EMP-2605,2021-03-16,Hire,New Hire,,Engineering,,QA Engineering,,IC2,,86000.0,
TXN-0005164,EMP-2606,2026-03-11,Hire,New Hire,,Product,,UX / Design,,IC1,,71000.0,
TXN-0005165,EMP-2607,2024-02-21,Hire,New Hire,,Marketing,,Content Marketing,,IC3,,118000.0,
TXN-0005166,EMP-2608,2023-05-01,Hire,New Hire,,Sales,,Revenue Operations,,IC4,,135000.0,
TXN-0005167,EMP-2609,2021-01-11,Hire,New Hire,,Finance,,Financial Planning & Analysis,,IC4,,155000.0,
TXN-0005168,EMP-2610,2021-10-30,Hire,New Hire,,Finance,,Treasury,,IC5,,163000.0,
TXN-0005169,EMP-2610,2024-11-25,Termination,Career Move,,,,,,,,,Voluntary
TXN-0005170,EMP-2611,2025-09-18,Hire,New Hire,,HR,,Total Rewards,,IC4,,144000.0,
TXN-0005171,EMP-2611,2026-05-28,Compensation Change,Merit Increase,HR,HR,Total Rewards,Total Rewards,IC4,IC4,144000.0,153000.0,
TXN-0005172,EMP-2611,2026-06-28,Transfer,Internal Transfer,HR,Product,Total Rewards,UX / Design,IC4,IC4,153000.0,153000.0,
TXN-0005173,EMP-2612,2018-09-10,Hire,New Hire,,Engineering,,Infrastructure / DevOps,,M1,,162000.0,
TXN-0005174,EMP-2612,2019-07-31,Termination,Career Move,,,,,,,,,Voluntary
TXN-0005175,EMP-2613,2020-04-21,Hire,New Hire,,Product,,UX / Design,,IC4,,136000.0,
TXN-0005176,EMP-2613,2021-07-26,Compensation Change,Market Adjustment,Product,Product,UX / Design,UX / Design,IC4,IC4,136000.0,143000.0,
TXN-0005177,EMP-2614,2023-01-23,Hire,New Hire,,Sales,,Sales Development,,IC2,,86000.0,
TXN-0005178,EMP-2614,2025-08-09,Promotion,Merit Promotion,Sales,Sales,Sales Development,Sales Development,IC2,IC3,86000.0,131000.0,
TXN-0005179,EMP-2615,2023-09-07,Hire,New Hire,,Sales,,Customer Success,,IC3,,131000.0,
TXN-0005180,EMP-2615,2025-01-06,Compensation Change,Market Adjustment,Sales,Sales,Customer Success,Customer Success,IC3,IC3,131000.0,140000.0,
TXN-0005181,EMP-2616,2019-09-11,Hire,New Hire,,Marketing,,Marketing Operations,,IC3,,114000.0,
TXN-0005182,EMP-2616,2023-08-30,Compensation Change,Market Adjustment,Marketing,Marketing,Marketing Operations,Marketing Operations,IC3,IC3,114000.0,122000.0,
TXN-0005183,EMP-2617,2020-12-03,Hire,New Hire,,Product,,Product Operations,,IC5,,189000.0,
TXN-0005184,EMP-2618,2022-12-04,Hire,New Hire,,Engineering,,Infrastructure / DevOps,,IC2,,85000.0,
TXN-0005185,EMP-2618,2024-02-29,Compensation Change,Merit Increase,Engineering,Engineering,Infrastructure / DevOps,Infrastructure / DevOps,IC2,IC2,85000.0,91000.0,
TXN-0005186,EMP-2618,2025-03-14,Promotion,Merit Promotion,Engineering,Engineering,Infrastructure / DevOps,Infrastructure / DevOps,IC2,IC3,91000.0,106000.0,
TXN-0005187,EMP-2619,2025-08-19,Hire,New Hire,,Engineering,,Infrastructure / DevOps,,IC1,,64000.0,
TXN-0005188,EMP-2619,2025-11-06,Transfer,Internal Transfer,Engineering,Sales,Infrastructure / DevOps,Revenue Operations,IC1,IC1,64000.0,64000.0,
TXN-0005189,EMP-2620,2018-02-16,Hire,New Hire,,Sales,,Sales Development,,M2,,174000.0,
TXN-0005190,EMP-2620,2023-10-29,Transfer,Internal Transfer,Sales,Legal,Sales Development,Compliance,M2,M2,174000.0,174000.0,
TXN-0005191,EMP-2620,2024-11-24,Termination,Compensation,,,,,,,,,Voluntary
TXN-0005192,EMP-2621,2020-09-14,Hire,New Hire,,Legal,,Privacy & Data,,M3,,222000.0,
TXN-0005193,EMP-2622,2018-12-12,Hire,New Hire,,Product,,Product Management,,IC3,,125000.0,
TXN-0005194,EMP-2623,2021-12-17,Hire,New Hire,,Finance,,Financial Planning & Analysis,,IC1,,66000.0,
TXN-0005195,EMP-2623,2022-11-05,Transfer,Internal Transfer,Finance,HR,Financial Planning & Analysis,Learning & Development,IC1,IC1,66000.0,66000.0,
TXN-0005196,EMP-2623,2024-10-24,Termination,Compensation,,,,,,,,,Voluntary
TXN-0005197,EMP-2624,2025-10-23,Hire,New Hire,,Sales,,Sales Development,,IC3,,131000.0,
TXN-0005198,EMP-2624,2026-01-23,Transfer,Internal Transfer,Sales,Finance,Sales Development,Accounting,IC3,IC3,131000.0,131000.0,
TXN-0005199,EMP-2625,2018-05-16,Hire,New Hire,,Engineering,,Software Engineering,,IC3,,115000.0,
TXN-0005200,EMP-2625,2018-08-26,Transfer,Internal Transfer,Engineering,Legal,Software Engineering,Corporate Legal,IC3,IC3,115000.0,115000.0,
TXN-0005201,EMP-2625,2025-08-04,Transfer,Internal Transfer,Legal,Product,Corporate Legal,Product Management,IC3,IC3,115000.0,115000.0,
TXN-0005202,EMP-2626,2022-06-09,Hire,New Hire,,Engineering,,Security Engineering,,IC3,,133000.0,
TXN-0005203,EMP-2627,2025-07-22,Hire,New Hire,,Engineering,,Data Engineering,,Director,,227000.0,
TXN-0005204,EMP-2628,2023-02-01,Hire,New Hire,,Sales,,Account Management,,VP,,372000.0,
TXN-0005205,EMP-2629,2019-09-28,Hire,New Hire,,Engineering,,Software Engineering,,M3,,237000.0,
TXN-0005206,EMP-2630,2023-05-30,Hire,New Hire,,Sales,,Account Management,,IC1,,73000.0,
TXN-0005207,EMP-2630,2025-04-27,Compensation Change,Merit Increase,Sales,Sales,Account Management,Account Management,IC1,IC1,73000.0,78000.0,
TXN-0005208,EMP-2630,2025-08-21,Termination,Compensation,,,,,,,,,Voluntary
TXN-0005209,EMP-2631,2019-04-26,Hire,New Hire,,Finance,,Tax,,M1,,163000.0,
TXN-0005210,EMP-2632,2025-08-13,Hire,New Hire,,Sales,,Sales Development,,IC3,,134000.0,
TXN-0005211,EMP-2632,2026-01-17,Compensation Change,Market Adjustment,Sales,Sales,Sales Development,Sales Development,IC3,IC3,134000.0,149000.0,
TXN-0005212,EMP-2633,2022-02-15,Hire,New Hire,,Engineering,,QA Engineering,,IC2,,86000.0,
TXN-0005213,EMP-2633,2023-09-17,Transfer,Internal Transfer,Engineering,Sales,QA Engineering,Account Management,IC2,IC2,86000.0,86000.0,
TXN-0005214,EMP-2634,2024-06-09,Hire,New Hire,,Finance,,Accounting,,IC4,,153000.0,
TXN-0005215,EMP-2634,2025-12-26,Promotion,Merit Promotion,Finance,Finance,Accounting,Accounting,IC4,IC5,153000.0,189000.0,
TXN-0005216,EMP-2634,2026-04-27,Compensation Change,Merit Increase,Finance,Finance,Accounting,Accounting,IC5,IC5,189000.0,206000.0,
TXN-0005217,EMP-2635,2021-10-09,Hire,New Hire,,Product,,Product Operations,,IC5,,169000.0,
TXN-0005218,EMP-2635,2024-06-16,Compensation Change,Merit Increase,Product,Product,Product Operations,Product Operations,IC5,IC5,169000.0,183000.0,
TXN-0005219,EMP-2636,2019-04-19,Hire,New Hire,,Engineering,,Security Engineering,,M3,,232000.0,
TXN-0005220,EMP-2636,2025-12-19,Compensation Change,Merit Increase,Engineering,Engineering,Security Engineering,Security Engineering,M3,M3,232000.0,239000.0,
TXN-0005221,EMP-2637,2019-03-27,Hire,New Hire,,Engineering,,QA Engineering,,IC5,,184000.0,
TXN-0005222,EMP-2638,2019-01-07,Hire,New Hire,,Finance,,Internal Audit,,IC1,,74000.0,
TXN-0005223,EMP-2639,2019-11-13,Hire,New Hire,,HR,,HR Business Partnering,,IC1,,76000.0,
TXN-0005224,EMP-2639,2023-01-17,Promotion,Merit Promotion,HR,HR,HR Business Partnering,HR Business Partnering,IC1,IC2,76000.0,90000.0,
TXN-0005225,EMP-2639,2024-05-25,Promotion,Merit Promotion,HR,HR,HR Business Partnering,HR Business Partnering,IC2,IC3,90000.0,116000.0,
TXN-0005226,EMP-2640,2024-03-01,Hire,New Hire,,Legal,,Employment Law,,IC2,,85000.0,
TXN-0005227,EMP-2641,2021-04-23,Hire,New Hire,,Sales,,Enterprise Sales,,IC1,,69000.0,
TXN-0005228,EMP-2641,2024-12-17,Compensation Change,Merit Increase,Sales,Sales,Enterprise Sales,Enterprise Sales,IC1,IC1,69000.0,71000.0,
TXN-0005229,EMP-2642,2025-12-17,Hire,New Hire,,Engineering,,Software Engineering,,IC1,,60000.0,
TXN-0005230,EMP-2642,2026-03-16,Compensation Change,Market Adjustment,Engineering,Engineering,Software Engineering,Software Engineering,IC1,IC1,60000.0,63000.0,
TXN-0005231,EMP-2643,2022-02-03,Hire,New Hire,,HR,,Learning & Development,,IC5,,173000.0,
TXN-0005232,EMP-2644,2018-04-26,Hire,New Hire,,Engineering,,Data Engineering,,IC3,,126000.0,
TXN-0005233,EMP-2644,2019-06-30,Promotion,Merit Promotion,Engineering,Engineering,Data Engineering,Data Engineering,IC3,IC4,126000.0,145000.0,
TXN-0005234,EMP-2645,2018-03-30,Hire,New Hire,,Product,,Product Management,,IC4,,142000.0,
TXN-0005235,EMP-2645,2021-07-19,Promotion,Merit Promotion,Product,Product,Product Management,Product Management,IC4,IC5,142000.0,171000.0,
TXN-0005236,EMP-2645,2024-04-08,Termination,Personal Reasons,,,,,,,,,Voluntary
TXN-0005237,EMP-2646,2020-02-24,Hire,New Hire,,Engineering,,Data Engineering,,IC3,,109000.0,
TXN-0005238,EMP-2646,2025-10-05,Compensation Change,Market Adjustment,Engineering,Engineering,Data Engineering,Data Engineering,IC3,IC3,109000.0,119000.0,
TXN-0005239,EMP-2646,2025-12-15,Transfer,Internal Transfer,Engineering,Sales,Data Engineering,Enterprise Sales,IC3,IC3,119000.0,119000.0,
TXN-0005240,EMP-2647,2023-11-11,Hire,New Hire,,Sales,,Customer Success,,IC2,,98000.0,
TXN-0005241,EMP-2648,2024-03-18,Hire,New Hire,,Sales,,Sales Development,,IC4,,137000.0,
TXN-0005242,EMP-2649,2026-02-10,Hire,New Hire,,Finance,,Tax,,IC1,,62000.0,
TXN-0005243,EMP-2649,2026-04-20,Compensation Change,Merit Increase,Finance,Finance,Tax,Tax,IC1,IC1,62000.0,66000.0,
TXN-0005244,EMP-2650,2020-04-15,Hire,New Hire,,Finance,,Treasury,,IC3,,107000.0,
TXN-0005245,EMP-2651,2018-01-03,Hire,New Hire,,Engineering,,Security Engineering,,IC4,,145000.0,
TXN-0005246,EMP-2652,2026-04-21,Hire,New Hire,,HR,,Talent Acquisition,,IC2,,85000.0,
TXN-0005247,EMP-2652,2026-06-21,Termination,Career Move,,,,,,,,,Voluntary
TXN-0005248,EMP-2653,2023-03-06,Hire,New Hire,,Marketing,,Demand Generation,,IC2,,90000.0,
TXN-0005249,EMP-2653,2025-10-16,Promotion,Merit Promotion,Marketing,Marketing,Demand Generation,Demand Generation,IC2,IC3,90000.0,112000.0,
TXN-0005250,EMP-2653,2026-03-28,Termination,Compensation,,,,,,,,,Voluntary
TXN-0005251,EMP-2654,2018-12-26,Hire,New Hire,,Engineering,,Security Engineering,,IC3,,110000.0,
TXN-0005252,EMP-2654,2023-10-19,Promotion,Merit Promotion,Engineering,Engineering,Security Engineering,Security Engineering,IC3,IC4,110000.0,136000.0,
TXN-0005253,EMP-2655,2025-06-19,Hire,New Hire,,Finance,,Tax,,IC2,,87000.0,
TXN-0005254,EMP-2655,2026-02-28,Compensation Change,Market Adjustment,Finance,Finance,Tax,Tax,IC2,IC2,87000.0,97000.0,
TXN-0005255,EMP-2655,2026-04-08,Promotion,Merit Promotion,Finance,Finance,Tax,Tax,IC2,IC3,97000.0,131000.0,
TXN-0005256,EMP-2656,2025-09-21,Hire,New Hire,,Sales,,Sales Development,,M1,,141000.0,
TXN-0005257,EMP-2657,2023-04-22,Hire,New Hire,,Engineering,,QA Engineering,,IC3,,131000.0,
TXN-0005258,EMP-2657,2026-05-07,Promotion,Merit Promotion,Engineering,Engineering,QA Engineering,QA Engineering,IC3,IC4,131000.0,141000.0,
TXN-0005259,EMP-2657,2026-06-07,Compensation Change,Market Adjustment,Engineering,Engineering,QA Engineering,QA Engineering,IC4,IC4,141000.0,157000.0,
TXN-0005260,EMP-2658,2018-10-28,Hire,New Hire,,Marketing,,Demand Generation,,IC2,,91000.0,
TXN-0005261,EMP-2658,2025-08-09,Compensation Change,Market Adjustment,Marketing,Marketing,Demand Generation,Demand Generation,IC2,IC2,91000.0,95000.0,
TXN-0005262,EMP-2658,2025-11-23,Promotion,Merit Promotion,Marketing,Marketing,Demand Generation,Demand Generation,IC2,IC3,95000.0,133000.0,
TXN-0005263,EMP-2659,2021-07-28,Hire,New Hire,,HR,,HR Business Partnering,,IC4,,137000.0,
TXN-0005264,EMP-2660,2019-02-08,Hire,New Hire,,Product,,UX / Design,,M1,,156000.0,
TXN-0005265,EMP-2661,2021-03-25,Hire,New Hire,,Sales,,Account Management,,IC4,,137000.0,
TXN-0005266,EMP-2661,2022-07-26,Compensation Change,Market Adjustment,Sales,Sales,Account Management,Account Management,IC4,IC4,137000.0,145000.0,
TXN-0005267,EMP-2662,2020-09-18,Hire,New Hire,,Engineering,,Software Engineering,,IC1,,75000.0,
TXN-0005268,EMP-2662,2026-03-21,Transfer,Internal Transfer,Engineering,Marketing,Software Engineering,Brand,IC1,IC1,75000.0,75000.0,
TXN-0005269,EMP-2663,2019-04-02,Hire,New Hire,,HR,,Learning & Development,,IC4,,155000.0,
TXN-0005270,EMP-2663,2022-12-13,Compensation Change,Market Adjustment,HR,HR,Learning & Development,Learning & Development,IC4,IC4,155000.0,173000.0,
TXN-0005271,EMP-2664,2023-08-04,Hire,New Hire,,Sales,,Sales Development,,IC5,,168000.0,
TXN-0005272,EMP-2664,2026-04-20,Compensation Change,Market Adjustment,Sales,Sales,Sales Development,Sales Development,IC5,IC5,168000.0,185000.0,
TXN-0005273,EMP-2664,2026-06-16,Termination,Personal Reasons,,,,,,,,,Voluntary
TXN-0005274,EMP-2665,2019-10-02,Hire,New Hire,,Finance,,Tax,,M1,,159000.0,
TXN-0005275,EMP-2665,2023-06-02,Compensation Change,Merit Increase,Finance,Finance,Tax,Tax,M1,M1,159000.0,178000.0,
TXN-0005276,EMP-2666,2018-12-05,Hire,New Hire,,Sales,,Account Management,,IC1,,70000.0,
TXN-0005277,EMP-2666,2025-12-18,Termination,Compensation,,,,,,,,,Voluntary
TXN-0005278,EMP-2667,2018-03-29,Hire,New Hire,,Engineering,,QA Engineering,,IC1,,74000.0,
TXN-0005279,EMP-2667,2024-09-19,Promotion,Merit Promotion,Engineering,Engineering,QA Engineering,QA Engineering,IC1,IC2,74000.0,82000.0,
TXN-0005280,EMP-2668,2026-03-09,Hire,New Hire,,HR,,HR Business Partnering,,IC3,,117000.0,
TXN-0005281,EMP-2668,2026-06-24,Compensation Change,Merit Increase,HR,HR,HR Business Partnering,HR Business Partnering,IC3,IC3,117000.0,122000.0,
TXN-0005282,EMP-2669,2025-02-15,Hire,New Hire,,Marketing,,Demand Generation,,IC3,,108000.0,
TXN-0005283,EMP-2669,2026-06-20,Compensation Change,Market Adjustment,Marketing,Marketing,Demand Generation,Demand Generation,IC3,IC3,108000.0,120000.0,
TXN-0005284,EMP-2670,2023-06-22,Hire,New Hire,,Sales,,Customer Success,,IC4,,151000.0,
TXN-0005285,EMP-2670,2023-11-09,Transfer,Internal Transfer,Sales,Product,Customer Success,Product Management,IC4,IC4,151000.0,151000.0,
TXN-0005286,EMP-2670,2024-05-10,Compensation Change,Market Adjustment,Product,Product,Product Management,Product Management,IC4,IC4,151000.0,167000.0,
TXN-0005287,EMP-2671,2021-09-22,Hire,New Hire,,Engineering,,Infrastructure / DevOps,,IC2,,83000.0,
TXN-0005288,EMP-2672,2020-01-30,Hire,New Hire,,Sales,,Enterprise Sales,,IC5,,174000.0,
TXN-0005289,EMP-2672,2022-07-25,Transfer,Internal Transfer,Sales,HR,Enterprise Sales,People Operations,IC5,IC5,174000.0,174000.0,
TXN-0005290,EMP-2673,2023-03-02,Hire,New Hire,,Sales,,Account Management,,IC5,,194000.0,
TXN-0005291,EMP-2673,2026-01-07,Compensation Change,Market Adjustment,Sales,Sales,Account Management,Account Management,IC5,IC5,194000.0,203000.0,
TXN-0005292,EMP-2674,2023-07-01,Hire,New Hire,,Marketing,,Brand,,IC1,,64000.0,
TXN-0005293,EMP-2675,2020-01-29,Hire,New Hire,,Engineering,,Software Engineering,,IC4,,146000.0,
TXN-0005294,EMP-2675,2025-04-07,Promotion,Merit Promotion,Engineering,Engineering,Software Engineering,Software Engineering,IC4,IC5,146000.0,185000.0,
TXN-0005295,EMP-2676,2021-11-03,Hire,New Hire,,Marketing,,Demand Generation,,IC4,,159000.0,
TXN-0005296,EMP-2676,2026-05-16,Transfer,Internal Transfer,Marketing,Legal,Demand Generation,Corporate Legal,IC4,IC4,159000.0,159000.0,
TXN-0005297,EMP-2676,2026-06-24,Transfer,Internal Transfer,Legal,Marketing,Corporate Legal,Marketing Operations,IC4,IC4,159000.0,159000.0,
TXN-0005298,EMP-2677,2025-12-02,Hire,New Hire,,Sales,,Customer Success,,IC1,,64000.0,
TXN-0005299,EMP-2677,2026-03-31,Transfer,Internal Transfer,Sales,Product,Customer Success,Product Operations,IC1,IC1,64000.0,64000.0,
TXN-0005300,EMP-2677,2026-06-30,Termination,Performance,,,,,,,,,Involuntary
TXN-0005301,EMP-2678,2019-06-07,Hire,New Hire,,Sales,,Customer Success,,M3,,206000.0,
TXN-0005302,EMP-2678,2022-03-13,Compensation Change,Merit Increase,Sales,Sales,Customer Success,Customer Success,M3,M3,206000.0,213000.0,
TXN-0005303,EMP-2679,2020-02-08,Hire,New Hire,,Engineering,,QA Engineering,,IC3,,133000.0,
TXN-0005304,EMP-2679,2023-04-25,Compensation Change,Market Adjustment,Engineering,Engineering,QA Engineering,QA Engineering,IC3,IC3,133000.0,147000.0,
TXN-0005305,EMP-2679,2023-12-23,Promotion,Merit Promotion,Engineering,Engineering,QA Engineering,QA Engineering,IC3,IC4,147000.0,138000.0,
TXN-0005306,EMP-2680,2020-01-13,Hire,New Hire,,HR,,HR Business Partnering,,IC5,,190000.0,
TXN-0005307,EMP-2680,2023-09-21,Compensation Change,Market Adjustment,HR,HR,HR Business Partnering,HR Business Partnering,IC5,IC5,190000.0,210000.0,
TXN-0005308,EMP-2680,2025-12-15,Termination,Reorganization,,,,,,,,,Involuntary
TXN-0005309,EMP-2681,2020-04-28,Hire,New Hire,,Product,,Product Operations,,IC5,,189000.0,
TXN-0005310,EMP-2681,2025-05-02,Compensation Change,Merit Increase,Product,Product,Product Operations,Product Operations,IC5,IC5,189000.0,198000.0,
TXN-0005311,EMP-2681,2025-08-03,Compensation Change,Market Adjustment,Product,Product,Product Operations,Product Operations,IC5,IC5,198000.0,222000.0,
TXN-0005312,EMP-2682,2026-04-22,Hire,New Hire,,Legal,,Employment Law,,IC1,,63000.0,
TXN-0005313,EMP-2683,2020-05-06,Hire,New Hire,,Engineering,,Security Engineering,,IC1,,61000.0,
TXN-0005314,EMP-2683,2023-10-23,Promotion,Merit Promotion,Engineering,Engineering,Security Engineering,Security Engineering,IC1,IC2,61000.0,95000.0,
TXN-0005315,EMP-2683,2025-06-16,Compensation Change,Merit Increase,Engineering,Engineering,Security Engineering,Security Engineering,IC2,IC2,95000.0,105000.0,
TXN-0005316,EMP-2684,2025-02-26,Hire,New Hire,,Engineering,,QA Engineering,,IC5,,194000.0,
TXN-0005317,EMP-2685,2020-05-05,Hire,New Hire,,HR,,People Operations,,IC2,,82000.0,
TXN-0005318,EMP-2685,2023-12-08,Transfer,Internal Transfer,HR,Finance,People Operations,Treasury,IC2,IC2,82000.0,82000.0,
TXN-0005319,EMP-2685,2024-01-22,Promotion,Merit Promotion,Finance,Finance,Treasury,Treasury,IC2,IC3,82000.0,132000.0,
TXN-0005320,EMP-2686,2021-08-11,Hire,New Hire,,Engineering,,Infrastructure / DevOps,,M2,,183000.0,
TXN-0005321,EMP-2686,2024-07-22,Termination,Compensation,,,,,,,,,Voluntary
TXN-0005322,EMP-2687,2020-01-04,Hire,New Hire,,Engineering,,Infrastructure / DevOps,,IC5,,183000.0,
TXN-0005323,EMP-2687,2026-02-02,Compensation Change,Merit Increase,Engineering,Engineering,Infrastructure / DevOps,Infrastructure / DevOps,IC5,IC5,183000.0,196000.0,
TXN-0005324,EMP-2687,2026-04-16,Transfer,Internal Transfer,Engineering,Legal,Infrastructure / DevOps,Compliance,IC5,IC5,196000.0,196000.0,
TXN-0005325,EMP-2687,2026-06-08,Termination,Personal Reasons,,,,,,,,,Voluntary
TXN-0005326,EMP-2688,2019-02-15,Hire,New Hire,,Marketing,,Brand,,IC1,,78000.0,
TXN-0005327,EMP-2688,2019-05-22,Transfer,Internal Transfer,Marketing,HR,Brand,People Operations,IC1,IC1,78000.0,78000.0,
TXN-0005328,EMP-2689,2025-10-30,Hire,New Hire,,Sales,,Revenue Operations,,M1,,137000.0,
TXN-0005329,EMP-2689,2026-05-31,Transfer,Internal Transfer,Sales,Engineering,Revenue Operations,Software Engineering,M1,M1,137000.0,137000.0,
TXN-0005330,EMP-2690,2021-10-12,Hire,New Hire,,Engineering,,Data Engineering,,IC2,,81000.0,
TXN-0005331,EMP-2691,2020-08-01,Hire,New Hire,,Sales,,Revenue Operations,,IC1,,70000.0,
TXN-0005332,EMP-2692,2025-04-25,Hire,New Hire,,Marketing,,Content Marketing,,IC4,,136000.0,
TXN-0005333,EMP-2692,2025-11-30,Termination,Career Move,,,,,,,,,Voluntary
TXN-0005334,EMP-2693,2023-05-08,Hire,New Hire,,Product,,Product Management,,IC3,,129000.0,
TXN-0005335,EMP-2693,2024-02-22,Promotion,Merit Promotion,Product,Product,Product Management,Product Management,IC3,IC4,129000.0,149000.0,
TXN-0005336,EMP-2694,2020-09-25,Hire,New Hire,,Finance,,Accounting,,IC1,,67000.0,
TXN-0005337,EMP-2694,2022-04-28,Compensation Change,Market Adjustment,Finance,Finance,Accounting,Accounting,IC1,IC1,67000.0,73000.0,
TXN-0005338,EMP-2694,2026-06-03,Compensation Change,Market Adjustment,Finance,Finance,Accounting,Accounting,IC1,IC1,73000.0,78000.0,
TXN-0005339,EMP-2695,2019-05-06,Hire,New Hire,,Product,,Product Management,,IC3,,106000.0,
TXN-0005340,EMP-2695,2026-05-24,Transfer,Internal Transfer,Product,Marketing,Product Management,Marketing Operations,IC3,IC3,106000.0,106000.0,
TXN-0005341,EMP-2696,2025-10-19,Hire,New Hire,,Product,,Product Operations,,IC2,,88000.0,
TXN-0005342,EMP-2696,2026-06-08,Compensation Change,Market Adjustment,Product,Product,Product Operations,Product Operations,IC2,IC2,88000.0,94000.0,
TXN-0005343,EMP-2697,2022-11-19,Hire,New Hire,,Engineering,,QA Engineering,,IC3,,134000.0,
TXN-0005344,EMP-2697,2023-05-30,Compensation Change,Market Adjustment,Engineering,Engineering,QA Engineering,QA Engineering,IC3,IC3,134000.0,143000.0,
TXN-0005345,EMP-2698,2018-05-18,Hire,New Hire,,Legal,,Compliance,,IC3,,113000.0,
TXN-0005346,EMP-2698,2022-08-10,Compensation Change,Market Adjustment,Legal,Legal,Compliance,Compliance,IC3,IC3,113000.0,123000.0,
TXN-0005347,EMP-2698,2025-05-27,Compensation Change,Merit Increase,Legal,Legal,Compliance,Compliance,IC3,IC3,123000.0,130000.0,
TXN-0005348,EMP-2698,2026-01-13,Termination,Personal Reasons,,,,,,,,,Voluntary
TXN-0005349,EMP-2699,2024-09-29,Hire,New Hire,,Marketing,,Marketing Operations,,IC2,,97000.0,
TXN-0005350,EMP-2699,2025-01-17,Transfer,Internal Transfer,Marketing,Engineering,Marketing Operations,QA Engineering,IC2,IC2,97000.0,97000.0,
TXN-0005351,EMP-2699,2025-11-18,Promotion,Merit Promotion,Engineering,Engineering,QA Engineering,QA Engineering,IC2,IC3,97000.0,124000.0,
TXN-0005352,EMP-2699,2026-01-05,Termination,Reorganization,,,,,,,,,Involuntary
TXN-0005353,EMP-2700,2022-11-11,Hire,New Hire,,Engineering,,QA Engineering,,IC2,,88000.0,
TXN-0005354,EMP-2700,2023-02-25,Promotion,Merit Promotion,Engineering,Engineering,QA Engineering,QA Engineering,IC2,IC3,88000.0,126000.0,
TXN-0005355,EMP-2700,2024-08-29,Compensation Change,Market Adjustment,Engineering,Engineering,QA Engineering,QA Engineering,IC3,IC3,126000.0,133000.0,
TXN-0005356,EMP-2701,2020-05-14,Hire,New Hire,,Marketing,,Brand,,IC1,,75000.0,
TXN-0005357,EMP-2701,2023-08-12,Compensation Change,Merit Increase,Marketing,Marketing,Brand,Brand,IC1,IC1,75000.0,81000.0,
TXN-0005358,EMP-2702,2022-06-12,Hire,New Hire,,Sales,,Revenue Operations,,IC3,,109000.0,
TXN-0005359,EMP-2702,2026-06-07,Transfer,Internal Transfer,Sales,HR,Revenue Operations,Talent Acquisition,IC3,IC3,109000.0,109000.0,
TXN-0005360,EMP-2703,2019-11-30,Hire,New Hire,,Legal,,Corporate Legal,,IC5,,188000.0,
TXN-0005361,EMP-2704,2022-02-16,Hire,New Hire,,Product,,Product Operations,,IC2,,88000.0,
TXN-0005362,EMP-2705,2018-10-17,Hire,New Hire,,Finance,,Treasury,,IC3,,113000.0,
TXN-0005363,EMP-2705,2026-04-16,Transfer,Internal Transfer,Finance,Sales,Treasury,Account Management,IC3,IC3,113000.0,113000.0,
TXN-0005364,EMP-2705,2026-06-29,Compensation Change,Merit Increase,Sales,Sales,Account Management,Account Management,IC3,IC3,113000.0,119000.0,
TXN-0005365,EMP-2706,2019-05-14,Hire,New Hire,,Engineering,,Infrastructure / DevOps,,IC1,,69000.0,
TXN-0005366,EMP-2706,2024-01-30,Transfer,Internal Transfer,Engineering,HR,Infrastructure / DevOps,Total Rewards,IC1,IC1,69000.0,69000.0,
TXN-0005367,EMP-2707,2022-02-05,Hire,New Hire,,HR,,Learning & Development,,M1,,151000.0,
TXN-0005368,EMP-2707,2025-03-21,Compensation Change,Merit Increase,HR,HR,Learning & Development,Learning & Development,M1,M1,151000.0,162000.0,
TXN-0005369,EMP-2707,2025-06-04,Compensation Change,Market Adjustment,HR,HR,Learning & Development,Learning & Development,M1,M1,162000.0,178000.0,
TXN-0005370,EMP-2708,2021-01-18,Hire,New Hire,,HR,,Total Rewards,,IC2,,99000.0,
TXN-0005371,EMP-2708,2023-09-12,Compensation Change,Merit Increase,HR,HR,Total Rewards,Total Rewards,IC2,IC2,99000.0,105000.0,
TXN-0005372,EMP-2709,2020-12-26,Hire,New Hire,,Engineering,,QA Engineering,,IC3,,134000.0,
TXN-0005373,EMP-2709,2024-04-15,Compensation Change,Market Adjustment,Engineering,Engineering,QA Engineering,QA Engineering,IC3,IC3,134000.0,143000.0,
TXN-0005374,EMP-2709,2025-07-03,Promotion,Merit Promotion,Engineering,Engineering,QA Engineering,QA Engineering,IC3,IC4,143000.0,159000.0,
TXN-0005375,EMP-2710,2025-03-24,Hire,New Hire,,Sales,,Enterprise Sales,,IC2,,94000.0,
TXN-0005376,EMP-2710,2025-12-23,Compensation Change,Market Adjustment,Sales,Sales,Enterprise Sales,Enterprise Sales,IC2,IC2,94000.0,101000.0,
TXN-0005377,EMP-2711,2020-11-09,Hire,New Hire,,Product,,Product Operations,,IC1,,69000.0,
TXN-0005378,EMP-2711,2021-07-25,Termination,Compensation,,,,,,,,,Voluntary
TXN-0005379,EMP-2712,2023-02-05,Hire,New Hire,,Marketing,,Demand Generation,,M3,,217000.0,
TXN-0005380,EMP-2712,2025-09-29,Transfer,Internal Transfer,Marketing,Legal,Demand Generation,Privacy & Data,M3,M3,217000.0,217000.0,
TXN-0005381,EMP-2713,2018-12-01,Hire,New Hire,,Product,,Product Operations,,M1,,134000.0,
TXN-0005382,EMP-2714,2025-05-18,Hire,New Hire,,Engineering,,Infrastructure / DevOps,,IC3,,111000.0,
TXN-0005383,EMP-2714,2025-06-24,Transfer,Internal Transfer,Engineering,HR,Infrastructure / DevOps,People Operations,IC3,IC3,111000.0,111000.0,
TXN-0005384,EMP-2714,2026-03-10,Transfer,Internal Transfer,HR,Engineering,People Operations,Software Engineering,IC3,IC3,111000.0,111000.0,
TXN-0005385,EMP-2715,2022-11-22,Hire,New Hire,,Product,,Product Operations,,M2,,193000.0,
TXN-0005386,EMP-2715,2025-04-21,Transfer,Internal Transfer,Product,Legal,Product Operations,Compliance,M2,M2,193000.0,193000.0,
TXN-0005387,EMP-2715,2026-06-26,Transfer,Internal Transfer,Legal,HR,Compliance,Talent Acquisition,M2,M2,193000.0,193000.0,
TXN-0005388,EMP-2716,2023-01-19,Hire,New Hire,,Engineering,,Security Engineering,,IC5,,193000.0,
TXN-0005389,EMP-2716,2023-08-12,Transfer,Internal Transfer,Engineering,HR,Security Engineering,Total Rewards,IC5,IC5,193000.0,193000.0,
TXN-0005390,EMP-2716,2025-06-28,Termination,Personal Reasons,,,,,,,,,Voluntary
TXN-0005391,EMP-2717,2019-06-26,Hire,New Hire,,Legal,,Compliance,,IC2,,90000.0,
TXN-0005392,EMP-2718,2021-01-07,Hire,New Hire,,Engineering,,QA Engineering,,IC2,,88000.0,
TXN-0005393,EMP-2718,2026-05-15,Compensation Change,Merit Increase,Engineering,Engineering,QA Engineering,QA Engineering,IC2,IC2,88000.0,94000.0,
TXN-0005394,EMP-2718,2026-06-24,Compensation Change,Merit Increase,Engineering,Engineering,QA Engineering,QA Engineering,IC2,IC2,94000.0,105000.0,
TXN-0005395,EMP-2719,2021-09-29,Hire,New Hire,,Sales,,Account Management,,IC2,,105000.0,
TXN-0005396,EMP-2719,2022-09-22,Transfer,Internal Transfer,Sales,Legal,Account Management,Privacy & Data,IC2,IC2,105000.0,105000.0,
TXN-0005397,EMP-2720,2025-10-19,Hire,New Hire,,Finance,,Accounting,,IC5,,177000.0,
TXN-0005398,EMP-2720,2026-05-20,Compensation Change,Merit Increase,Finance,Finance,Accounting,Accounting,IC5,IC5,177000.0,198000.0,
TXN-0005399,EMP-2721,2025-03-27,Hire,New Hire,,Engineering,,Security Engineering,,IC2,,100000.0,
TXN-0005400,EMP-2721,2025-05-11,Compensation Change,Market Adjustment,Engineering,Engineering,Security Engineering,Security Engineering,IC2,IC2,100000.0,105000.0,
TXN-0005401,EMP-2722,2021-06-08,Hire,New Hire,,Sales,,Enterprise Sales,,IC1,,71000.0,
TXN-0005402,EMP-2722,2023-02-12,Promotion,Merit Promotion,Sales,Sales,Enterprise Sales,Enterprise Sales,IC1,IC2,71000.0,89000.0,
TXN-0005403,EMP-2722,2023-07-07,Compensation Change,Market Adjustment,Sales,Sales,Enterprise Sales,Enterprise Sales,IC2,IC2,89000.0,97000.0,
TXN-0005404,EMP-2723,2022-11-06,Hire,New Hire,,Sales,,Enterprise Sales,,IC2,,86000.0,
TXN-0005405,EMP-2724,2019-03-11,Hire,New Hire,,Finance,,Treasury,,IC3,,135000.0,
TXN-0005406,EMP-2725,2024-07-11,Hire,New Hire,,Finance,,Tax,,M2,,166000.0,
TXN-0005407,EMP-2725,2025-07-28,Compensation Change,Merit Increase,Finance,Finance,Tax,Tax,M2,M2,166000.0,177000.0,
TXN-0005408,EMP-2726,2024-11-16,Hire,New Hire,,Sales,,Revenue Operations,,IC1,,71000.0,
TXN-0005409,EMP-2726,2025-02-01,Promotion,Merit Promotion,Sales,Sales,Revenue Operations,Revenue Operations,IC1,IC2,71000.0,82000.0,
TXN-0005410,EMP-2727,2026-05-29,Hire,New Hire,,Engineering,,QA Engineering,,M1,,159000.0,
TXN-0005411,EMP-2728,2020-08-07,Hire,New Hire,,Product,,Product Management,,VP,,363000.0,
TXN-0005412,EMP-2728,2023-11-02,Compensation Change,Market Adjustment,Product,Product,Product Management,Product Management,VP,VP,363000.0,374000.0,
TXN-0005413,EMP-2729,2025-03-01,Hire,New Hire,,Engineering,,QA Engineering,,M3,,236000.0,
TXN-0005414,EMP-2729,2025-08-31,Transfer,Internal Transfer,Engineering,HR,QA Engineering,Talent Acquisition,M3,M3,236000.0,236000.0,
TXN-0005415,EMP-2730,2024-01-31,Hire,New Hire,,HR,,HR Business Partnering,,IC1,,71000.0,
TXN-0005416,EMP-2730,2025-10-26,Transfer,Internal Transfer,HR,Engineering,HR Business Partnering,Data Engineering,IC1,IC1,71000.0,71000.0,
TXN-0005417,EMP-2730,2026-01-12,Compensation Change,Merit Increase,Engineering,Engineering,Data Engineering,Data Engineering,IC1,IC1,71000.0,77000.0,
TXN-0005418,EMP-2731,2024-10-04,Hire,New Hire,,Legal,,Privacy & Data,,IC3,,135000.0,
TXN-0005419,EMP-2732,2021-04-03,Hire,New Hire,,Engineering,,Data Engineering,,IC2,,94000.0,
TXN-0005420,EMP-2732,2026-04-19,Compensation Change,Market Adjustment,Engineering,Engineering,Data Engineering,Data Engineering,IC2,IC2,94000.0,104000.0,
TXN-0005421,EMP-2733,2023-04-26,Hire,New Hire,,Engineering,,Security Engineering,,M1,,138000.0,
TXN-0005422,EMP-2733,2023-06-14,Compensation Change,Market Adjustment,Engineering,Engineering,Security Engineering,Security Engineering,M1,M1,138000.0,151000.0,
TXN-0005423,EMP-2734,2019-07-14,Hire,New Hire,,Product,,Product Operations,,IC2,,100000.0,
TXN-0005424,EMP-2734,2023-08-17,Promotion,Merit Promotion,Product,Product,Product Operations,Product Operations,IC2,IC3,100000.0,130000.0,
TXN-0005425,EMP-2735,2019-10-09,Hire,New Hire,,Engineering,,Security Engineering,,IC3,,118000.0,
TXN-0005426,EMP-2735,2025-08-01,Promotion,Merit Promotion,Engineering,Engineering,Security Engineering,Security Engineering,IC3,IC4,118000.0,147000.0,
TXN-0005427,EMP-2736,2024-04-06,Hire,New Hire,,Sales,,Revenue Operations,,IC1,,75000.0,
TXN-0005428,EMP-2736,2025-10-27,Compensation Change,Merit Increase,Sales,Sales,Revenue Operations,Revenue Operations,IC1,IC1,75000.0,79000.0,
TXN-0005429,EMP-2736,2026-06-19,Promotion,Merit Promotion,Sales,Sales,Revenue Operations,Revenue Operations,IC1,IC2,79000.0,93000.0,
TXN-0005430,EMP-2737,2019-11-10,Hire,New Hire,,Sales,,Customer Success,,IC2,,92000.0,
TXN-0005431,EMP-2737,2020-07-10,Promotion,Merit Promotion,Sales,Sales,Customer Success,Customer Success,IC2,IC3,92000.0,118000.0,
TXN-0005432,EMP-2738,2019-11-09,Hire,New Hire,,HR,,Learning & Development,,IC3,,116000.0,
TXN-0005433,EMP-2738,2023-02-04,Promotion,Merit Promotion,HR,HR,Learning & Development,Learning & Development,IC3,IC4,116000.0,143000.0,
TXN-0005434,EMP-2738,2024-05-30,Promotion,Merit Promotion,HR,HR,Learning & Development,Learning & Development,IC4,IC5,143000.0,178000.0,
TXN-0005435,EMP-2738,2025-04-17,Termination,Career Move,,,,,,,,,Voluntary
TXN-0005436,EMP-2739,2025-11-25,Hire,New Hire,,Marketing,,Demand Generation,,IC2,,92000.0,
TXN-0005437,EMP-2739,2026-02-26,Compensation Change,Merit Increase,Marketing,Marketing,Demand Generation,Demand Generation,IC2,IC2,92000.0,97000.0,
TXN-0005438,EMP-2739,2026-04-20,Transfer,Internal Transfer,Marketing,HR,Demand Generation,Learning & Development,IC2,IC2,97000.0,97000.0,
TXN-0005439,EMP-2740,2022-06-09,Hire,New Hire,,HR,,HR Business Partnering,,IC4,,155000.0,
TXN-0005440,EMP-2740,2022-12-18,Termination,Career Move,,,,,,,,,Voluntary
TXN-0005441,EMP-2741,2026-01-25,Hire,New Hire,,Engineering,,QA Engineering,,IC3,,120000.0,
TXN-0005442,EMP-2741,2026-06-08,Promotion,Merit Promotion,Engineering,Engineering,QA Engineering,QA Engineering,IC3,IC4,120000.0,136000.0,
TXN-0005443,EMP-2742,2025-10-27,Hire,New Hire,,Sales,,Account Management,,IC3,,135000.0,
TXN-0005444,EMP-2742,2026-03-21,Transfer,Internal Transfer,Sales,Engineering,Account Management,Security Engineering,IC3,IC3,135000.0,135000.0,
TXN-0005445,EMP-2742,2026-04-20,Promotion,Merit Promotion,Engineering,Engineering,Security Engineering,Security Engineering,IC3,IC4,135000.0,138000.0,
TXN-0005446,EMP-2743,2022-12-29,Hire,New Hire,,Finance,,Accounting,,IC3,,119000.0,
TXN-0005447,EMP-2743,2023-07-17,Compensation Change,Merit Increase,Finance,Finance,Accounting,Accounting,IC3,IC3,119000.0,132000.0,
TXN-0005448,EMP-2744,2021-03-31,Hire,New Hire,,Marketing,,Marketing Operations,,IC5,,166000.0,
TXN-0005449,EMP-2744,2022-03-19,Compensation Change,Market Adjustment,Marketing,Marketing,Marketing Operations,Marketing Operations,IC5,IC5,166000.0,173000.0,
TXN-0005450,EMP-2744,2022-04-18,Termination,Career Move,,,,,,,,,Voluntary
TXN-0005451,EMP-2745,2023-11-18,Hire,New Hire,,Sales,,Revenue Operations,,IC1,,67000.0,
TXN-0005452,EMP-2746,2021-07-06,Hire,New Hire,,Finance,,Financial Planning & Analysis,,M2,,199000.0,
TXN-0005453,EMP-2746,2026-03-29,Transfer,Internal Transfer,Finance,Engineering,Financial Planning & Analysis,Infrastructure / DevOps,M2,M2,199000.0,199000.0,
TXN-0005454,EMP-2746,2026-04-29,Compensation Change,Market Adjustment,Engineering,Engineering,Infrastructure / DevOps,Infrastructure / DevOps,M2,M2,199000.0,206000.0,
TXN-0005455,EMP-2747,2018-12-06,Hire,New Hire,,Sales,,Enterprise Sales,,IC5,,186000.0,
TXN-0005456,EMP-2748,2025-01-12,Hire,New Hire,,Sales,,Revenue Operations,,IC2,,81000.0,
TXN-0005457,EMP-2749,2021-01-27,Hire,New Hire,,Product,,UX / Design,,IC1,,80000.0,
TXN-0005458,EMP-2750,2021-09-23,Hire,New Hire,,Marketing,,Product Marketing,,IC2,,84000.0,
TXN-0005459,EMP-2751,2020-12-04,Hire,New Hire,,Engineering,,Software Engineering,,IC2,,90000.0,
TXN-0005460,EMP-2751,2021-08-15,Compensation Change,Market Adjustment,Engineering,Engineering,Software Engineering,Software Engineering,IC2,IC2,90000.0,99000.0,
TXN-0005461,EMP-2752,2019-03-10,Hire,New Hire,,Marketing,,Marketing Operations,,IC2,,84000.0,
TXN-0005462,EMP-2752,2020-05-10,Transfer,Internal Transfer,Marketing,Product,Marketing Operations,Product Operations,IC2,IC2,84000.0,84000.0,
TXN-0005463,EMP-2752,2026-01-13,Termination,Reorganization,,,,,,,,,Involuntary
TXN-0005464,EMP-2753,2021-12-21,Hire,New Hire,,Sales,,Revenue Operations,,M1,,131000.0,
TXN-0005465,EMP-2753,2023-11-18,Compensation Change,Market Adjustment,Sales,Sales,Revenue Operations,Revenue Operations,M1,M1,131000.0,138000.0,
TXN-0005466,EMP-2753,2024-03-20,Compensation Change,Market Adjustment,Sales,Sales,Revenue Operations,Revenue Operations,M1,M1,138000.0,153000.0,
TXN-0005467,EMP-2754,2024-12-31,Hire,New Hire,,Engineering,,QA Engineering,,M1,,157000.0,
TXN-0005468,EMP-2754,2025-04-02,Compensation Change,Merit Increase,Engineering,Engineering,QA Engineering,QA Engineering,M1,M1,157000.0,174000.0,
TXN-0005469,EMP-2755,2019-05-23,Hire,New Hire,,Sales,,Sales Development,,M3,,218000.0,
TXN-0005470,EMP-2756,2024-12-03,Hire,New Hire,,Engineering,,Security Engineering,,IC1,,61000.0,
TXN-0005471,EMP-2756,2025-05-01,Promotion,Merit Promotion,Engineering,Engineering,Security Engineering,Security Engineering,IC1,IC2,61000.0,102000.0,
TXN-0005472,EMP-2757,2022-12-29,Hire,New Hire,,Legal,,Privacy & Data,,IC4,,151000.0,
TXN-0005473,EMP-2757,2024-07-23,Promotion,Merit Promotion,Legal,Legal,Privacy & Data,Privacy & Data,IC4,IC5,151000.0,173000.0,
TXN-0005474,EMP-2758,2025-07-14,Hire,New Hire,,Sales,,Sales Development,,M1,,151000.0,
TXN-0005475,EMP-2758,2025-12-19,Termination,Personal Reasons,,,,,,,,,Voluntary
TXN-0005476,EMP-2759,2018-12-09,Hire,New Hire,,Finance,,Tax,,IC5,,161000.0,
TXN-0005477,EMP-2759,2024-02-23,Transfer,Internal Transfer,Finance,Engineering,Tax,Infrastructure / DevOps,IC5,IC5,161000.0,161000.0,
TXN-0005478,EMP-2759,2024-03-29,Compensation Change,Market Adjustment,Engineering,Engineering,Infrastructure / DevOps,Infrastructure / DevOps,IC5,IC5,161000.0,179000.0,
TXN-0005479,EMP-2760,2021-03-09,Hire,New Hire,,Finance,,Tax,,IC1,,67000.0,
TXN-0005480,EMP-2760,2025-09-30,Promotion,Merit Promotion,Finance,Finance,Tax,Tax,IC1,IC2,67000.0,91000.0,
TXN-0005481,EMP-2760,2025-11-22,Termination,Career Move,,,,,,,,,Voluntary
TXN-0005482,EMP-2761,2019-12-26,Hire,New Hire,,Engineering,,Infrastructure / DevOps,,IC3,,128000.0,
TXN-0005483,EMP-2762,2019-09-11,Hire,New Hire,,Marketing,,Demand Generation,,IC2,,89000.0,
TXN-0005484,EMP-2762,2022-04-07,Promotion,Merit Promotion,Marketing,Marketing,Demand Generation,Demand Generation,IC2,IC3,89000.0,134000.0,
TXN-0005485,EMP-2763,2021-02-22,Hire,New Hire,,HR,,Talent Acquisition,,IC3,,132000.0,
TXN-0005486,EMP-2764,2021-01-01,Hire,New Hire,,Engineering,,QA Engineering,,IC1,,74000.0,
TXN-0005487,EMP-2764,2025-11-28,Transfer,Internal Transfer,Engineering,Sales,QA Engineering,Sales Development,IC1,IC1,74000.0,74000.0,
TXN-0005488,EMP-2764,2026-02-08,Transfer,Internal Transfer,Sales,Finance,Sales Development,Accounting,IC1,IC1,74000.0,74000.0,
TXN-0005489,EMP-2765,2019-01-29,Hire,New Hire,,Legal,,Corporate Legal,,VP,,366000.0,
TXN-0005490,EMP-2765,2019-12-11,Compensation Change,Merit Increase,Legal,Legal,Corporate Legal,Corporate Legal,VP,VP,366000.0,406000.0,
TXN-0005491,EMP-2766,2026-03-31,Hire,New Hire,,HR,,People Operations,,IC4,,153000.0,
TXN-0005492,EMP-2767,2024-12-25,Hire,New Hire,,Marketing,,Demand Generation,,IC1,,66000.0,
TXN-0005493,EMP-2767,2026-03-23,Promotion,Merit Promotion,Marketing,Marketing,Demand Generation,Demand Generation,IC1,IC2,66000.0,94000.0,
TXN-0005494,EMP-2768,2021-11-23,Hire,New Hire,,Engineering,,Infrastructure / DevOps,,M2,,195000.0,
TXN-0005495,EMP-2768,2022-09-20,Compensation Change,Market Adjustment,Engineering,Engineering,Infrastructure / DevOps,Infrastructure / DevOps,M2,M2,195000.0,205000.0,
TXN-0005496,EMP-2768,2025-09-05,Transfer,Internal Transfer,Engineering,Product,Infrastructure / DevOps,Product Management,M2,M2,205000.0,205000.0,
TXN-0005497,EMP-2769,2021-02-04,Hire,New Hire,,Sales,,Enterprise Sales,,M2,,167000.0,
TXN-0005498,EMP-2769,2021-04-12,Compensation Change,Market Adjustment,Sales,Sales,Enterprise Sales,Enterprise Sales,M2,M2,167000.0,180000.0,
TXN-0005499,EMP-2770,2025-04-14,Hire,New Hire,,Product,,Product Operations,,IC3,,120000.0,
TXN-0005500,EMP-2770,2025-10-08,Compensation Change,Merit Increase,Product,Product,Product Operations,Product Operations,IC3,IC3,120000.0,132000.0,
TXN-0005501,EMP-2771,2022-11-26,Hire,New Hire,,Sales,,Revenue Operations,,IC4,,143000.0,
TXN-0005502,EMP-2771,2026-02-22,Promotion,Merit Promotion,Sales,Sales,Revenue Operations,Revenue Operations,IC4,IC5,143000.0,161000.0,
TXN-0005503,EMP-2771,2026-03-24,Compensation Change,Market Adjustment,Sales,Sales,Revenue Operations,Revenue Operations,IC5,IC5,161000.0,167000.0,
TXN-0005504,EMP-2772,2026-01-05,Hire,New Hire,,Engineering,,Security Engineering,,IC2,,80000.0,
TXN-0005505,EMP-2772,2026-02-13,Transfer,Internal Transfer,Engineering,Marketing,Security Engineering,Content Marketing,IC2,IC2,80000.0,80000.0,
TXN-0005506,EMP-2773,2018-01-22,Hire,New Hire,,Product,,UX / Design,,Director,,237000.0,
TXN-0005507,EMP-2773,2024-05-11,Compensation Change,Market Adjustment,Product,Product,UX / Design,UX / Design,Director,Director,237000.0,245000.0,
TXN-0005508,EMP-2773,2024-06-25,Compensation Change,Merit Increase,Product,Product,UX / Design,UX / Design,Director,Director,245000.0,267000.0,
TXN-0005509,EMP-2773,2025-11-03,Termination,Personal Reasons,,,,,,,,,Voluntary
TXN-0005510,EMP-2774,2019-04-11,Hire,New Hire,,Engineering,,Data Engineering,,IC1,,60000.0,
TXN-0005511,EMP-2774,2020-09-06,Compensation Change,Market Adjustment,Engineering,Engineering,Data Engineering,Data Engineering,IC1,IC1,60000.0,65000.0,
TXN-0005512,EMP-2775,2021-09-07,Hire,New Hire,,HR,,Total Rewards,,IC1,,70000.0,
TXN-0005513,EMP-2776,2018-04-10,Hire,New Hire,,Engineering,,Security Engineering,,IC1,,63000.0,
TXN-0005514,EMP-2777,2020-01-23,Hire,New Hire,,Legal,,Corporate Legal,,M1,,143000.0,
TXN-0005515,EMP-2777,2020-10-08,Compensation Change,Market Adjustment,Legal,Legal,Corporate Legal,Corporate Legal,M1,M1,143000.0,152000.0,
TXN-0005516,EMP-2777,2026-02-06,Compensation Change,Market Adjustment,Legal,Legal,Corporate Legal,Corporate Legal,M1,M1,152000.0,168000.0,
TXN-0005517,EMP-2778,2021-11-16,Hire,New Hire,,Engineering,,Software Engineering,,IC1,,74000.0,
TXN-0005518,EMP-2778,2024-12-06,Compensation Change,Merit Increase,Engineering,Engineering,Software Engineering,Software Engineering,IC1,IC1,74000.0,77000.0,
TXN-0005519,EMP-2779,2019-01-15,Hire,New Hire,,Engineering,,QA Engineering,,IC3,,108000.0,
TXN-0005520,EMP-2779,2026-03-17,Compensation Change,Market Adjustment,Engineering,Engineering,QA Engineering,QA Engineering,IC3,IC3,108000.0,121000.0,
TXN-0005521,EMP-2779,2026-06-09,Termination,Career Move,,,,,,,,,Voluntary
TXN-0005522,EMP-2780,2020-06-04,Hire,New Hire,,Sales,,Sales Development,,IC3,,119000.0,
TXN-0005523,EMP-2780,2023-06-25,Transfer,Internal Transfer,Sales,Marketing,Sales Development,Product Marketing,IC3,IC3,119000.0,119000.0,
TXN-0005524,EMP-2781,2024-05-12,Hire,New Hire,,Marketing,,Content Marketing,,Director,,260000.0,
TXN-0005525,EMP-2781,2025-06-21,Transfer,Internal Transfer,Marketing,HR,Content Marketing,Talent Acquisition,Director,Director,260000.0,260000.0,
TXN-0005526,EMP-2781,2025-10-05,Transfer,Internal Transfer,HR,Engineering,Talent Acquisition,Data Engineering,Director,Director,260000.0,260000.0,
TXN-0005527,EMP-2782,2021-05-01,Hire,New Hire,,Product,,Product Operations,,IC2,,82000.0,
TXN-0005528,EMP-2782,2026-06-04,Transfer,Internal Transfer,Product,Marketing,Product Operations,Brand,IC2,IC2,82000.0,82000.0,
TXN-0005529,EMP-2783,2020-04-30,Hire,New Hire,,Legal,,Privacy & Data,,IC2,,89000.0,
TXN-0005530,EMP-2783,2023-12-11,Compensation Change,Market Adjustment,Legal,Legal,Privacy & Data,Privacy & Data,IC2,IC2,89000.0,96000.0,
TXN-0005531,EMP-2784,2022-09-20,Hire,New Hire,,Engineering,,Infrastructure / DevOps,,IC2,,99000.0,
TXN-0005532,EMP-2784,2024-06-12,Transfer,Internal Transfer,Engineering,Product,Infrastructure / DevOps,Product Operations,IC2,IC2,99000.0,99000.0,
TXN-0005533,EMP-2784,2024-10-30,Transfer,Internal Transfer,Product,Marketing,Product Operations,Marketing Operations,IC2,IC2,99000.0,99000.0,
TXN-0005534,EMP-2785,2020-07-23,Hire,New Hire,,HR,,HR Business Partnering,,M1,,164000.0,
TXN-0005535,EMP-2786,2020-09-12,Hire,New Hire,,Engineering,,Data Engineering,,IC4,,152000.0,
TXN-0005536,EMP-2786,2020-10-28,Compensation Change,Merit Increase,Engineering,Engineering,Data Engineering,Data Engineering,IC4,IC4,152000.0,161000.0,
TXN-0005537,EMP-2787,2020-11-24,Hire,New Hire,,Sales,,Account Management,,IC5,,161000.0,
TXN-0005538,EMP-2787,2023-02-09,Transfer,Internal Transfer,Sales,HR,Account Management,People Operations,IC5,IC5,161000.0,161000.0,
TXN-0005539,EMP-2788,2019-09-18,Hire,New Hire,,Engineering,,Security Engineering,,IC2,,81000.0,
TXN-0005540,EMP-2788,2024-07-30,Promotion,Merit Promotion,Engineering,Engineering,Security Engineering,Security Engineering,IC2,IC3,81000.0,120000.0,
TXN-0005541,EMP-2789,2023-06-12,Hire,New Hire,,HR,,HR Business Partnering,,IC2,,93000.0,
TXN-0005542,EMP-2790,2018-06-26,Hire,New Hire,,Engineering,,Infrastructure / DevOps,,IC1,,69000.0,
TXN-0005543,EMP-2791,2018-07-26,Hire,New Hire,,Engineering,,Security Engineering,,IC2,,89000.0,
TXN-0005544,EMP-2792,2025-01-05,Hire,New Hire,,Sales,,Revenue Operations,,IC5,,189000.0,
TXN-0005545,EMP-2793,2018-10-06,Hire,New Hire,,Sales,,Revenue Operations,,IC3,,121000.0,
TXN-0005546,EMP-2793,2023-04-27,Compensation Change,Merit Increase,Sales,Sales,Revenue Operations,Revenue Operations,IC3,IC3,121000.0,130000.0,
TXN-0005547,EMP-2793,2024-04-17,Transfer,Internal Transfer,Sales,Engineering,Revenue Operations,QA Engineering,IC3,IC3,130000.0,130000.0,
TXN-0005548,EMP-2793,2024-11-08,Termination,Personal Reasons,,,,,,,,,Voluntary
TXN-0005549,EMP-2794,2022-03-26,Hire,New Hire,,Sales,,Enterprise Sales,,IC1,,70000.0,
TXN-0005550,EMP-2794,2023-01-24,Promotion,Merit Promotion,Sales,Sales,Enterprise Sales,Enterprise Sales,IC1,IC2,70000.0,87000.0,
TXN-0005551,EMP-2795,2024-11-02,Hire,New Hire,,Engineering,,Security Engineering,,IC1,,80000.0,
TXN-0005552,EMP-2796,2024-04-07,Hire,New Hire,,HR,,Talent Acquisition,,IC3,,124000.0,
TXN-0005553,EMP-2797,2023-02-11,Hire,New Hire,,HR,,Learning & Development,,IC2,,94000.0,
TXN-0005554,EMP-2797,2024-07-30,Promotion,Merit Promotion,HR,HR,Learning & Development,Learning & Development,IC2,IC3,94000.0,117000.0,
TXN-0005555,EMP-2797,2025-07-20,Transfer,Internal Transfer,HR,Legal,Learning & Development,Privacy & Data,IC3,IC3,117000.0,117000.0,
TXN-0005556,EMP-2798,2022-05-04,Hire,New Hire,,Sales,,Account Management,,IC3,,110000.0,
TXN-0005557,EMP-2799,2026-05-21,Hire,New Hire,,Engineering,,Security Engineering,,Director,,238000.0,
TXN-0005558,EMP-2800,2025-09-01,Hire,New Hire,,Product,,UX / Design,,IC2,,86000.0,
TXN-0005559,EMP-2800,2026-01-17,Transfer,Internal Transfer,Product,Sales,UX / Design,Enterprise Sales,IC2,IC2,86000.0,86000.0,
TXN-0005560,EMP-2800,2026-04-18,Transfer,Internal Transfer,Sales,Product,Enterprise Sales,UX / Design,IC2,IC2,86000.0,86000.0,
TXN-0005561,EMP-2801,2023-12-01,Hire,New Hire,,Finance,,Treasury,,IC2,,81000.0,
TXN-0005562,EMP-2802,2025-02-20,Hire,New Hire,,Legal,,Corporate Legal,,IC2,,86000.0,
TXN-0005563,EMP-2802,2025-05-22,Compensation Change,Market Adjustment,Legal,Legal,Corporate Legal,Corporate Legal,IC2,IC2,86000.0,94000.0,
TXN-0005564,EMP-2802,2025-08-30,Promotion,Merit Promotion,Legal,Legal,Corporate Legal,Corporate Legal,IC2,IC3,94000.0,123000.0,
TXN-0005565,EMP-2803,2026-02-07,Hire,New Hire,,Finance,,Tax,,IC1,,65000.0,
TXN-0005566,EMP-2803,2026-06-09,Compensation Change,Market Adjustment,Finance,Finance,Tax,Tax,IC1,IC1,65000.0,69000.0,
TXN-0005567,EMP-2804,2019-07-07,Hire,New Hire,,Legal,,Corporate Legal,,IC1,,71000.0,
TXN-0005568,EMP-2805,2020-11-02,Hire,New Hire,,Engineering,,Software Engineering,,IC4,,154000.0,
TXN-0005569,EMP-2805,2021-07-29,Compensation Change,Market Adjustment,Engineering,Engineering,Software Engineering,Software Engineering,IC4,IC4,154000.0,168000.0,
TXN-0005570,EMP-2806,2021-11-05,Hire,New Hire,,Marketing,,Content Marketing,,M1,,141000.0,
TXN-0005571,EMP-2807,2022-07-05,Hire,New Hire,,Sales,,Revenue Operations,,IC4,,139000.0,
TXN-0005572,EMP-2808,2022-09-17,Hire,New Hire,,Engineering,,Security Engineering,,IC1,,72000.0,
TXN-0005573,EMP-2808,2024-04-01,Promotion,Merit Promotion,Engineering,Engineering,Security Engineering,Security Engineering,IC1,IC2,72000.0,93000.0,
TXN-0005574,EMP-2808,2025-07-23,Compensation Change,Market Adjustment,Engineering,Engineering,Security Engineering,Security Engineering,IC2,IC2,93000.0,104000.0,
TXN-0005575,EMP-2809,2023-11-23,Hire,New Hire,,Marketing,,Content Marketing,,M1,,165000.0,
TXN-0005576,EMP-2809,2025-09-03,Transfer,Internal Transfer,Marketing,Sales,Content Marketing,Sales Development,M1,M1,165000.0,165000.0,
TXN-0005577,EMP-2810,2022-09-30,Hire,New Hire,,Engineering,,Infrastructure / DevOps,,IC2,,98000.0,
TXN-0005578,EMP-2811,2022-07-03,Hire,New Hire,,Legal,,Compliance,,IC1,,70000.0,
TXN-0005579,EMP-2812,2018-11-21,Hire,New Hire,,Engineering,,QA Engineering,,IC2,,101000.0,
TXN-0005580,EMP-2812,2019-01-06,Compensation Change,Merit Increase,Engineering,Engineering,QA Engineering,QA Engineering,IC2,IC2,101000.0,104000.0,
TXN-0005581,EMP-2812,2023-11-23,Termination,Personal Reasons,,,,,,,,,Voluntary
TXN-0005582,EMP-2813,2022-05-18,Hire,New Hire,,Engineering,,Software Engineering,,IC2,,95000.0,
TXN-0005583,EMP-2813,2022-12-05,Promotion,Merit Promotion,Engineering,Engineering,Software Engineering,Software Engineering,IC2,IC3,95000.0,123000.0,
TXN-0005584,EMP-2814,2021-12-27,Hire,New Hire,,HR,,Learning & Development,,IC3,,131000.0,
TXN-0005585,EMP-2814,2024-09-23,Termination,Reorganization,,,,,,,,,Involuntary
TXN-0005586,EMP-2815,2022-06-27,Hire,New Hire,,Sales,,Sales Development,,IC4,,151000.0,
TXN-0005587,EMP-2815,2023-06-12,Compensation Change,Market Adjustment,Sales,Sales,Sales Development,Sales Development,IC4,IC4,151000.0,156000.0,
TXN-0005588,EMP-2816,2026-01-03,Hire,New Hire,,Marketing,,Content Marketing,,IC2,,88000.0,
TXN-0005589,EMP-2816,2026-03-24,Promotion,Merit Promotion,Marketing,Marketing,Content Marketing,Content Marketing,IC2,IC3,88000.0,128000.0,
TXN-0005590,EMP-2817,2019-03-23,Hire,New Hire,,Sales,,Revenue Operations,,VP,,379000.0,
TXN-0005591,EMP-2817,2019-10-26,Compensation Change,Market Adjustment,Sales,Sales,Revenue Operations,Revenue Operations,VP,VP,379000.0,392000.0,
TXN-0005592,EMP-2817,2020-08-20,Compensation Change,Merit Increase,Sales,Sales,Revenue Operations,Revenue Operations,VP,VP,392000.0,432000.0,
TXN-0005593,EMP-2818,2020-11-01,Hire,New Hire,,Product,,Product Management,,IC1,,73000.0,
TXN-0005594,EMP-2819,2022-09-19,Hire,New Hire,,Engineering,,QA Engineering,,IC2,,86000.0,
TXN-0005595,EMP-2819,2023-08-02,Compensation Change,Market Adjustment,Engineering,Engineering,QA Engineering,QA Engineering,IC2,IC2,86000.0,94000.0,
TXN-0005596,EMP-2819,2025-06-17,Termination,Reorganization,,,,,,,,,Involuntary
TXN-0005597,EMP-2820,2023-08-07,Hire,New Hire,,Legal,,Privacy & Data,,IC3,,125000.0,
TXN-0005598,EMP-2821,2024-06-05,Hire,New Hire,,Sales,,Enterprise Sales,,IC5,,167000.0,
TXN-0005599,EMP-2821,2025-06-21,Transfer,Internal Transfer,Sales,Legal,Enterprise Sales,Privacy & Data,IC5,IC5,167000.0,167000.0,
TXN-0005600,EMP-2822,2026-04-15,Hire,New Hire,,Engineering,,Data Engineering,,IC2,,81000.0,
TXN-0005601,EMP-2822,2026-06-17,Termination,Performance,,,,,,,,,Involuntary
TXN-0005602,EMP-2823,2020-07-24,Hire,New Hire,,Sales,,Account Management,,IC3,,129000.0,
TXN-0005603,EMP-2824,2020-10-05,Hire,New Hire,,Sales,,Sales Development,,M1,,151000.0,
TXN-0005604,EMP-2824,2023-05-23,Compensation Change,Merit Increase,Sales,Sales,Sales Development,Sales Development,M1,M1,151000.0,165000.0,
TXN-0005605,EMP-2825,2021-06-20,Hire,New Hire,,Product,,UX / Design,,IC1,,74000.0,
TXN-0005606,EMP-2825,2025-08-26,Promotion,Merit Promotion,Product,Product,UX / Design,UX / Design,IC1,IC2,74000.0,98000.0,
TXN-0005607,EMP-2826,2023-04-20,Hire,New Hire,,Engineering,,Security Engineering,,IC1,,63000.0,
TXN-0005608,EMP-2826,2026-01-28,Promotion,Merit Promotion,Engineering,Engineering,Security Engineering,Security Engineering,IC1,IC2,63000.0,102000.0,
TXN-0005609,EMP-2826,2026-06-01,Compensation Change,Market Adjustment,Engineering,Engineering,Security Engineering,Security Engineering,IC2,IC2,102000.0,107000.0,
TXN-0005610,EMP-2827,2018-02-11,Hire,New Hire,,Engineering,,Security Engineering,,M1,,146000.0,
TXN-0005611,EMP-2828,2024-04-08,Hire,New Hire,,Marketing,,Brand,,VP,,309000.0,
TXN-0005612,EMP-2829,2020-11-29,Hire,New Hire,,Engineering,,Data Engineering,,IC1,,62000.0,
TXN-0005613,EMP-2829,2023-08-18,Compensation Change,Merit Increase,Engineering,Engineering,Data Engineering,Data Engineering,IC1,IC1,62000.0,64000.0,
TXN-0005614,EMP-2829,2024-07-04,Transfer,Internal Transfer,Engineering,Sales,Data Engineering,Account Management,IC1,IC1,64000.0,64000.0,
TXN-0005615,EMP-2830,2024-04-28,Hire,New Hire,,Legal,,Corporate Legal,,M1,,143000.0,
TXN-0005616,EMP-2831,2022-04-01,Hire,New Hire,,Product,,UX / Design,,IC2,,104000.0,
TXN-0005617,EMP-2832,2018-08-17,Hire,New Hire,,Sales,,Revenue Operations,,IC4,,152000.0,
TXN-0005618,EMP-2833,2020-09-07,Hire,New Hire,,Sales,,Customer Success,,IC4,,143000.0,
TXN-0005619,EMP-2833,2023-10-15,Compensation Change,Market Adjustment,Sales,Sales,Customer Success,Customer Success,IC4,IC4,143000.0,155000.0,
TXN-0005620,EMP-2834,2025-10-01,Hire,New Hire,,Product,,Product Operations,,IC3,,130000.0,
TXN-0005621,EMP-2834,2025-12-16,Transfer,Internal Transfer,Product,Legal,Product Operations,Employment Law,IC3,IC3,130000.0,130000.0,
TXN-0005622,EMP-2835,2018-11-19,Hire,New Hire,,Sales,,Enterprise Sales,,IC2,,86000.0,
TXN-0005623,EMP-2836,2023-02-10,Hire,New Hire,,Product,,Product Management,,M1,,147000.0,
TXN-0005624,EMP-2836,2023-04-21,Compensation Change,Market Adjustment,Product,Product,Product Management,Product Management,M1,M1,147000.0,164000.0,
TXN-0005625,EMP-2837,2020-01-30,Hire,New Hire,,HR,,People Operations,,IC1,,68000.0,
TXN-0005626,EMP-2837,2022-06-06,Promotion,Merit Promotion,HR,HR,People Operations,People Operations,IC1,IC2,68000.0,88000.0,
TXN-0005627,EMP-2837,2023-05-15,Promotion,Merit Promotion,HR,HR,People Operations,People Operations,IC2,IC3,88000.0,128000.0,
TXN-0005628,EMP-2838,2018-08-04,Hire,New Hire,,Finance,,Tax,,IC1,,75000.0,
TXN-0005629,EMP-2838,2025-11-09,Promotion,Merit Promotion,Finance,Finance,Tax,Tax,IC1,IC2,75000.0,95000.0,
TXN-0005630,EMP-2839,2023-07-20,Hire,New Hire,,Sales,,Enterprise Sales,,M2,,171000.0,
TXN-0005631,EMP-2839,2024-09-21,Transfer,Internal Transfer,Sales,Engineering,Enterprise Sales,Infrastructure / DevOps,M2,M2,171000.0,171000.0,
TXN-0005632,EMP-2840,2019-03-17,Hire,New Hire,,Sales,,Customer Success,,IC3,,121000.0,
TXN-0005633,EMP-2840,2025-08-31,Promotion,Merit Promotion,Sales,Sales,Customer Success,Customer Success,IC3,IC4,121000.0,139000.0,
TXN-0005634,EMP-2840,2025-12-14,Compensation Change,Market Adjustment,Sales,Sales,Customer Success,Customer Success,IC4,IC4,139000.0,143000.0,
TXN-0005635,EMP-2841,2021-12-12,Hire,New Hire,,Engineering,,Software Engineering,,IC1,,66000.0,
TXN-0005636,EMP-2842,2024-02-04,Hire,New Hire,,Finance,,Treasury,,M2,,199000.0,
TXN-0005637,EMP-2842,2024-05-16,Compensation Change,Merit Increase,Finance,Finance,Treasury,Treasury,M2,M2,199000.0,213000.0,
TXN-0005638,EMP-2842,2024-08-26,Compensation Change,Market Adjustment,Finance,Finance,Treasury,Treasury,M2,M2,213000.0,223000.0,
TXN-0005639,EMP-2843,2021-09-11,Hire,New Hire,,Engineering,,Security Engineering,,M1,,161000.0,
TXN-0005640,EMP-2843,2023-10-19,Compensation Change,Merit Increase,Engineering,Engineering,Security Engineering,Security Engineering,M1,M1,161000.0,168000.0,
TXN-0005641,EMP-2844,2018-06-27,Hire,New Hire,,Engineering,,Data Engineering,,IC2,,92000.0,
TXN-0005642,EMP-2844,2024-06-02,Compensation Change,Market Adjustment,Engineering,Engineering,Data Engineering,Data Engineering,IC2,IC2,92000.0,101000.0,
TXN-0005643,EMP-2844,2024-07-07,Termination,Compensation,,,,,,,,,Voluntary
TXN-0005644,EMP-2845,2019-05-28,Hire,New Hire,,Sales,,Enterprise Sales,,IC1,,65000.0,
TXN-0005645,EMP-2845,2020-07-22,Compensation Change,Merit Increase,Sales,Sales,Enterprise Sales,Enterprise Sales,IC1,IC1,65000.0,67000.0,
TXN-0005646,EMP-2846,2022-04-19,Hire,New Hire,,Legal,,Employment Law,,IC3,,110000.0,
TXN-0005647,EMP-2846,2026-05-09,Compensation Change,Market Adjustment,Legal,Legal,Employment Law,Employment Law,IC3,IC3,110000.0,123000.0,
TXN-0005648,EMP-2847,2022-04-26,Hire,New Hire,,Finance,,Accounting,,IC1,,64000.0,
TXN-0005649,EMP-2847,2024-05-07,Termination,Personal Reasons,,,,,,,,,Voluntary
TXN-0005650,EMP-2848,2020-04-25,Hire,New Hire,,Engineering,,Infrastructure / DevOps,,IC3,,120000.0,
TXN-0005651,EMP-2848,2021-06-26,Transfer,Internal Transfer,Engineering,Legal,Infrastructure / DevOps,Compliance,IC3,IC3,120000.0,120000.0,
TXN-0005652,EMP-2849,2019-04-17,Hire,New Hire,,Sales,,Customer Success,,M1,,155000.0,
TXN-0005653,EMP-2849,2023-09-07,Compensation Change,Merit Increase,Sales,Sales,Customer Success,Customer Success,M1,M1,155000.0,163000.0,
TXN-0005654,EMP-2850,2018-01-26,Hire,New Hire,,Sales,,Customer Success,,IC2,,104000.0,
TXN-0005655,EMP-2850,2018-12-26,Compensation Change,Merit Increase,Sales,Sales,Customer Success,Customer Success,IC2,IC2,104000.0,111000.0,
TXN-0005656,EMP-2850,2026-03-14,Transfer,Internal Transfer,Sales,HR,Customer Success,Talent Acquisition,IC2,IC2,111000.0,111000.0,
TXN-0005657,EMP-2850,2026-04-27,Termination,Performance,,,,,,,,,Involuntary
TXN-0005658,EMP-2851,2021-12-02,Hire,New Hire,,Engineering,,Software Engineering,,IC1,,73000.0,
TXN-0005659,EMP-2851,2024-06-08,Transfer,Internal Transfer,Engineering,Sales,Software Engineering,Revenue Operations,IC1,IC1,73000.0,73000.0,
TXN-0005660,EMP-2851,2025-04-18,Termination,Reorganization,,,,,,,,,Involuntary
TXN-0005661,EMP-2852,2022-08-24,Hire,New Hire,,Marketing,,Product Marketing,,IC4,,159000.0,
TXN-0005662,EMP-2852,2024-11-01,Compensation Change,Market Adjustment,Marketing,Marketing,Product Marketing,Product Marketing,IC4,IC4,159000.0,178000.0,
TXN-0005663,EMP-2852,2025-09-03,Termination,Career Move,,,,,,,,,Voluntary
TXN-0005664,EMP-2853,2018-11-29,Hire,New Hire,,HR,,Talent Acquisition,,IC1,,80000.0,
TXN-0005665,EMP-2853,2024-03-02,Transfer,Internal Transfer,HR,Legal,Talent Acquisition,Privacy & Data,IC1,IC1,80000.0,80000.0,
TXN-0005666,EMP-2854,2020-02-28,Hire,New Hire,,Engineering,,Data Engineering,,IC2,,95000.0,
TXN-0005667,EMP-2854,2026-01-25,Termination,Career Move,,,,,,,,,Voluntary
TXN-0005668,EMP-2855,2026-02-23,Hire,New Hire,,Legal,,Employment Law,,IC1,,65000.0,
TXN-0005669,EMP-2855,2026-06-22,Promotion,Merit Promotion,Legal,Legal,Employment Law,Employment Law,IC1,IC2,65000.0,88000.0,
TXN-0005670,EMP-2856,2018-04-06,Hire,New Hire,,Finance,,Treasury,,IC2,,101000.0,
TXN-0005671,EMP-2856,2023-07-14,Promotion,Merit Promotion,Finance,Finance,Treasury,Treasury,IC2,IC3,101000.0,130000.0,
TXN-0005672,EMP-2856,2023-09-07,Transfer,Internal Transfer,Finance,Product,Treasury,Product Management,IC3,IC3,130000.0,130000.0,
TXN-0005673,EMP-2856,2025-02-20,Termination,Performance,,,,,,,,,Involuntary
TXN-0005674,EMP-2857,2025-02-13,Hire,New Hire,,HR,,People Operations,,M2,,170000.0,
TXN-0005675,EMP-2857,2025-09-11,Compensation Change,Merit Increase,HR,HR,People Operations,People Operations,M2,M2,170000.0,182000.0,
TXN-0005676,EMP-2858,2019-05-14,Hire,New Hire,,Product,,UX / Design,,IC1,,72000.0,
TXN-0005677,EMP-2858,2020-10-10,Termination,Compensation,,,,,,,,,Voluntary
TXN-0005678,EMP-2859,2024-06-09,Hire,New Hire,,Engineering,,Security Engineering,,IC4,,146000.0,
TXN-0005679,EMP-2859,2025-09-04,Transfer,Internal Transfer,Engineering,Marketing,Security Engineering,Marketing Operations,IC4,IC4,146000.0,146000.0,
TXN-0005680,EMP-2859,2025-10-28,Transfer,Internal Transfer,Marketing,Product,Marketing Operations,Product Operations,IC4,IC4,146000.0,146000.0,
TXN-0005681,EMP-2859,2026-01-04,Termination,Compensation,,,,,,,,,Voluntary
TXN-0005682,EMP-2860,2020-06-15,Hire,New Hire,,Engineering,,Software Engineering,,IC2,,93000.0,
TXN-0005683,EMP-2860,2026-03-28,Compensation Change,Merit Increase,Engineering,Engineering,Software Engineering,Software Engineering,IC2,IC2,93000.0,97000.0,
TXN-0005684,EMP-2861,2024-12-21,Hire,New Hire,,Engineering,,Security Engineering,,IC2,,105000.0,
TXN-0005685,EMP-2862,2023-08-20,Hire,New Hire,,Sales,,Sales Development,,IC2,,103000.0,
TXN-0005686,EMP-2862,2024-12-12,Promotion,Merit Promotion,Sales,Sales,Sales Development,Sales Development,IC2,IC3,103000.0,115000.0,
TXN-0005687,EMP-2863,2021-09-25,Hire,New Hire,,Engineering,,Infrastructure / DevOps,,IC3,,135000.0,
TXN-0005688,EMP-2863,2023-01-10,Transfer,Internal Transfer,Engineering,Product,Infrastructure / DevOps,Product Operations,IC3,IC3,135000.0,135000.0,
TXN-0005689,EMP-2863,2024-12-10,Termination,Compensation,,,,,,,,,Voluntary
TXN-0005690,EMP-2864,2023-11-08,Hire,New Hire,,Engineering,,Software Engineering,,IC1,,66000.0,
TXN-0005691,EMP-2865,2021-06-17,Hire,New Hire,,Engineering,,Infrastructure / DevOps,,IC2,,96000.0,
TXN-0005692,EMP-2865,2025-12-25,Termination,Compensation,,,,,,,,,Voluntary
TXN-0005693,EMP-2866,2021-02-14,Hire,New Hire,,Product,,Product Operations,,IC1,,73000.0,
TXN-0005694,EMP-2866,2024-05-26,Transfer,Internal Transfer,Product,Sales,Product Operations,Revenue Operations,IC1,IC1,73000.0,73000.0,
TXN-0005695,EMP-2866,2025-02-08,Termination,Compensation,,,,,,,,,Voluntary
TXN-0005696,EMP-2867,2024-11-08,Hire,New Hire,,Engineering,,Software Engineering,,IC1,,67000.0,
TXN-0005697,EMP-2867,2024-12-31,Promotion,Merit Promotion,Engineering,Engineering,Software Engineering,Software Engineering,IC1,IC2,67000.0,103000.0,
TXN-0005698,EMP-2867,2025-03-20,Transfer,Internal Transfer,Engineering,Legal,Software Engineering,Compliance,IC2,IC2,103000.0,103000.0,
TXN-0005699,EMP-2868,2021-11-22,Hire,New Hire,,Sales,,Customer Success,,M2,,167000.0,
TXN-0005700,EMP-2868,2024-09-29,Compensation Change,Merit Increase,Sales,Sales,Customer Success,Customer Success,M2,M2,167000.0,185000.0,
TXN-0005701,EMP-2868,2025-04-11,Transfer,Internal Transfer,Sales,Marketing,Customer Success,Marketing Operations,M2,M2,185000.0,185000.0,
TXN-0005702,EMP-2869,2022-10-11,Hire,New Hire,,Sales,,Account Management,,IC3,,124000.0,
TXN-0005703,EMP-2869,2024-08-02,Compensation Change,Market Adjustment,Sales,Sales,Account Management,Account Management,IC3,IC3,124000.0,133000.0,
TXN-0005704,EMP-2869,2025-10-04,Promotion,Merit Promotion,Sales,Sales,Account Management,Account Management,IC3,IC4,133000.0,147000.0,
TXN-0005705,EMP-2870,2019-09-16,Hire,New Hire,,Sales,,Customer Success,,IC4,,142000.0,
TXN-0005706,EMP-2871,2021-11-03,Hire,New Hire,,Sales,,Customer Success,,M1,,156000.0,
TXN-0005707,EMP-2872,2023-05-19,Hire,New Hire,,Engineering,,Security Engineering,,IC5,,185000.0,
TXN-0005708,EMP-2873,2018-05-18,Hire,New Hire,,Sales,,Sales Development,,VP,,286000.0,
TXN-0005709,EMP-2873,2019-06-30,Transfer,Internal Transfer,Sales,Marketing,Sales Development,Marketing Operations,VP,VP,286000.0,286000.0,
TXN-0005710,EMP-2873,2021-07-28,Compensation Change,Market Adjustment,Marketing,Marketing,Marketing Operations,Marketing Operations,VP,VP,286000.0,312000.0,
TXN-0005711,EMP-2874,2023-04-02,Hire,New Hire,,Marketing,,Product Marketing,,IC5,,169000.0,
TXN-0005712,EMP-2874,2026-03-03,Compensation Change,Market Adjustment,Marketing,Marketing,Product Marketing,Product Marketing,IC5,IC5,169000.0,177000.0,
TXN-0005713,EMP-2874,2026-04-11,Compensation Change,Merit Increase,Marketing,Marketing,Product Marketing,Product Marketing,IC5,IC5,177000.0,183000.0,
TXN-0005714,EMP-2874,2026-06-05,Termination,Personal Reasons,,,,,,,,,Voluntary
TXN-0005715,EMP-2875,2024-12-25,Hire,New Hire,,Sales,,Sales Development,,IC2,,105000.0,
TXN-0005716,EMP-2875,2025-12-25,Compensation Change,Merit Increase,Sales,Sales,Sales Development,Sales Development,IC2,IC2,105000.0,116000.0,
TXN-0005717,EMP-2876,2019-12-07,Hire,New Hire,,Sales,,Sales Development,,IC3,,124000.0,
TXN-0005718,EMP-2876,2022-11-19,Transfer,Internal Transfer,Sales,Product,Sales Development,Product Management,IC3,IC3,124000.0,124000.0,
TXN-0005719,EMP-2877,2019-04-26,Hire,New Hire,,Engineering,,Software Engineering,,IC3,,114000.0,
TXN-0005720,EMP-2877,2023-07-22,Compensation Change,Market Adjustment,Engineering,Engineering,Software Engineering,Software Engineering,IC3,IC3,114000.0,118000.0,
TXN-0005721,EMP-2878,2020-10-14,Hire,New Hire,,Sales,,Sales Development,,M2,,197000.0,
TXN-0005722,EMP-2879,2019-04-26,Hire,New Hire,,Sales,,Revenue Operations,,IC3,,115000.0,
TXN-0005723,EMP-2879,2021-01-17,Promotion,Merit Promotion,Sales,Sales,Revenue Operations,Revenue Operations,IC3,IC4,115000.0,141000.0,
TXN-0005724,EMP-2879,2025-04-08,Termination,Personal Reasons,,,,,,,,,Voluntary
TXN-0005725,EMP-2880,2026-04-28,Hire,New Hire,,Engineering,,Security Engineering,,IC2,,100000.0,
TXN-0005726,EMP-2881,2023-07-04,Hire,New Hire,,HR,,HR Business Partnering,,IC1,,78000.0,
TXN-0005727,EMP-2881,2025-05-31,Compensation Change,Merit Increase,HR,HR,HR Business Partnering,HR Business Partnering,IC1,IC1,78000.0,85000.0,
TXN-0005728,EMP-2881,2025-12-03,Compensation Change,Market Adjustment,HR,HR,HR Business Partnering,HR Business Partnering,IC1,IC1,85000.0,89000.0,
TXN-0005729,EMP-2881,2026-06-24,Termination,Compensation,,,,,,,,,Voluntary
TXN-0005730,EMP-2882,2022-04-02,Hire,New Hire,,Legal,,Employment Law,,IC2,,89000.0,
TXN-0005731,EMP-2883,2023-01-25,Hire,New Hire,,Sales,,Account Management,,IC2,,99000.0,
TXN-0005732,EMP-2883,2025-09-29,Compensation Change,Merit Increase,Sales,Sales,Account Management,Account Management,IC2,IC2,99000.0,105000.0,
TXN-0005733,EMP-2883,2026-01-31,Transfer,Internal Transfer,Sales,Product,Account Management,Product Operations,IC2,IC2,105000.0,105000.0,
TXN-0005734,EMP-2883,2026-03-27,Termination,Performance,,,,,,,,,Involuntary
TXN-0005735,EMP-2884,2022-08-02,Hire,New Hire,,HR,,People Operations,,M2,,178000.0,
TXN-0005736,EMP-2885,2026-05-19,Hire,New Hire,,Sales,,Account Management,,IC5,,195000.0,
TXN-0005737,EMP-2886,2021-03-15,Hire,New Hire,,Engineering,,Security Engineering,,IC1,,70000.0,
TXN-0005738,EMP-2886,2025-01-26,Transfer,Internal Transfer,Engineering,Legal,Security Engineering,Privacy & Data,IC1,IC1,70000.0,70000.0,
TXN-0005739,EMP-2887,2024-08-14,Hire,New Hire,,Legal,,Privacy & Data,,VP,,281000.0,
TXN-0005740,EMP-2888,2024-01-20,Hire,New Hire,,Legal,,Corporate Legal,,IC3,,129000.0,
TXN-0005741,EMP-2888,2025-11-06,Transfer,Internal Transfer,Legal,Product,Corporate Legal,UX / Design,IC3,IC3,129000.0,129000.0,
TXN-0005742,EMP-2888,2026-03-09,Compensation Change,Market Adjustment,Product,Product,UX / Design,UX / Design,IC3,IC3,129000.0,142000.0,
TXN-0005743,EMP-2889,2022-05-13,Hire,New Hire,,Product,,UX / Design,,IC5,,188000.0,
TXN-0005744,EMP-2889,2023-05-24,Compensation Change,Merit Increase,Product,Product,UX / Design,UX / Design,IC5,IC5,188000.0,203000.0,
TXN-0005745,EMP-2890,2022-07-29,Hire,New Hire,,Engineering,,QA Engineering,,VP,,348000.0,
TXN-0005746,EMP-2890,2023-05-04,Compensation Change,Merit Increase,Engineering,Engineering,QA Engineering,QA Engineering,VP,VP,348000.0,360000.0,
TXN-0005747,EMP-2891,2022-03-21,Hire,New Hire,,Product,,Product Management,,Director,,275000.0,
TXN-0005748,EMP-2891,2023-10-10,Transfer,Internal Transfer,Product,Engineering,Product Management,Security Engineering,Director,Director,275000.0,275000.0,
TXN-0005749,EMP-2892,2023-10-26,Hire,New Hire,,Marketing,,Content Marketing,,IC1,,72000.0,
TXN-0005750,EMP-2892,2024-12-15,Promotion,Merit Promotion,Marketing,Marketing,Content Marketing,Content Marketing,IC1,IC2,72000.0,97000.0,
TXN-0005751,EMP-2892,2026-05-25,Transfer,Internal Transfer,Marketing,Legal,Content Marketing,Privacy & Data,IC2,IC2,97000.0,97000.0,
TXN-0005752,EMP-2892,2026-06-24,Termination,Compensation,,,,,,,,,Voluntary
TXN-0005753,EMP-2893,2020-02-20,Hire,New Hire,,Sales,,Account Management,,IC4,,144000.0,
TXN-0005754,EMP-2893,2022-03-12,Transfer,Internal Transfer,Sales,Engineering,Account Management,Infrastructure / DevOps,IC4,IC4,144000.0,144000.0,
TXN-0005755,EMP-2894,2019-07-29,Hire,New Hire,,HR,,HR Business Partnering,,IC2,,88000.0,
TXN-0005756,EMP-2894,2019-09-03,Compensation Change,Market Adjustment,HR,HR,HR Business Partnering,HR Business Partnering,IC2,IC2,88000.0,98000.0,
TXN-0005757,EMP-2895,2023-11-22,Hire,New Hire,,HR,,Talent Acquisition,,M1,,133000.0,
TXN-0005758,EMP-2895,2024-07-18,Compensation Change,Market Adjustment,HR,HR,Talent Acquisition,Talent Acquisition,M1,M1,133000.0,137000.0,
TXN-0005759,EMP-2896,2023-09-11,Hire,New Hire,,Marketing,,Brand,,M2,,199000.0,
TXN-0005760,EMP-2897,2023-06-22,Hire,New Hire,,Engineering,,Data Engineering,,IC1,,76000.0,
TXN-0005761,EMP-2897,2026-04-29,Compensation Change,Merit Increase,Engineering,Engineering,Data Engineering,Data Engineering,IC1,IC1,76000.0,84000.0,
TXN-0005762,EMP-2898,2020-07-05,Hire,New Hire,,Product,,Product Management,,VP,,352000.0,
TXN-0005763,EMP-2899,2021-05-01,Hire,New Hire,,Sales,,Sales Development,,IC2,,81000.0,
TXN-0005764,EMP-2900,2023-10-01,Hire,New Hire,,Sales,,Enterprise Sales,,M1,,136000.0,
TXN-0005765,EMP-2901,2026-05-18,Hire,New Hire,,Finance,,Treasury,,IC5,,170000.0,
TXN-0005766,EMP-2902,2019-03-06,Hire,New Hire,,Sales,,Account Management,,IC2,,84000.0,
TXN-0005767,EMP-2902,2021-09-10,Promotion,Merit Promotion,Sales,Sales,Account Management,Account Management,IC2,IC3,84000.0,126000.0,
TXN-0005768,EMP-2902,2022-03-06,Termination,Career Move,,,,,,,,,Voluntary
TXN-0005769,EMP-2903,2023-01-09,Hire,New Hire,,Engineering,,Software Engineering,,M1,,141000.0,
TXN-0005770,EMP-2904,2019-01-12,Hire,New Hire,,Engineering,,Software Engineering,,M1,,149000.0,
TXN-0005771,EMP-2905,2022-04-10,Hire,New Hire,,Product,,UX / Design,,IC1,,63000.0,
TXN-0005772,EMP-2905,2022-12-06,Promotion,Merit Promotion,Product,Product,UX / Design,UX / Design,IC1,IC2,63000.0,89000.0,
TXN-0005773,EMP-2905,2023-07-22,Compensation Change,Merit Increase,Product,Product,UX / Design,UX / Design,IC2,IC2,89000.0,92000.0,
TXN-0005774,EMP-2906,2025-05-22,Hire,New Hire,,Product,,Product Management,,IC3,,128000.0,
TXN-0005775,EMP-2907,2018-03-15,Hire,New Hire,,Engineering,,Software Engineering,,M1,,138000.0,
TXN-0005776,EMP-2907,2024-07-24,Compensation Change,Market Adjustment,Engineering,Engineering,Software Engineering,Software Engineering,M1,M1,138000.0,143000.0,
TXN-0005777,EMP-2907,2025-06-02,Termination,Personal Reasons,,,,,,,,,Voluntary
TXN-0005778,EMP-2908,2018-12-04,Hire,New Hire,,Marketing,,Content Marketing,,IC4,,155000.0,
TXN-0005779,EMP-2908,2019-05-31,Compensation Change,Merit Increase,Marketing,Marketing,Content Marketing,Content Marketing,IC4,IC4,155000.0,164000.0,
TXN-0005780,EMP-2909,2024-05-29,Hire,New Hire,,Engineering,,Infrastructure / DevOps,,M2,,165000.0,
TXN-0005781,EMP-2909,2025-06-22,Compensation Change,Market Adjustment,Engineering,Engineering,Infrastructure / DevOps,Infrastructure / DevOps,M2,M2,165000.0,184000.0,
TXN-0005782,EMP-2909,2025-08-04,Compensation Change,Merit Increase,Engineering,Engineering,Infrastructure / DevOps,Infrastructure / DevOps,M2,M2,184000.0,196000.0,
TXN-0005783,EMP-2910,2021-08-26,Hire,New Hire,,Engineering,,Software Engineering,,IC1,,61000.0,
TXN-0005784,EMP-2911,2022-01-27,Hire,New Hire,,Sales,,Account Management,,IC4,,155000.0,
TXN-0005785,EMP-2912,2022-12-21,Hire,New Hire,,Sales,,Sales Development,,M3,,202000.0,
TXN-0005786,EMP-2912,2024-09-11,Compensation Change,Merit Increase,Sales,Sales,Sales Development,Sales Development,M3,M3,202000.0,217000.0,
TXN-0005787,EMP-2913,2020-04-05,Hire,New Hire,,HR,,Total Rewards,,IC3,,122000.0,
TXN-0005788,EMP-2913,2022-11-01,Compensation Change,Market Adjustment,HR,HR,Total Rewards,Total Rewards,IC3,IC3,122000.0,128000.0,
TXN-0005789,EMP-2914,2020-04-01,Hire,New Hire,,Engineering,,Data Engineering,,IC3,,123000.0,
TXN-0005790,EMP-2915,2021-05-07,Hire,New Hire,,Sales,,Account Management,,IC1,,68000.0,
TXN-0005791,EMP-2915,2023-11-04,Transfer,Internal Transfer,Sales,Legal,Account Management,Corporate Legal,IC1,IC1,68000.0,68000.0,
TXN-0005792,EMP-2916,2018-03-14,Hire,New Hire,,Engineering,,Data Engineering,,VP,,338000.0,
TXN-0005793,EMP-2916,2024-01-04,Compensation Change,Market Adjustment,Engineering,Engineering,Data Engineering,Data Engineering,VP,VP,338000.0,370000.0,
TXN-0005794,EMP-2916,2025-03-06,Compensation Change,Merit Increase,Engineering,Engineering,Data Engineering,Data Engineering,VP,VP,370000.0,391000.0,
TXN-0005795,EMP-2916,2025-12-18,Termination,Compensation,,,,,,,,,Voluntary
TXN-0005796,EMP-2917,2024-09-14,Hire,New Hire,,Sales,,Account Management,,M2,,170000.0,
TXN-0005797,EMP-2918,2024-10-09,Hire,New Hire,,Product,,Product Management,,IC3,,117000.0,
TXN-0005798,EMP-2918,2024-12-11,Transfer,Internal Transfer,Product,HR,Product Management,Talent Acquisition,IC3,IC3,117000.0,117000.0,
TXN-0005799,EMP-2919,2019-10-24,Hire,New Hire,,Legal,,Privacy & Data,,IC2,,100000.0,
TXN-0005800,EMP-2919,2024-04-13,Termination,Compensation,,,,,,,,,Voluntary
TXN-0005801,EMP-2920,2019-08-19,Hire,New Hire,,Marketing,,Marketing Operations,,IC3,,124000.0,
TXN-0005802,EMP-2920,2024-06-23,Transfer,Internal Transfer,Marketing,Legal,Marketing Operations,Privacy & Data,IC3,IC3,124000.0,124000.0,
TXN-0005803,EMP-2920,2024-12-15,Termination,Reorganization,,,,,,,,,Involuntary
TXN-0005804,EMP-2921,2024-03-26,Hire,New Hire,,Sales,,Revenue Operations,,IC1,,62000.0,
TXN-0005805,EMP-2922,2022-03-23,Hire,New Hire,,Engineering,,QA Engineering,,IC2,,82000.0,
TXN-0005806,EMP-2922,2024-12-07,Promotion,Merit Promotion,Engineering,Engineering,QA Engineering,QA Engineering,IC2,IC3,82000.0,132000.0,
TXN-0005807,EMP-2922,2026-03-30,Compensation Change,Merit Increase,Engineering,Engineering,QA Engineering,QA Engineering,IC3,IC3,132000.0,140000.0,
TXN-0005808,EMP-2923,2022-01-28,Hire,New Hire,,Marketing,,Marketing Operations,,IC2,,89000.0,
TXN-0005809,EMP-2924,2018-03-17,Hire,New Hire,,Sales,,Revenue Operations,,IC3,,127000.0,
TXN-0005810,EMP-2924,2021-02-20,Promotion,Merit Promotion,Sales,Sales,Revenue Operations,Revenue Operations,IC3,IC4,127000.0,146000.0,
TXN-0005811,EMP-2924,2022-08-24,Termination,Compensation,,,,,,,,,Voluntary
TXN-0005812,EMP-2925,2019-01-16,Hire,New Hire,,Sales,,Account Management,,IC1,,79000.0,
TXN-0005813,EMP-2925,2024-12-21,Termination,Compensation,,,,,,,,,Voluntary
TXN-0005814,EMP-2926,2022-10-30,Hire,New Hire,,Engineering,,QA Engineering,,M2,,180000.0,
TXN-0005815,EMP-2927,2022-10-19,Hire,New Hire,,Sales,,Account Management,,IC2,,84000.0,
TXN-0005816,EMP-2928,2020-02-10,Hire,New Hire,,Legal,,Compliance,,IC1,,75000.0,
TXN-0005817,EMP-2929,2021-05-10,Hire,New Hire,,Marketing,,Demand Generation,,IC4,,147000.0,
TXN-0005818,EMP-2929,2023-12-15,Compensation Change,Market Adjustment,Marketing,Marketing,Demand Generation,Demand Generation,IC4,IC4,147000.0,156000.0,
TXN-0005819,EMP-2929,2025-08-03,Promotion,Merit Promotion,Marketing,Marketing,Demand Generation,Demand Generation,IC4,IC5,156000.0,164000.0,
TXN-0005820,EMP-2930,2020-04-16,Hire,New Hire,,Engineering,,Data Engineering,,M2,,191000.0,
TXN-0005821,EMP-2931,2024-02-03,Hire,New Hire,,HR,,HR Business Partnering,,M1,,158000.0,
TXN-0005822,EMP-2931,2024-07-21,Compensation Change,Market Adjustment,HR,HR,HR Business Partnering,HR Business Partnering,M1,M1,158000.0,174000.0,
TXN-0005823,EMP-2931,2025-06-07,Transfer,Internal Transfer,HR,Legal,HR Business Partnering,Privacy & Data,M1,M1,174000.0,174000.0,
TXN-0005824,EMP-2932,2022-03-21,Hire,New Hire,,Sales,,Enterprise Sales,,IC2,,92000.0,
TXN-0005825,EMP-2933,2021-12-16,Hire,New Hire,,Legal,,Corporate Legal,,IC1,,75000.0,
TXN-0005826,EMP-2934,2024-06-07,Hire,New Hire,,Finance,,Internal Audit,,IC3,,122000.0,
TXN-0005827,EMP-2934,2024-12-28,Transfer,Internal Transfer,Finance,Engineering,Internal Audit,Software Engineering,IC3,IC3,122000.0,122000.0,
TXN-0005828,EMP-2935,2021-10-03,Hire,New Hire,,Engineering,,Software Engineering,,M2,,174000.0,
TXN-0005829,EMP-2935,2022-11-17,Termination,Reorganization,,,,,,,,,Involuntary
TXN-0005830,EMP-2936,2021-10-13,Hire,New Hire,,Finance,,Internal Audit,,IC5,,164000.0,
TXN-0005831,EMP-2936,2024-10-30,Compensation Change,Merit Increase,Finance,Finance,Internal Audit,Internal Audit,IC5,IC5,164000.0,174000.0,
TXN-0005832,EMP-2937,2018-06-24,Hire,New Hire,,Legal,,Compliance,,M1,,137000.0,
TXN-0005833,EMP-2937,2024-08-18,Compensation Change,Market Adjustment,Legal,Legal,Compliance,Compliance,M1,M1,137000.0,142000.0,
TXN-0005834,EMP-2937,2025-12-02,Termination,Personal Reasons,,,,,,,,,Voluntary
TXN-0005835,EMP-2938,2022-07-04,Hire,New Hire,,Sales,,Customer Success,,M1,,135000.0,
TXN-0005836,EMP-2938,2022-08-29,Termination,Performance,,,,,,,,,Involuntary
TXN-0005837,EMP-2939,2024-06-28,Hire,New Hire,,Marketing,,Product Marketing,,Director,,222000.0,
TXN-0005838,EMP-2939,2025-07-19,Compensation Change,Market Adjustment,Marketing,Marketing,Product Marketing,Product Marketing,Director,Director,222000.0,234000.0,
TXN-0005839,EMP-2940,2019-04-22,Hire,New Hire,,Engineering,,QA Engineering,,IC2,,86000.0,
TXN-0005840,EMP-2940,2022-02-21,Promotion,Merit Promotion,Engineering,Engineering,QA Engineering,QA Engineering,IC2,IC3,86000.0,126000.0,
TXN-0005841,EMP-2941,2026-05-10,Hire,New Hire,,Product,,UX / Design,,M3,,217000.0,
TXN-0005842,EMP-2942,2024-04-25,Hire,New Hire,,Engineering,,Security Engineering,,IC2,,85000.0,
TXN-0005843,EMP-2943,2020-07-24,Hire,New Hire,,Engineering,,Security Engineering,,IC1,,75000.0,
TXN-0005844,EMP-2943,2021-02-04,Transfer,Internal Transfer,Engineering,Finance,Security Engineering,Tax,IC1,IC1,75000.0,75000.0,
TXN-0005845,EMP-2944,2020-12-23,Hire,New Hire,,Sales,,Account Management,,IC2,,97000.0,
TXN-0005846,EMP-2944,2025-11-09,Promotion,Merit Promotion,Sales,Sales,Account Management,Account Management,IC2,IC3,97000.0,133000.0,
TXN-0005847,EMP-2945,2022-12-24,Hire,New Hire,,Marketing,,Product Marketing,,IC1,,76000.0,
TXN-0005848,EMP-2946,2026-02-01,Hire,New Hire,,Legal,,Corporate Legal,,IC1,,72000.0,
TXN-0005849,EMP-2947,2026-05-28,Hire,New Hire,,Engineering,,Data Engineering,,M3,,218000.0,
TXN-0005850,EMP-2947,2026-06-28,Termination,Reorganization,,,,,,,,,Involuntary
TXN-0005851,EMP-2948,2020-02-29,Hire,New Hire,,Legal,,Compliance,,IC5,,163000.0,
TXN-0005852,EMP-2948,2021-11-05,Transfer,Internal Transfer,Legal,Engineering,Compliance,Software Engineering,IC5,IC5,163000.0,163000.0,
TXN-0005853,EMP-2948,2023-07-15,Transfer,Internal Transfer,Engineering,Product,Software Engineering,Product Management,IC5,IC5,163000.0,163000.0,
TXN-0005854,EMP-2949,2024-01-16,Hire,New Hire,,Finance,,Treasury,,Director,,273000.0,
TXN-0005855,EMP-2950,2021-11-30,Hire,New Hire,,Engineering,,Security Engineering,,IC4,,157000.0,
TXN-0005856,EMP-2950,2026-05-12,Transfer,Internal Transfer,Engineering,Marketing,Security Engineering,Brand,IC4,IC4,157000.0,157000.0,
TXN-0005857,EMP-2951,2020-08-05,Hire,New Hire,,Sales,,Revenue Operations,,IC1,,73000.0,
TXN-0005858,EMP-2951,2023-09-08,Promotion,Merit Promotion,Sales,Sales,Revenue Operations,Revenue Operations,IC1,IC2,73000.0,85000.0,
TXN-0005859,EMP-2951,2024-02-12,Promotion,Merit Promotion,Sales,Sales,Revenue Operations,Revenue Operations,IC2,IC3,85000.0,125000.0,
TXN-0005860,EMP-2952,2026-04-02,Hire,New Hire,,Marketing,,Demand Generation,,Director,,244000.0,
TXN-0005861,EMP-2952,2026-06-14,Termination,Reorganization,,,,,,,,,Involuntary
TXN-0005862,EMP-2953,2018-10-08,Hire,New Hire,,Sales,,Customer Success,,IC4,,152000.0,
TXN-0005863,EMP-2954,2026-01-10,Hire,New Hire,,Product,,Product Management,,M2,,184000.0,
TXN-0005864,EMP-2955,2024-02-11,Hire,New Hire,,HR,,People Operations,,IC5,,168000.0,
TXN-0005865,EMP-2955,2026-02-16,Compensation Change,Market Adjustment,HR,HR,People Operations,People Operations,IC5,IC5,168000.0,174000.0,
TXN-0005866,EMP-2956,2019-09-14,Hire,New Hire,,Finance,,Internal Audit,,IC2,,98000.0,
TXN-0005867,EMP-2957,2025-03-15,Hire,New Hire,,Engineering,,Infrastructure / DevOps,,IC3,,129000.0,
TXN-0005868,EMP-2957,2025-12-20,Transfer,Internal Transfer,Engineering,Marketing,Infrastructure / DevOps,Content Marketing,IC3,IC3,129000.0,129000.0,
TXN-0005869,EMP-2958,2025-09-29,Hire,New Hire,,Engineering,,Security Engineering,,IC1,,71000.0,
TXN-0005870,EMP-2958,2025-12-01,Compensation Change,Market Adjustment,Engineering,Engineering,Security Engineering,Security Engineering,IC1,IC1,71000.0,74000.0,
TXN-0005871,EMP-2959,2024-04-06,Hire,New Hire,,Sales,,Account Management,,IC2,,94000.0,
TXN-0005872,EMP-2960,2024-01-01,Hire,New Hire,,Product,,Product Management,,IC4,,136000.0,
TXN-0005873,EMP-2960,2025-11-28,Promotion,Merit Promotion,Product,Product,Product Management,Product Management,IC4,IC5,136000.0,178000.0,
TXN-0005874,EMP-2960,2026-04-28,Termination,Reorganization,,,,,,,,,Involuntary
TXN-0005875,EMP-2961,2022-07-12,Hire,New Hire,,Engineering,,Software Engineering,,IC1,,63000.0,
TXN-0005876,EMP-2962,2025-09-09,Hire,New Hire,,Finance,,Tax,,IC5,,179000.0,
TXN-0005877,EMP-2962,2026-05-10,Transfer,Internal Transfer,Finance,Engineering,Tax,Data Engineering,IC5,IC5,179000.0,179000.0,
TXN-0005878,EMP-2963,2022-12-25,Hire,New Hire,,Finance,,Internal Audit,,M3,,225000.0,
TXN-0005879,EMP-2963,2023-05-22,Compensation Change,Merit Increase,Finance,Finance,Internal Audit,Internal Audit,M3,M3,225000.0,250000.0,
TXN-0005880,EMP-2964,2025-04-01,Hire,New Hire,,Sales,,Customer Success,,M3,,204000.0,
TXN-0005881,EMP-2965,2024-08-13,Hire,New Hire,,Product,,Product Operations,,IC2,,98000.0,
TXN-0005882,EMP-2965,2026-06-21,Transfer,Internal Transfer,Product,Marketing,Product Operations,Product Marketing,IC2,IC2,98000.0,98000.0,
TXN-0005883,EMP-2966,2021-10-27,Hire,New Hire,,Sales,,Revenue Operations,,VP,,360000.0,
TXN-0005884,EMP-2966,2025-10-19,Termination,Compensation,,,,,,,,,Voluntary
TXN-0005885,EMP-2967,2018-05-01,Hire,New Hire,,Engineering,,Software Engineering,,Director,,261000.0,
TXN-0005886,EMP-2968,2019-09-09,Hire,New Hire,,Engineering,,Infrastructure / DevOps,,IC1,,78000.0,
TXN-0005887,EMP-2968,2021-07-19,Promotion,Merit Promotion,Engineering,Engineering,Infrastructure / DevOps,Infrastructure / DevOps,IC1,IC2,78000.0,94000.0,
TXN-0005888,EMP-2968,2025-11-15,Transfer,Internal Transfer,Engineering,HR,Infrastructure / DevOps,Learning & Development,IC2,IC2,94000.0,94000.0,
TXN-0005889,EMP-2969,2022-07-08,Hire,New Hire,,Engineering,,Data Engineering,,IC4,,140000.0,
TXN-0005890,EMP-2969,2025-04-15,Compensation Change,Merit Increase,Engineering,Engineering,Data Engineering,Data Engineering,IC4,IC4,140000.0,154000.0,
TXN-0005891,EMP-2970,2023-02-24,Hire,New Hire,,Legal,,Privacy & Data,,M2,,166000.0,
TXN-0005892,EMP-2970,2025-02-02,Compensation Change,Market Adjustment,Legal,Legal,Privacy & Data,Privacy & Data,M2,M2,166000.0,182000.0,
TXN-0005893,EMP-2971,2024-07-12,Hire,New Hire,,Finance,,Financial Planning & Analysis,,Director,,246000.0,
TXN-0005894,EMP-2971,2025-04-25,Compensation Change,Market Adjustment,Finance,Finance,Financial Planning & Analysis,Financial Planning & Analysis,Director,Director,246000.0,275000.0,
TXN-0005895,EMP-2972,2025-12-11,Hire,New Hire,,Sales,,Sales Development,,IC2,,97000.0,
TXN-0005896,EMP-2972,2026-05-19,Promotion,Merit Promotion,Sales,Sales,Sales Development,Sales Development,IC2,IC3,97000.0,112000.0,
TXN-0005897,EMP-2973,2023-05-27,Hire,New Hire,,Product,,Product Operations,,IC3,,120000.0,
TXN-0005898,EMP-2974,2020-08-15,Hire,New Hire,,Marketing,,Product Marketing,,M3,,203000.0,
TXN-0005899,EMP-2974,2025-08-20,Compensation Change,Merit Increase,Marketing,Marketing,Product Marketing,Product Marketing,M3,M3,203000.0,219000.0,
TXN-0005900,EMP-2975,2024-12-12,Hire,New Hire,,Sales,,Revenue Operations,,IC1,,61000.0,
TXN-0005901,EMP-2975,2026-02-14,Transfer,Internal Transfer,Sales,Engineering,Revenue Operations,Data Engineering,IC1,IC1,61000.0,61000.0,
TXN-0005902,EMP-2976,2023-10-19,Hire,New Hire,,Sales,,Sales Development,,IC5,,182000.0,
TXN-0005903,EMP-2977,2019-03-21,Hire,New Hire,,HR,,Talent Acquisition,,IC2,,104000.0,
TXN-0005904,EMP-2977,2019-04-30,Promotion,Merit Promotion,HR,HR,Talent Acquisition,Talent Acquisition,IC2,IC3,104000.0,129000.0,
TXN-0005905,EMP-2978,2026-02-22,Hire,New Hire,,Engineering,,Software Engineering,,VP,,310000.0,
TXN-0005906,EMP-2978,2026-06-02,Compensation Change,Market Adjustment,Engineering,Engineering,Software Engineering,Software Engineering,VP,VP,310000.0,334000.0,
TXN-0005907,EMP-2979,2019-05-08,Hire,New Hire,,Engineering,,Software Engineering,,IC1,,70000.0,
TXN-0005908,EMP-2979,2019-06-19,Compensation Change,Merit Increase,Engineering,Engineering,Software Engineering,Software Engineering,IC1,IC1,70000.0,77000.0,
TXN-0005909,EMP-2980,2020-04-26,Hire,New Hire,,Engineering,,Software Engineering,,M2,,173000.0,
TXN-0005910,EMP-2980,2023-08-30,Compensation Change,Merit Increase,Engineering,Engineering,Software Engineering,Software Engineering,M2,M2,173000.0,192000.0,
TXN-0005911,EMP-2981,2022-07-11,Hire,New Hire,,Legal,,Compliance,,IC1,,69000.0,
TXN-0005912,EMP-2981,2023-01-02,Termination,Reorganization,,,,,,,,,Involuntary
TXN-0005913,EMP-2982,2025-07-05,Hire,New Hire,,Engineering,,Software Engineering,,IC4,,155000.0,
TXN-0005914,EMP-2983,2026-01-16,Hire,New Hire,,HR,,Total Rewards,,IC4,,138000.0,
TXN-0005915,EMP-2983,2026-05-23,Compensation Change,Merit Increase,HR,HR,Total Rewards,Total Rewards,IC4,IC4,138000.0,147000.0,
TXN-0005916,EMP-2984,2020-03-04,Hire,New Hire,,Product,,Product Management,,M2,,180000.0,
TXN-0005917,EMP-2985,2024-09-26,Hire,New Hire,,Product,,UX / Design,,IC3,,126000.0,
TXN-0005918,EMP-2985,2025-11-26,Compensation Change,Market Adjustment,Product,Product,UX / Design,UX / Design,IC3,IC3,126000.0,141000.0,
TXN-0005919,EMP-2986,2022-01-22,Hire,New Hire,,Marketing,,Brand,,IC2,,90000.0,
TXN-0005920,EMP-2986,2024-06-25,Promotion,Merit Promotion,Marketing,Marketing,Brand,Brand,IC2,IC3,90000.0,111000.0,
TXN-0005921,EMP-2986,2026-01-13,Transfer,Internal Transfer,Marketing,Legal,Brand,Compliance,IC3,IC3,111000.0,111000.0,
TXN-0005922,EMP-2987,2022-11-18,Hire,New Hire,,Product,,Product Operations,,IC2,,90000.0,
TXN-0005923,EMP-2987,2023-08-11,Transfer,Internal Transfer,Product,HR,Product Operations,Learning & Development,IC2,IC2,90000.0,90000.0,
TXN-0005924,EMP-2987,2025-04-22,Promotion,Merit Promotion,HR,HR,Learning & Development,Learning & Development,IC2,IC3,90000.0,124000.0,
TXN-0005925,EMP-2988,2020-07-02,Hire,New Hire,,Sales,,Enterprise Sales,,IC1,,71000.0,
TXN-0005926,EMP-2988,2023-04-15,Compensation Change,Merit Increase,Sales,Sales,Enterprise Sales,Enterprise Sales,IC1,IC1,71000.0,77000.0,
TXN-0005927,EMP-2988,2024-07-14,Termination,Reorganization,,,,,,,,,Involuntary
TXN-0005928,EMP-2989,2021-04-20,Hire,New Hire,,HR,,HR Business Partnering,,IC2,,104000.0,
TXN-0005929,EMP-2990,2021-08-18,Hire,New Hire,,Engineering,,QA Engineering,,IC1,,77000.0,
TXN-0005930,EMP-2990,2023-08-19,Transfer,Internal Transfer,Engineering,Marketing,QA Engineering,Product Marketing,IC1,IC1,77000.0,77000.0,
TXN-0005931,EMP-2991,2022-04-12,Hire,New Hire,,Sales,,Sales Development,,IC1,,79000.0,
TXN-0005932,EMP-2991,2022-10-09,Compensation Change,Merit Increase,Sales,Sales,Sales Development,Sales Development,IC1,IC1,79000.0,84000.0,
TXN-0005933,EMP-2992,2020-08-25,Hire,New Hire,,Product,,UX / Design,,IC2,,92000.0,
TXN-0005934,EMP-2992,2022-12-29,Compensation Change,Merit Increase,Product,Product,UX / Design,UX / Design,IC2,IC2,92000.0,101000.0,
TXN-0005935,EMP-2993,2024-09-29,Hire,New Hire,,Finance,,Treasury,,IC5,,177000.0,
TXN-0005936,EMP-2994,2019-04-30,Hire,New Hire,,Engineering,,Data Engineering,,Director,,222000.0,
TXN-0005937,EMP-2994,2025-06-11,Compensation Change,Market Adjustment,Engineering,Engineering,Data Engineering,Data Engineering,Director,Director,222000.0,246000.0,
TXN-0005938,EMP-2994,2025-12-10,Compensation Change,Merit Increase,Engineering,Engineering,Data Engineering,Data Engineering,Director,Director,246000.0,274000.0,
TXN-0005939,EMP-2995,2024-08-05,Hire,New Hire,,Engineering,,Security Engineering,,M2,,179000.0,
TXN-0005940,EMP-2995,2025-06-07,Compensation Change,Market Adjustment,Engineering,Engineering,Security Engineering,Security Engineering,M2,M2,179000.0,193000.0,
TXN-0005941,EMP-2996,2018-02-03,Hire,New Hire,,Sales,,Customer Success,,IC3,,128000.0,
TXN-0005942,EMP-2996,2021-07-03,Promotion,Merit Promotion,Sales,Sales,Customer Success,Customer Success,IC3,IC4,128000.0,152000.0,
TXN-0005943,EMP-2996,2023-05-26,Compensation Change,Market Adjustment,Sales,Sales,Customer Success,Customer Success,IC4,IC4,152000.0,167000.0,
TXN-0005944,EMP-2997,2025-09-14,Hire,New Hire,,Marketing,,Brand,,IC2,,100000.0,
TXN-0005945,EMP-2997,2026-04-17,Transfer,Internal Transfer,Marketing,Product,Brand,Product Operations,IC2,IC2,100000.0,100000.0,
TXN-0005946,EMP-2998,2018-09-19,Hire,New Hire,,Engineering,,Software Engineering,,IC3,,123000.0,
TXN-0005947,EMP-2998,2019-05-31,Transfer,Internal Transfer,Engineering,Sales,Software Engineering,Customer Success,IC3,IC3,123000.0,123000.0,
TXN-0005948,EMP-2998,2022-04-29,Termination,Career Move,,,,,,,,,Voluntary
TXN-0005949,EMP-2999,2020-09-06,Hire,New Hire,,Engineering,,Security Engineering,,IC1,,71000.0,
TXN-0005950,EMP-3000,2024-09-16,Hire,New Hire,,Engineering,,Infrastructure / DevOps,,IC3,,126000.0,
TXN-0005951,EMP-3000,2026-03-06,Transfer,Internal Transfer,Engineering,Sales,Infrastructure / DevOps,Revenue Operations,IC3,IC3,126000.0,126000.0,
TXN-0005952,EMP-3000,2026-06-17,Termination,Performance,,,,,,,,,Involuntary
